#{"t_start": 1756069977.9983716, "env_id": "None"}
r,l,t
-521.8318,106,1.372265
-511.78867,87,1.496062
-273.21854,116,1.679189
-252.38719,154,1.915216
-109.44661,94,2.064623
-69.85777,90,2.195286
-25.903275,412,2.85529
-470.39957,206,3.141649
-386.3804,180,3.401497
-314.02176,242,3.755529
-575.9075,127,3.954324
-398.69644,105,4.097034
-528.68665,102,4.246486
-323.69153,98,4.389052
-488.96967,114,4.547286
-535.53174,112,4.717054
-429.5181,68,4.813365
-600.8485,116,5.00256
-614.4459,140,5.197191
-426.6972,168,5.427784
-668.5686,127,5.599732
-267.92654,120,5.772459
-332.43756,95,5.90405
-285.89246,105,6.120516
-510.0903,182,6.384321
-372.06647,193,6.679875
-132.75662,182,6.971394
-501.6131,225,7.352256
-125.25664,1000,9.02953
-142.59917,1000,10.644053
-137.28204,1000,12.150398
-405.788,155,12.370955
-480.7293,1000,13.90005
-141.10912,1000,15.389409
-618.6142,331,15.945472
-152.07954,1000,17.54216
-133.2799,1000,18.978769
-627.9975,146,19.164726
-178.31801,1000,20.557921
-188.18323,1000,21.930512
-132.01108,1000,23.283302
-147.45242,1000,24.765718
-530.9528,232,25.100283
-136.45726,1000,26.573249
-127.14476,1000,27.855265
-133.89651,1000,29.29689
-116.85046,1000,30.634195
-678.05994,150,32.556473
-130.10442,1000,33.973877
-462.8942,212,34.277366
-168.06651,1000,35.716303
-204.50311,1000,37.101654
-154.87479,1000,38.458335
-368.40402,156,38.686342
-69.02955,1000,40.058958
-128.43932,1000,41.480344
-551.2921,212,41.833352
-147.09465,1000,43.501351
-255.3894,492,44.310151
-230.76523,530,45.16645
-194.74072,487,45.938666
-104.321075,1000,47.539329
-105.7505,1000,49.150317
-103.74697,1000,50.647788
-82.87217,1000,51.983424
-65.37605,1000,53.350827
-107.87425,1000,54.785321
-110.47504,1000,56.40704
-168.49736,1000,58.037472
-497.1879,266,58.436697
-220.24188,1000,60.028105
-153.97003,1000,61.658192
-214.38692,1000,63.761857
-153.70007,1000,65.45427
-100.61874,1000,67.01234
-139.98926,1000,68.631447
-293.84546,153,68.898989
-84.51106,1000,70.513809
-92.95367,1000,72.116666
-119.375465,1000,73.889998
-138.08842,1000,75.359687
-162.13028,1000,76.818896
-112.582596,1000,78.503372
-137.81573,1000,80.144858
-123.352325,1000,81.773488
-152.913,1000,83.247212
-134.76074,1000,84.830343
-99.33308,1000,86.429576
-58.2973,1000,88.230936
-129.61252,1000,89.964591
-142.6052,1000,91.496737
-88.59123,1000,92.949533
-125.7537,1000,94.449764
-515.5601,325,94.917532
-108.641655,1000,98.454874
-119.49188,1000,99.997118
-588.93555,276,100.458526
-69.46136,1000,102.002277
-223.12694,150,102.218153
-156.61382,1000,107.318398
-416.0988,204,107.988834
-148.51936,1000,112.286634
-90.779236,1000,116.65707
-124.258995,1000,120.688795
-141.66101,1000,124.16701
-243.81186,1000,126.601071
-569.3637,201,127.028155
-247.5697,1000,130.902441
-160.92094,1000,134.789356
-89.3743,1000,139.939986
-164.89346,1000,142.956405
-89.49075,1000,150.754766
-387.40454,193,151.070868
-115.850525,1000,156.437904
-380.5558,150,156.696984
-379.20068,143,157.462291
-564.9845,178,157.788538
-285.9043,151,158.172254
-114.98584,1000,161.182373
-555.9116,159,161.9093
-151.34848,1000,170.743817
-102.47735,1000,177.178663
-519.2328,161,178.627642
-117.72658,1000,186.501798
-61.890766,1000,192.255423
-89.309074,1000,195.129576
-372.59262,147,195.833984
-20.767174,1000,201.606327
-273.5763,369,202.90404
-72.77707,1000,211.058962
-72.36654,1000,218.029324
-474.00507,158,218.88652
-464.7955,177,220.704876
-84.69904,1000,226.201578
-108.950226,1000,231.502788
-95.68192,1000,234.505902
-139.18738,1000,239.147276
-53.45464,1000,244.416089
-94.75217,1000,252.480047
-135.96983,1000,258.800061
-474.21786,149,259.010693
-71.821785,1000,266.477088
-45.542732,1000,273.503803
-124.13182,1000,276.185072
-297.5962,215,277.063196
-127.40605,1000,280.169882
-250.32529,735,286.065859
-228.72968,426,287.749511
-146.7834,330,289.554241
-595.0071,281,291.924436
-142.83044,310,295.167189
-96.63094,262,295.963709
-102.98113,276,299.284654
-119.05298,328,301.588293
-339.03625,249,303.843771
-109.81151,289,305.247188
-141.66946,440,308.383815
-100.402725,484,309.998976
-180.10907,678,311.831477
-137.78644,392,312.744423
-158.5364,318,313.711345
-530.0815,177,314.303598
-138.51581,391,316.767859
-166.77573,430,319.423974
-58.696526,297,320.022153
-135.54471,389,322.795436
-102.97742,230,324.352602
-144.24472,373,326.548615
-125.26707,408,328.128895
37.208958,1000,334.569983
-137.19403,511,336.252092
-112.25824,209,339.278928
-114.86907,183,340.447951
-160.17603,258,341.588063
-100.835236,217,342.077846
-113.012474,214,344.017438
-141.32008,275,345.173716
-148.45442,283,345.659586
-113.00175,298,346.863036
-133.89139,610,348.103832
-152.33026,476,349.132621
-182.91397,662,350.420905
-79.5646,1000,358.925788
-93.02604,1000,366.210797
-111.4927,1000,371.060892
-209.7258,779,376.658261
-139.77185,476,379.08161
-211.58496,823,384.478382
-125.26077,1000,387.863865
-130.8729,1000,394.069584
-146.4479,1000,398.126623
-143.40004,1000,405.723572
-99.84238,1000,413.797488
-148.84538,1000,417.320191
-170.96858,1000,419.568825
-178.83221,392,420.316355
-234.93889,693,426.879362
-213.63582,444,430.068125
-247.51268,607,432.93404
-115.225624,1000,440.831707
-183.12689,682,445.636161
-87.36349,1000,451.422666
-73.05326,1000,463.221596
-88.61705,1000,467.61378
-176.69402,792,470.330159
-202.18225,819,472.075141
-118.74488,1000,473.762104
-180.76186,631,474.769584
-232.23709,851,476.099757
-184.62079,1000,477.765771
-134.21829,332,478.357424
-184.92831,341,478.855781
-180.21555,377,479.488966
-144.83858,1000,481.076668
-152.31607,1000,482.570967
-145.93333,1000,483.989763
-228.56795,473,486.055091
-154.06812,366,486.524033
-101.067314,1000,487.803941
-134.1532,1000,489.109972
-56.710842,1000,490.442698
-107.3483,1000,491.895201
-37.288937,1000,493.359008
-125.94328,1000,494.911854
-70.11898,1000,496.583246
-123.70555,1000,498.103132
-65.13606,403,498.686412
-140.80495,596,499.591236
-251.48306,888,501.324868
-180.69461,740,502.983051
-22.798685,1000,505.484863
-107.44556,1000,506.926671
-64.173195,1000,508.349455
-154.01505,911,509.756502
-1.3222685,1000,511.116594
99.4521,556,511.868764
131.46391,919,513.156394
50.20001,1000,514.60715
132.97855,663,515.488559
31.890898,1000,518.308733
-49.971874,301,518.832212
-94.64595,326,519.450532
143.11517,685,520.437352
-70.97727,312,520.939765
-6.5150943,1000,522.559015
32.874554,1000,524.028457
170.36096,479,524.977607
38.91638,1000,526.479461
58.508358,1000,527.911381
-81.94078,1000,529.312704
-74.03887,1000,530.660661
76.45328,1000,532.44896
21.49904,1000,533.957519
85.49673,945,535.285992
77.47711,1000,536.679814
25.015463,1000,538.170545
173.98358,570,538.919495
35.10163,1000,540.390306
65.54775,1000,541.807981
109.115425,581,542.778142
101.54929,525,543.505429
131.4914,719,544.528251
186.3965,612,545.699201
187.41467,679,546.786764
90.53619,1000,550.247379
-126.17413,984,551.647875
-6.1876287,1000,553.031886
-77.55424,1000,554.451138
-129.97534,1000,555.792162
-83.14669,1000,557.198356
-104.57068,190,557.452874
-162.83672,353,557.933516
-166.6226,1000,559.255406
-146.77676,1000,560.601838
-107.0334,1000,561.962214
-163.76663,1000,563.443482
-311.10742,646,564.408382
-221.3448,259,564.786304
-244.89719,294,565.203636
-266.49414,503,565.918862
-268.0783,415,566.593066
-270.73315,570,567.43373
-201.39706,1000,568.898616
-141.57387,1000,570.295033
-141.71654,1000,571.72615
-177.96935,1000,573.348607
-244.90685,1000,574.938464
-189.4012,1000,576.493064
-187.99806,1000,578.169872
-190.92914,1000,581.862202
-122.59853,1000,583.282264
-116.41682,1000,584.815357
-109.74333,1000,586.3126
-152.04915,1000,588.048971
-125.97682,1000,589.409655
-109.77829,1000,590.842034
-66.48859,1000,592.200533
-112.85575,1000,593.519266
-128.41476,1000,594.785986
-47.55376,1000,596.420286
-56.018715,1000,597.765586
-19.596498,1000,599.191749
-93.2174,1000,600.743759
-41.177467,1000,602.439066
-52.3681,1000,604.095226
-31.628513,1000,605.723401
-30.520565,1000,607.666203
-40.033104,1000,609.259033
-33.232758,1000,610.852867
-52.837486,1000,614.556468
-85.75461,1000,616.154468
-60.621555,1000,617.843062
-2.2980883,1000,619.35785
-55.567543,1000,620.939991
-71.54733,1000,622.56985
-50.586147,227,622.953443
-73.8699,1000,624.503869
-37.123627,1000,626.002895
-134.2283,494,626.730733
-71.22898,1000,628.204585
-91.39831,1000,629.743032
-128.51086,457,630.370169
-173.59216,728,631.545694
-61.24642,1000,633.157965
-114.34972,1000,634.654752
-150.77579,327,635.125994
-139.392,171,635.360241
-192.67107,156,635.577991
-186.76877,1000,637.009331
-183.11896,608,637.881415
-69.81331,1000,639.4153
-236.01053,1000,640.934139
-159.31555,402,641.646699
-239.28735,411,642.470766
-161.9871,1000,644.129945
-133.1429,255,644.609612
-155.15984,1000,648.828041
-102.974594,1000,652.979186
-149.41347,1000,657.724839
-111.46928,1000,662.929199
-115.31998,1000,666.912243
-111.4549,1000,669.818102
-133.0193,1000,672.472279
-69.38434,1000,677.259605
-86.01673,1000,682.779547
-129.77377,449,685.739743
-152.78577,1000,688.876001
-208.39868,1000,693.23699
-203.97586,1000,695.770765
-246.55748,1000,698.359627
-149.47165,486,701.785189
-269.8164,876,707.015844
-192.28139,1000,711.106737
-272.91498,720,715.015321
-138.12039,391,715.981343
-252.8383,1000,724.607557
-236.45793,1000,730.52594
-111.6381,1000,734.004006
-21.498686,1000,740.490404
-486.47836,266,741.315587
-121.01164,1000,750.135506
-116.13295,1000,757.635432
-145.75406,722,762.273324
-96.65582,1000,766.819782
-63.99271,460,767.866614
-176.19673,1000,772.434307
-139.26941,1000,782.712801
100.22128,696,787.573756
-123.21014,303,790.154593
-69.23465,186,790.705293
-208.00537,1000,798.657158
-323.83188,997,807.187979
-268.0193,163,807.777392
-56.416096,545,809.709674
-245.70802,789,812.589385
-166.42119,1000,819.786351
-40.68349,1000,825.763399
-211.35558,603,829.836507
-217.73544,435,834.095603
-157.83748,567,839.042841
-341.71017,205,839.358572
-152.9488,446,842.897182
-248.6657,268,845.497185
-387.5719,146,846.772851
-272.63568,177,847.48122
-515.97375,180,847.734532
-356.86133,154,850.314192
-845.9389,141,850.798309
-702.3064,86,851.49051
-360.61804,95,851.620034
-647.72406,72,851.71479
-812.0736,131,852.184636
-736.80054,117,852.590183
-595.1587,126,852.775429
-541.17505,117,853.226875
-82.40828,143,853.435912
-508.45474,170,854.240373
-119.43652,246,855.066079
-148.65033,198,855.634378
-542.42145,372,856.702325
-209.0813,375,857.522593
-186.82686,502,860.24246
-210.14673,756,866.35912
-177.0544,239,866.698171
-139.9209,312,869.832813
-139.16013,212,870.986908
-156.83734,682,874.941165
-141.33073,437,876.426284
8.700276,1000,884.053341
-160.51227,189,885.118432
-161.68823,162,885.353268
-170.30663,232,887.056903
-85.14277,183,887.368004
-158.33687,279,888.184032
-101.25474,147,888.916984
-138.84729,286,889.568853
-136.4191,172,890.454279
-143.03906,156,890.732383
-158.58415,359,891.878699
-155.48343,469,893.480548
-137.33913,433,897.480401
-144.22176,259,899.739156
-109.67971,212,901.321969
-16.090874,116,901.602738
-42.54528,194,902.166851
-103.772575,189,904.919097
-65.437035,237,906.784955
-28.421944,197,907.600271
-17.380966,274,910.482674
-49.31237,95,911.077593
-1.9536667,99,911.226586
-48.255116,98,911.368343
21.71495,231,912.500778
-5.582672,288,914.462687
28.972342,1000,922.449966
1.3598022,134,922.63788
-14.831436,164,923.442281
-65.547844,723,928.737887
-69.11751,84,930.274289
-85.9704,87,930.870237
29.153198,138,931.440054
175.0098,454,932.376662
-66.91924,322,933.215429
-153.49744,185,933.558724
-113.39213,282,934.39987
-139.92918,120,934.885667
-132.17166,571,936.270366
-158.5897,224,937.169318
-149.72798,345,938.680315
-152.48837,167,940.729941
-124.64897,152,941.642856
-149.1282,185,942.40582
-161.85516,357,944.547843
-117.080154,202,946.742196
-118.269615,554,949.681724
-98.35432,195,950.309295
-132.0867,361,952.30167
-172.45209,467,954.875844
-123.798546,205,957.268116
-159.29823,254,958.569515
-124.413414,171,960.319969
-174.03976,290,961.656953
-139.44257,259,962.922793
-162.73,300,964.473079
-150.64711,595,966.934394
-149.5706,608,969.295983
-220.4974,608,971.125754
-191.36722,405,973.410454
-121.1226,227,974.527417
-151.99982,790,978.640192
-161.85872,488,980.185233
-140.9435,330,982.965661
-222.9088,969,989.540504
-92.800705,1000,996.200796
-174.78357,538,1000.194213
-77.05876,1000,1003.430231
-42.411198,1000,1005.949932
-93.78318,1000,1007.41702
26.344408,1000,1008.860756
-166.37979,833,1010.032592
-78.213394,1000,1011.416584
-45.102726,1000,1012.921011
-130.86867,601,1013.79864
-144.98636,791,1014.928337
-64.92506,281,1015.32112
154.25311,503,1015.986457
-232.88013,992,1017.529414
-145.59378,693,1018.584525
69.999626,1000,1020.008518
-60.04825,549,1020.80606
-103.60398,376,1021.352926
169.7373,425,1022.107906
188.77481,295,1022.602778
66.12865,1000,1024.064413
100.76876,1000,1025.399865
147.26674,432,1027.202126
116.49062,1000,1028.592813
163.9792,330,1029.028236
-41.81388,449,1029.726596
47.59811,1000,1031.215469
120.54294,1000,1032.683672
-142.22154,583,1033.495296
-46.33245,216,1033.8453
1.0050964,174,1034.109474
-99.48087,212,1034.417554
-58.72483,208,1034.69872
84.01157,1000,1036.162632
130.40224,1000,1037.665414
187.75441,267,1038.083675
187.00131,412,1038.694909
-0.94693756,239,1039.061323
-10.533272,210,1039.376138
8.141632,116,1039.540632
50.787384,175,1039.826051
134.65646,1000,1041.359136
135.05223,1000,1042.838166
-130.61798,240,1043.222878
-20.99878,1000,1044.701792
245.1786,601,1045.540405
-47.45532,119,1045.734539
-33.337997,282,1046.128158
102.21982,419,1046.736581
216.34688,260,1047.097229
-4.479782,159,1047.314111
136.9612,1000,1048.691219
-11.377754,123,1048.856962
-28.158081,116,1049.020245
-60.48784,150,1049.22492
242.37709,232,1049.528359
7.230438,142,1049.717281
60.988113,154,1049.913164
-36.441845,124,1050.07455
-17.619682,238,1050.393122
198.53383,343,1050.855663
78.58339,179,1051.132921
39.364685,153,1051.387057
136.885,1000,1052.791891
-0.72036743,187,1053.040424
-6.0696716,156,1053.24865
165.96402,264,1053.593208
-49.103775,95,1053.722021
13.214989,129,1053.919039
-63.095936,226,1054.238117
3.3692856,127,1054.428573
-41.01773,91,1054.564428
-33.468056,93,1054.690592
23.17067,142,1054.889568
15.306389,94,1055.020133
3.648079,142,1055.21353
41.666428,155,1055.429844
-17.411507,94,1055.558512
-52.79905,101,1055.696353
238.29286,214,1056.306803
-21.882996,254,1056.638702
-66.15893,235,1056.947879
-59.923904,101,1057.075298
-58.59961,205,1057.351289
-26.00029,254,1057.677854
-21.007996,222,1057.962485
-39.44117,1000,1059.560182
-53.349678,97,1059.706419
-28.645622,87,1059.872142
16.709747,163,1060.122997
-10.026634,84,1060.261369
-66.75828,293,1060.681184
35.52751,156,1060.933367
-52.941887,87,1061.045027
-8.417358,108,1061.18541
-46.565178,103,1061.33065
-25.22644,88,1061.44712
-28.671883,64,1061.535066
-57.929836,101,1061.683394
192.89755,317,1062.123183
-72.01247,315,1062.577692
-125.03163,448,1063.164342
17.482239,134,1063.343828
177.44571,318,1063.756695
196.94376,521,1064.423676
-140.58961,270,1064.764662
-137.81769,250,1065.100944
-15.937828,122,1065.282171
-174.20474,501,1066.036132
-124.20597,208,1066.362534
-122.814445,222,1066.677717
210.604,191,1066.928313
-150.70813,384,1067.410375
-50.11556,105,1067.546003
-33.00531,124,1067.703677
219.63062,220,1067.977946
-145.30573,343,1068.415845
-65.58557,1000,1069.768217
199.94202,379,1070.256903
-29.19049,97,1070.378461
108.67757,1000,1071.626415
80.08224,1000,1072.877687
-42.154335,103,1073.0495
110.761925,1000,1074.416337
111.29935,1000,1075.898089
-149.55714,1000,1077.301687
-32.15236,114,1077.460224
-112.98123,371,1077.992304
73.31625,1000,1079.464761
136.03967,841,1080.591358
-19.556547,1000,1081.973197
-124.450356,437,1082.553923
-124.15947,397,1083.098427
-10.490608,125,1083.266904
252.60986,213,1083.576578
187.93762,274,1084.865012
-216.97205,864,1085.94923
-184.63843,670,1086.78603
-416.57025,161,1087.011839
210.36786,697,1087.99005
-120.92732,269,1088.3697
-169.20992,1000,1089.811033
-140.53891,202,1090.091746
-30.105331,94,1090.226803
-253.24408,680,1091.169312
-172.23334,299,1091.582732
-184.31688,225,1091.885238
160.7356,601,1092.704523
-199.44623,1000,1094.034945
-34.647537,206,1094.331827
-160.92546,438,1094.961807
-28.651196,1000,1096.409354
-181.91083,564,1097.222982
-106.5193,1000,1098.659211
-23.765373,107,1098.810377
-118.13751,293,1099.240869
-19.363419,77,1099.352698
-53.253796,126,1099.531627
-158.4741,219,1099.826722
-210.31189,532,1100.597858
-299.95697,892,1101.831315
-69.91228,146,1102.025147
-223.3102,564,1102.832641
-4.9787827,172,1103.060277
-82.06994,1000,1104.385288
-82.168495,348,1104.857639
-279.92038,687,1105.775944
-128.91519,175,1105.998198
-75.05383,130,1106.167536
-184.38512,181,1106.446612
-191.47964,161,1106.658986
-77.70669,1000,1108.110845
-69.00943,103,1108.261789
-257.0847,602,1109.140672
118.8784,804,1110.28663
-65.67346,356,1110.82247
106.60833,417,1111.418322
-225.00763,546,1112.178118
-105.447525,363,1113.967965
-58.015205,157,1114.18446
-41.155922,115,1114.345334
-44.3106,1000,1115.769156
-191.36006,341,1116.259435
-228.42842,633,1117.144175
-128.96616,478,1117.81866
-206.73145,613,1118.676258
-130.86891,330,1119.123597
-88.726,562,1119.905161
-81.53358,233,1120.21994
-194.61993,749,1121.254753
76.87137,1000,1122.696303
-84.35466,277,1123.075333
-263.71533,955,1124.683244
-159.55872,477,1125.378842
-64.596436,126,1125.572281
-112.42632,1000,1127.142602
-32.426888,173,1127.439964
-134.18518,368,1128.047813
-138.982,1000,1129.415805
-223.93315,683,1130.316816
-110.45285,244,1130.631942
-142.40733,182,1130.907464
-247.45909,639,1131.922723
175.23505,418,1132.512022
-57.199135,308,1132.964432
-280.75113,879,1134.243475
-28.02523,107,1134.391426
-121.52056,185,1134.663766
-51.94633,1000,1136.1378
168.74857,372,1136.713057
184.94276,214,1137.014307
-50.149,1000,1138.443711
-16.997665,129,1138.627512
-78.870026,393,1139.174225
-61.035824,174,1139.415728
-88.4434,215,1139.702063
-143.23,354,1140.204561
-83.7381,1000,1141.775839
-235.56403,732,1142.888128
-179.55637,431,1145.024765
-228.98122,528,1145.76499
-151.96516,260,1146.100508
-59.83734,151,1146.286346
-194.86588,408,1146.812271
-64.89019,205,1147.064056
-149.07922,773,1148.104092
-116.091835,227,1148.412177
-70.05723,219,1148.722757
-244.82822,673,1149.706669
-34.94059,153,1149.919504
-265.9295,764,1151.074788
-57.05802,1000,1152.684079
-93.02165,370,1153.320844
60.981045,1000,1160.488157
-63.198864,1000,1165.54351
-89.664345,260,1167.496464
-129.79683,1000,1173.258416
-102.785645,462,1176.435163
-169.61896,646,1178.837778
-40.57128,152,1181.212576
-151.38448,1000,1185.48137
-49.564915,1000,1188.23071
-101.821335,1000,1190.986614
-74.96605,1000,1196.409692
-170.17047,637,1200.363555
-24.423492,198,1201.174467
-24.759735,146,1201.699361
-177.21545,741,1204.706559
-142.53139,1000,1209.344927
-81.630875,1000,1214.902192
-108.09363,274,1216.062604
-124.078026,490,1217.962398
-70.20421,1000,1224.504097
-55.853745,231,1224.972607
-75.22689,281,1225.702076
-139.95294,567,1227.261153
-182.07397,664,1229.961747
-216.73721,715,1232.839625
-84.878876,163,1233.068102
-112.431816,233,1234.146896
-188.85202,641,1237.159703
-83.36971,1000,1243.851725
-68.29661,296,1244.294458
-98.54775,220,1246.537483
-106.31916,293,1247.663235
-69.99181,1000,1253.673789
152.57744,379,1255.826966
-168.39952,746,1259.040928
-113.699905,304,1259.818649
-64.35651,234,1260.425938
-150.98508,567,1261.574251
-169.22368,709,1264.158462
-61.09735,241,1264.739469
-71.36618,235,1266.230595
-71.31338,1000,1269.814924
174.34818,352,1271.217522
-91.33671,185,1271.838923
-192.59375,638,1274.121909
-120.310074,353,1276.025364
-45.1808,1000,1279.41304
-115.64927,321,1280.545898
-68.280464,222,1281.092239
-107.07879,373,1281.773421
-136.09155,368,1282.627836
-201.131,641,1283.954532
-69.38889,178,1284.80848
-97.145294,200,1285.656994
-105.742325,406,1287.310116
-115.767,333,1288.439248
-237.67215,972,1292.155989
-101.03119,260,1293.148331
-157.7622,415,1294.938924
-46.094696,1000,1298.295279
-177.73712,582,1300.175828
-101.42342,265,1301.385288
-204.59473,673,1304.930438
-53.38302,294,1305.653641
-121.45791,1000,1309.012924
-217.04868,548,1312.133917
-97.78246,215,1312.950828
-139.95259,359,1315.164005
-85.28562,1000,1319.851184
-105.57602,1000,1325.389772
-116.99865,436,1327.309467
-203.93677,460,1329.739466
-108.6876,175,1332.119576
-197.69162,272,1332.65571
-220.82486,574,1334.52663
-202.33517,518,1336.04459
-102.48137,509,1338.476964
-63.55751,217,1339.934816
-242.63107,614,1343.42467
-192.58759,576,1347.906385
-93.29977,211,1348.598082
-95.74991,221,1350.292457
-184.95691,683,1355.487948
-134.7408,277,1357.284748
-108.77851,214,1357.895301
-101.99015,210,1359.143679
-203.82553,603,1361.763215
-90.24832,313,1362.611506
-141.22377,316,1363.369617
-115.16276,265,1364.183574
-115.78508,599,1365.42187
-94.24653,226,1365.838347
-68.13523,200,1366.285891
-148.06683,350,1368.009465
-135.62787,239,1368.485518
-170.77774,386,1370.302519
-164.6563,398,1371.908054
126.89795,591,1375.8004
-226.78561,905,1378.3571
-105.53215,195,1380.261112
-113.74886,232,1381.162811
-62.665936,1000,1386.006695
-103.917854,285,1386.79576
-112.07013,397,1387.511463
134.9625,403,1388.335482
-129.89624,831,1390.663921
-206.81757,875,1397.351436
-47.09667,1000,1401.65683
-89.490204,268,1404.375792
-143.69986,487,1407.75562
-92.10482,224,1409.455797
-82.64187,180,1409.887281
-112.640945,1000,1416.778208
4.5035095,289,1417.734571
-129.73763,1000,1421.694281
-66.3988,1000,1425.31787
-55.415024,1000,1430.562061
-88.36931,1000,1434.680881
161.0416,545,1436.013056
-63.148624,322,1438.855418
-77.765884,419,1440.123926
-84.978195,166,1441.110572
-196.90396,745,1443.921892
-88.80761,287,1446.857204
-179.6402,607,1451.303331
-76.19701,262,1452.362345
-187.93018,509,1454.279789
-153.63034,503,1455.608066
-27.79041,1000,1458.868487
-111.60182,1000,1460.262511
-127.576164,556,1461.027359
-24.110794,273,1461.395995
-28.429153,1000,1462.996177
-55.2104,1000,1464.519382
-17.796682,1000,1466.048899
-39.908413,1000,1467.448726
-56.289326,277,1467.929791
-84.63784,1000,1471.03835
-66.85889,1000,1472.43198
145.40332,628,1473.315413
53.786037,1000,1475.10052
-29.084488,1000,1476.492393
-55.593735,413,1477.091619
-31.917397,1000,1478.498876
-40.191513,236,1478.825823
-87.518585,425,1479.419837
14.357162,296,1479.834741
-49.19526,273,1480.205334
-42.135586,1000,1481.614397
-4.969882,1000,1483.020697
-58.354877,1000,1484.379886
-33.73746,1000,1485.732565
-12.40052,504,1486.52207
-41.689274,1000,1487.92138
-20.471212,1000,1489.307402
-82.36293,1000,1490.644577
-22.611923,1000,1492.050498
-157.26547,846,1493.293659
-9.979945,1000,1494.681303
220.47202,344,1495.149583
-3.564888,1000,1496.487163
-1.7982917,1000,1497.794886
-41.71409,1000,1500.966691
-169.85397,668,1501.902279
-89.22825,234,1502.214896
-86.033066,328,1502.667434
-89.555336,178,1502.922488
-102.757805,307,1503.349993
-120.490395,312,1503.800471
-134.58693,1000,1505.169523
-162.77994,313,1505.6254
-184.72449,553,1506.434431
-151.78157,821,1507.529168
-199.59196,448,1508.145069
-235.21632,649,1509.008522
-67.59686,374,1509.519134
-311.82043,906,1510.706837
-186.4598,201,1510.962285
-202.40555,277,1511.376398
-157.80199,769,1512.771403
-270.1903,665,1513.989047
-172.72557,300,1514.440876
-245.71585,812,1515.54222
-155.4883,243,1515.974137
-183.34442,373,1516.542573
-206.89536,449,1517.17151
-130.58133,210,1517.481318
-124.40391,253,1517.844605
-263.1632,789,1518.9396
-162.34476,299,1519.34555
-232.75426,619,1520.176603
-144.22914,1000,1521.670259
-116.94708,1000,1523.071709
-68.6418,416,1523.638339
-272.467,682,1524.577441
-245.78395,692,1525.51109
-140.3328,1000,1526.927307
-121.77779,1000,1528.37285
-162.40866,501,1530.19072
-128.212,486,1530.76956
-198.51392,791,1531.824228
86.99789,834,1532.964083
-164.47955,827,1534.120146
-130.73877,430,1534.709057
-125.14903,435,1535.281646
-144.20761,467,1535.885415
-166.52411,564,1536.65094
-160.3212,454,1537.267894
-131.6887,487,1537.942655
-124.69241,1000,1539.373255
-151.49783,1000,1540.797802
-103.27494,1000,1542.170753
-62.41555,1000,1543.570904
-89.08222,1000,1545.318781
-120.30658,1000,1546.967329
-100.09509,491,1547.699424
-70.07424,1000,1549.501919
-96.27376,215,1549.876735
-112.5015,1000,1551.432776
-68.73013,1000,1552.91688
-38.799683,362,1553.517536
-214.05124,717,1554.649887
-185.96487,442,1555.40981
-209.96988,750,1556.640419
-26.389303,1000,1558.257355
-126.93355,1000,1559.802641
-60.887108,1000,1562.401919
-52.135265,1000,1563.851996
-45.44211,1000,1565.293057
-87.46186,1000,1566.992216
-96.18493,1000,1568.426527
153.05667,611,1569.287382
-74.893654,462,1569.903848
-61.72528,1000,1571.237136
-105.4076,1000,1572.75528
-45.656094,1000,1574.330353
124.52382,785,1575.49899
-207.40411,963,1576.891803
48.4476,1000,1578.363816
-178.47678,597,1579.214936
-77.61807,1000,1580.687274
-38.940594,1000,1582.098637
-111.26393,592,1582.950922
-36.34754,209,1583.246338
-217.62671,908,1584.535215
-94.418175,1000,1585.971677
-90.21593,1000,1587.378541
-185.3553,835,1588.471331
-61.17741,1000,1589.760661
-88.54912,1000,1592.160578
-101.56685,1000,1593.472764
-94.63004,1000,1594.847403
-48.401615,1000,1596.210956
-29.074734,1000,1597.619052
-220.90527,906,1598.851232
-73.044106,559,1599.645742
-22.455599,1000,1601.112062
-100.415825,1000,1602.541869
-68.40027,1000,1603.989468
-65.539825,1000,1605.399091
-181.21143,702,1606.350918
-100.077126,1000,1607.764251
-93.49999,1000,1609.107024
-179.99493,649,1609.957124
-64.98213,275,1610.326522
-63.957825,1000,1613.252859
-87.96947,230,1613.747447
-98.77969,1000,1620.236372
-59.80487,285,1622.026998
-33.222084,1000,1627.639989
-72.69459,1000,1632.816554
-59.668148,1000,1637.423935
-70.96943,1000,1642.971915
-78.6568,1000,1649.411547
-48.016914,1000,1654.642492
-49.721924,1000,1659.806595
-3.217064,1000,1664.12617
-32.149315,1000,1671.901749
-39.4713,1000,1674.622344
-18.837793,1000,1676.545377
-31.929018,1000,1684.826174
-148.37938,653,1687.946367
-68.062935,1000,1692.804683
-77.18123,1000,1697.856146
-20.394638,1000,1703.15231
-122.21437,975,1706.122352
227.67804,411,1707.674361
-35.11471,1000,1713.365942
-36.41401,1000,1718.037635
-19.69082,1000,1722.691253
-42.393986,1000,1727.056792
62.853214,1000,1731.077444
-13.9566345,1000,1734.177199
243.19504,501,1736.909623
-48.390007,1000,1740.829744
19.313082,1000,1744.384219
85.0379,1000,1747.051981
174.7241,290,1747.777735
25.385977,1000,1750.949926
12.687958,134,1751.372355
-47.5989,1000,1757.543526
-32.761864,1000,1761.79566
-87.75222,1000,1764.172559
-35.17856,102,1764.348305
-32.738937,114,1764.534335
-90.328545,1000,1769.398267
-39.192146,1000,1773.393867
-55.15886,1000,1776.147413
32.582153,74,1776.736947
-49.291157,1000,1780.283406
-16.76844,95,1780.519913
-54.281677,58,1780.655506
27.009575,101,1781.117216
-30.846964,1000,1786.041883
202.46686,945,1790.622116
226.07803,385,1792.516119
-42.942036,1000,1795.337049
-33.934578,1000,1799.366623
83.59415,1000,1805.326883
-55.828957,61,1805.427658
-53.13345,1000,1808.39627
211.61417,176,1808.701457
-33.268227,91,1808.855028
10.327286,101,1809.025637
227.02396,845,1812.432424
-8.909653,88,1812.553519
14.45134,74,1812.658821
-26.657555,62,1813.373834
-124.355705,776,1818.391315
-55.103718,464,1819.6689
212.5633,819,1822.385338
63.537975,1000,1826.235606
-95.9128,557,1828.977682
164.53574,432,1829.998389
180.71579,1000,1835.059059
-26.137745,1000,1838.61212
5.6389923,65,1838.821905
-59.433025,77,1839.302822
-27.379986,1000,1842.791917
66.96916,1000,1847.158501
-53.01106,1000,1851.462263
15.780533,85,1851.57596
227.95148,354,1853.31441
96.884796,1000,1857.532111
-26.875465,81,1857.922436
54.019882,74,1858.271616
-87.48198,1000,1863.669339
-6.4899487,1000,1865.862298
-20.51608,1000,1869.126746
-67.79496,1000,1871.096281
-62.929375,1000,1874.301114
-30.559208,1000,1878.207699
-71.70728,1000,1882.670492
-1.6698912,1000,1888.207587
28.215195,268,1889.577865
-13.95139,1000,1892.892521
165.92871,1000,1899.702791
-69.74186,1000,1905.004134
60.883198,1000,1910.095437
249.75124,452,1911.696078
262.24448,322,1916.939502
113.461975,1000,1940.320801
152.88203,500,1942.092045
207.4596,219,1942.720803
0.22982025,86,1942.835752
63.250786,1000,1947.341781
1.6127853,88,1947.60639
-10.469383,110,1948.274385
235.1381,183,1948.594192
-3.5029602,80,1949.939217
145.01035,1000,1953.604988
230.6654,162,1953.96588
-9.724136,87,1954.388466
-184.44806,181,1954.752779
-198.07184,199,1955.202816
133.07425,1000,1958.556819
254.67986,417,1960.220467
-109.07806,270,1961.256582
262.1056,277,1963.903946
11.105179,153,1964.761632
-14.6480255,70,1965.364339
30.684097,101,1966.189831
284.30472,340,1966.959461
-11.960136,84,1967.586226
-6.3535614,291,1969.606911
-20.14811,79,1971.423949
31.193268,119,1971.851
172.03494,1000,1976.225619
0.917099,66,1976.552779
-28.391212,83,1978.215724
259.03534,574,1980.06268
-27.17604,62,1980.161677
251.59352,623,1981.893747
252.6106,566,1983.876276
230.46727,289,1984.489763
-26.338196,85,1984.726311
242.00189,622,1987.041332
16.399918,238,1988.381809
230.77408,234,1990.015427
-32.391663,75,1990.140633
266.0666,623,1993.181036
281.29657,401,1995.03949
-163.23166,817,1997.250536
13.259117,74,1997.354607
-9.093132,95,1997.821958
-9.103481,1000,2000.922457
-35.28814,75,2001.040799
-61.331444,1000,2005.478399
-33.679054,57,2005.598881
-66.77188,1000,2010.619496
-92.70795,759,2014.445783
-181.89258,659,2016.88347
-9.552345,117,2017.251218
-11.899124,88,2018.140876
-159.94025,541,2020.88616
62.06808,1000,2024.453596
-68.15449,691,2028.872557
-10.339767,74,2030.027734
-52.98711,105,2030.360971
-80.40663,78,2030.46674
-99.26973,637,2041.509317
12.728592,123,2045.001924
67.24335,77,2048.525165
10.516632,73,2051.321697
-75.34074,57,2052.236698
-96.9427,112,2055.218479
-106.18833,83,2061.067659
-130.29524,112,2062.944278
-495.90475,82,2067.819871
-40.7966,88,2068.66367
-118.03121,62,2068.750147
-88.2217,56,2068.830055
36.553146,106,2071.786323
21.095179,1000,2089.971374
246.12314,373,2098.143298
-21.840942,78,2100.403368
240.12376,338,2110.269031
47.884216,165,2113.428319
201.11084,489,2122.983197
-21.363914,98,2125.154265
-178.34174,191,2130.893972
-15.188324,435,2136.522346
-28.352415,1000,2160.977884
-77.35087,1000,2193.288677
-60.772697,1000,2208.361767
-175.08772,1000,2236.677279
-21.601295,93,2239.651083
-60.356773,85,2242.656545
221.7542,672,2257.933501
-3.7456207,68,2259.489943
-42.30753,68,2261.771325
-15.569313,91,2263.935408
-38.845158,95,2264.440732
-8.658333,66,2267.491744
-6.8931427,85,2267.671365
-8.610596,90,2268.502659
-47.43025,92,2268.641111
-47.346596,80,2271.156295
-15.53508,80,2284.771051
-27.844238,54,2294.870302
-45.859623,75,2307.809376
-50.13775,83,2322.513012
-49.24727,83,2335.359686
29.65773,78,2348.899463
-50.78765,102,2364.911618
-61.32204,78,2379.230536
-1.6779022,73,2391.278329
-50.75033,67,2404.320613
-40.837284,54,2414.634905
-14.362015,69,2426.344896
-64.946846,86,2442.054091
16.115013,89,2456.606699
31.550385,101,2473.014325
0.83843994,78,2484.030647
-24.895676,270,2522.259247
-68.40494,69,2531.046211
-69.12638,74,2541.490609
2.923561,78,2551.484337
24.96521,107,2567.206006
18.48114,93,2580.393871
-141.18623,694,2679.399868
-5.3114777,93,2691.610633
113.638725,660,2760.53041
-196.65466,886,2838.516469
154.98517,1000,2952.229773
-7.3200836,72,2960.833804
36.867386,66,2969.225624
31.247833,103,2981.432384
-53.97624,1000,3098.742003
-80.22918,1000,3223.264176
-69.63672,71,3231.141809
-44.013405,77,3240.951073
-21.218946,1000,3352.944652
-17.846481,101,3365.023916
52.74109,106,3377.05811
-20.398643,60,3384.008049
-8.09449,106,3397.109645
96.66797,1000,3515.517292
-42.50097,352,3558.563439
4.99041,83,3568.288646
-3.1349487,158,3587.182487
181.57669,580,3658.954345
-16.434822,130,3673.842159
13.370211,1000,3785.845578
236.10492,237,3809.021278
-75.15282,89,3817.641007
-72.7787,75,3825.270234
-327.19846,923,3893.060188
-62.87276,84,3901.973474
-53.935413,90,3911.086876
-39.09525,521,3970.475896
-71.241425,72,3978.834919
-22.899345,67,3987.343292
-48.47258,88,3997.28999
26.709312,94,4008.791597
-52.964493,67,4016.372305
-58.915718,82,4026.28433
35.41809,92,4036.698582
-17.021614,64,4044.205902
-1.9011078,90,4054.696567
-54.68068,87,4064.529263
4.2010956,116,4078.697369
-2.3383331,101,4090.352007
-54.40673,501,4150.25483
187.6876,436,4202.610935
-34.42373,287,4237.827534
-4.88916,85,4248.159493
-35.692146,116,4261.155912
-39.363724,93,4271.84966
240.70992,747,4361.490484
-8.286247,59,4368.447652
-59.122803,95,4380.317757
32.278732,111,4394.748066
-15.039879,73,4403.51264
-28.979492,118,4418.893554
-45.446156,74,4428.13703
-19.154419,85,4438.296537
18.854546,83,4448.107644
-49.014725,138,4465.577785
31.974182,152,4484.657364
-66.1174,88,4496.708155
-57.55758,74,4506.456975
6.898964,88,4517.117201
-49.445415,86,4528.030322
-73.754456,93,4539.010195
8.352737,93,4551.183072
-50.27608,74,4561.104001
-3.6948776,76,4570.495169
-0.67746735,109,4585.060879
-61.52641,97,4597.578432
-101.90368,96,4609.752166
-104.941795,95,4625.516234
190.42622,469,4698.083203
-138.91786,162,4723.800786
114.88236,1000,4872.632013
-191.80772,342,4903.152962
-141.38683,250,4903.543689
-53.401016,1000,5016.103981
-328.51767,1000,5137.692384
-5.96463,177,5160.06674
247.13443,460,5211.786051
-13.670227,71,5220.658748
148.87006,1000,5340.499181
-18.594063,113,5354.795129
-3.6946716,92,5365.831635
-0.9966812,99,5378.806377
14.634384,327,5420.19865
-30.557442,71,5429.016478
-48.316685,86,5439.093782
-83.21349,90,5450.035885
65.311325,1000,5575.057911
9.069397,62,5583.049315
-21.392143,77,5592.949782
-70.49831,60,5600.36865
175.12373,409,5641.257963
7.194397,91,5649.864645
63.962383,1000,5711.867495
146.62845,670,5782.9215
-13.2397995,86,5795.350554
-106.53021,68,5805.904119
-95.14862,63,5814.913982
-22.85302,56,5823.942905
2.2649155,97,5838.036498
-59.9899,59,5846.764896
-29.074936,89,5859.372617
-81.45001,50,5866.883092
-78.10531,62,10466.04246
-54.686726,70,10474.347956
-31.893951,89,10486.352262
-78.57647,56,10493.297875
153.15761,1000,10606.654157
-81.21299,77,10615.49538
-46.521477,79,10623.941519
229.85945,265,10654.423808
2.1172028,73,10663.220856
-7.881134,89,10672.257944
-92.68166,53,10678.203005
-111.83164,59,10685.088788
13.324692,77,10693.938053
-31.156517,82,10704.131392
-29.614174,95,10716.113127
-1.1325836,69,10723.780143
23.627777,80,10732.835031
-57.175606,68,10740.423426
-47.27687,86,10750.020741
-10.114418,77,10758.699534
-10.408081,104,10769.452065
-10.366966,165,10788.415499
-21.499619,84,10798.401615
-97.73439,82,10807.850081
-35.928436,67,10815.179802
155.4605,1000,10923.186286
-3.905716,98,10934.910886
-80.57181,62,10941.765772
4.577919,76,10951.425928
132.0361,1000,11080.150894
-27.889923,84,11090.840947
-108.33887,83,11101.662365
4.4883804,86,11112.25515
253.73177,208,11137.859905
-68.76559,86,11148.670752
6.051628,95,11161.290163
27.889473,66,11169.259099
-76.30662,72,11177.655798
-4.632881,87,11188.500364
24.861927,1000,11310.203
-97.89696,73,11318.685853
-56.59016,1000,11429.505051
-73.57947,78,11437.649115
21.895958,66,11444.176635
-22.497673,59,11450.23098
30.437637,169,11458.845239
-43.05982,61,11458.937578
20.62365,73,11459.038748
7.338405,1000,11554.712963
-73.36971,1000,11675.715318
-7.4081497,100,11688.099145
-65.94415,86,11699.354751
-296.85876,317,11737.556468
37.785812,100,11750.460111
-8.256332,97,11766.909146
-23.144035,260,11809.533645
