#{"t_start": 1756069365.685366, "env_id": "None"}
r,l,t
-159.65854,75,1.476358
-350.06134,82,2.438787
-816.265,69,3.176175
-427.75803,95,4.261383
-307.6022,71,5.046408
-400.87067,139,6.577099
221.65482,403,11.271369
-230.7692,115,12.503372
-298.56378,94,13.572619
-110.01842,123,14.94243
-146.10794,235,17.535144
-401.49316,135,19.093383
-218.76663,173,21.106333
-207.32117,135,22.642843
-144.4479,141,24.221175
-154.49112,127,25.756972
-162.27402,123,27.148949
-318.6306,98,28.281228
-207.69467,145,29.963966
-161.45511,195,32.192075
-163.22891,137,33.743801
-216.71298,141,35.440967
-191.05145,81,36.356407
-172.42026,110,37.696882
-199.8075,94,38.804788
-89.115906,279,42.174503
-262.61353,119,43.641899
-62.67673,224,46.345325
-38.50412,236,49.11277
-59.95475,269,52.329107
-51.779842,238,55.082663
-177.71997,152,56.803524
-142.41132,230,59.609921
-93.81725,228,62.279652
-183.97867,209,64.704942
-18.185394,192,66.928984
-96.40595,279,70.17189
-192.37216,78,71.071524
-242.41878,109,72.453147
-188.11401,83,73.421269
-101.57182,206,75.850593
-61.909744,214,78.393592
-118.37604,137,80.06314
-128.18585,80,81.002797
-56.40602,167,83.054212
-10.725372,276,86.238238
-96.086845,169,88.131838
-81.95095,128,89.542092
-129.87181,66,90.269671
-151.15877,105,91.524754
-69.52971,170,93.451533
-119.58031,189,95.650009
-73.16612,156,97.41975
-79.24771,275,100.625047
-85.96566,269,103.738556
-58.443188,283,106.890624
-102.70233,231,109.583412
-148.24268,231,112.265452
202.5989,508,117.941089
-175.87357,87,118.910835
146.84799,447,124.132747
-117.38874,99,125.210744
-105.20577,249,128.054344
16.426163,199,130.309393
-34.12864,234,132.952941
-189.91603,135,134.493548
31.946335,145,136.086008
25.190536,315,139.63876
-189.23294,196,141.921923
-296.9533,148,143.563548
-143.21205,166,145.417437
-49.20384,387,149.779902
-64.55209,378,153.862071
-234.26297,136,155.330927
-7.371681,245,158.004505
6.385956,290,161.361748
241.19943,367,165.704032
-213.5802,242,168.526956
-16.288849,143,170.146826
-223.69153,160,171.971912
-110.51203,280,175.231055
-38.16982,399,179.81227
10.047249,265,182.85924
-216.2294,154,184.63527
-189.10086,298,188.10326
-85.120384,93,189.112985
-218.25284,341,192.863765
-89.04541,104,193.991604
-68.477905,84,194.947991
-214.14285,198,197.338523
-209.36726,176,199.329655
-62.003662,280,202.523001
-88.27289,118,203.843678
-151.74684,125,205.266832
-100.75796,156,207.062463
-7.045929,195,209.360178
172.65184,384,213.782645
-78.40153,108,215.026817
-101.9314,189,217.298593
-10.231422,166,219.374572
-43.685577,185,221.559421
-30.282982,122,222.989195
-33.8767,183,225.08549
-208.80997,151,226.969923
-301.505,136,228.83311
-340.4096,171,230.798207
-314.423,116,233.482265
-307.60144,144,235.077936
-322.29767,140,236.720253
-269.52295,178,238.829954
-260.16714,148,240.503008
-11.900307,167,242.418972
-288.82544,143,244.105818
-354.25385,141,245.694763
24.176628,160,247.51049
-219.55435,142,249.125133
-216.51408,167,251.251611
-170.42804,140,252.917783
-230.69849,153,254.65622
-221.62846,194,256.929453
-235.38506,162,258.845658
12.711945,210,261.297637
-282.1985,189,263.464113
-266.70782,198,265.745023
-216.72928,175,267.87088
-237.9479,230,270.466386
-250.72429,106,271.724169
-290.63492,148,273.421767
-26.747185,220,276.057039
-223.07953,123,277.5793
-73.01837,190,279.873162
-0.9773178,181,281.851677
-18.875946,191,283.924784
-35.666206,250,286.71548
-2.7370682,258,289.571513
-51.844006,240,292.350183
-97.60222,165,294.278923
-171.58936,237,297.086136
-69.00468,150,298.844714
-70.34069,199,301.144016
-38.745514,169,303.055686
-64.2206,215,305.513096
-59.03986,199,307.815058
-30.337975,267,310.808024
-22.118279,106,312.032835
10.92601,506,317.977721
-3.2902603,246,320.853754
-0.57086945,125,322.395497
251.99286,338,326.46083
-57.2983,234,329.27438
18.8387,180,331.452358
23.755684,176,333.491176
276.51855,391,338.017693
-27.825668,224,340.688626
-30.855392,98,341.855624
193.4549,267,344.939863
-18.203453,96,346.042231
-54.050976,105,347.269823
-427.81342,440,352.346859
3.0742035,219,354.961105
17.80822,127,356.434807
-33.51175,179,358.570307
-18.957207,138,360.178724
-6.029335,550,366.586516
-63.037125,1000,378.203663
187.15671,479,383.844225
-6.8956833,139,385.522125
-228.8254,191,387.747375
232.67986,428,392.665774
-62.374767,479,398.204684
-94.38005,272,401.338237
-56.098656,504,407.309297
-217.32684,175,409.324448
14.904701,192,411.528918
-11.190666,137,413.204659
-86.28688,370,417.530535
203.44185,427,422.611475
18.060333,267,425.776316
-7.0996094,173,427.709715
9.114304,418,432.536202
13.489288,145,434.252991
-28.877426,341,438.186145
-78.79647,284,441.434522
-22.403786,582,448.072781
-37.070717,168,450.010062
-63.648853,124,451.506941
155.98918,409,456.26395
-13.602974,332,460.186698
170.76091,779,473.205981
-43.694244,182,475.261687
-26.447151,391,479.813484
256.0689,524,485.911154
135.06177,735,494.513379
191.57837,862,504.326147
-33.17444,187,506.609957
231.23418,753,515.276362
-42.560394,540,521.588017
-196.2215,555,528.025452
-316.85675,128,529.582071
-298.75494,135,531.23172
-61.487247,340,535.276059
-95.188995,403,539.823119
-197.78058,138,541.395324
-192.87329,135,542.846232
-37.887814,449,547.96225
-103.67679,151,549.689512
-63.179752,184,551.900393
-57.61985,379,556.64789
-66.11789,556,563.615601
-50.782394,113,565.002068
-389.8461,392,569.833305
194.47043,283,573.28827
233.07074,514,579.668862
-156.58655,283,583.181292
177.40364,422,588.508735
254.80309,211,591.196448
-246.47148,158,593.289049
-28.325531,126,594.947116
-130.79155,285,598.56443
-46.597816,178,600.868751
7.7785873,114,602.344392
-162.38026,576,609.666002
-93.83258,533,616.94953
11.771553,129,618.830785
-107.23069,215,621.798494
29.50586,109,623.325836
61.84613,180,625.895768
-209.582,147,627.868096
201.11835,358,633.000178
51.548965,169,635.28775
272.0561,222,638.453861
23.679459,128,640.268959
170.37036,721,650.074055
36.09291,105,651.530534
262.08044,226,654.714984
-90.09164,552,662.699839
238.19798,247,666.175159
-32.39485,586,674.381307
-49.804955,258,677.939017
161.72653,738,688.33006
-48.242157,153,690.342586
106.25684,759,700.496426
119.14252,861,712.053871
273.52264,234,715.409995
-95.627495,1000,735.641775
-127.2895,640,745.279073
-187.30936,516,752.740404
17.791367,155,755.139945
-80.56174,391,761.379049
-49.88909,490,768.980427
-13.652809,338,774.615277
202.67212,478,782.463995
-42.26435,216,785.712405
16.613289,258,789.900427
165.24156,433,796.320162
284.63925,208,799.347505
-2.195984,427,806.322433
-208.77258,341,811.319569
70.88643,173,814.039046
221.52985,384,820.533074
189.91315,479,827.693328
33.586075,182,830.611751
213.9221,466,838.269673
217.73572,331,843.650388
193.535,426,850.712244
191.14575,475,858.438748
184.83408,494,865.929477
42.137436,203,868.853789
18.774109,182,871.867687
229.8418,468,879.215611
41.854416,240,883.388118
-30.597351,401,890.099379
-41.375423,324,895.315713
216.52899,531,903.258328
-16.82074,250,906.78826
-24.242256,247,911.211483
9.848328,124,913.179201
29.641068,167,915.846486
37.363663,166,918.757498
228.96497,289,923.308884
-25.741592,239,926.63205
27.770523,291,931.118834
-17.890816,192,933.944983
53.25206,231,937.415677
261.757,431,944.351993
-199.88742,582,953.302564
245.58395,471,960.724846
161.90623,653,970.994213
-3.6899948,255,975.178854
15.774391,224,978.825874
-10.933014,305,983.485187
-81.2238,327,988.787508
209.38535,471,996.345853
180.3819,421,1002.6918
225.79077,476,1009.578529
-5.1666946,252,1013.512521
-4.1478653,312,1018.311656
5.967819,332,1023.636919
2.438675,210,1026.979163
208.35156,518,1034.823137
-32.474617,454,1041.750879
7.464081,315,1051.025567
247.93034,438,1057.838094
238.13722,479,1066.010637
120.64372,791,1078.491635
228.79132,395,1084.741145
149.00018,589,1093.239732
-153.02724,472,1099.57588
157.11218,594,1108.013413
150.22427,505,1115.719458
-17.029129,76,1116.911588
177.53503,578,1125.398579
-48.122234,656,1134.955038
-216.63182,634,1144.209345
180.83128,429,1150.602701
-91.64782,151,1152.844959
201.07089,486,1159.773864
-35.826424,333,1164.685586
-14.288902,315,1169.145381
177.73808,531,1176.703874
-13.519936,480,1183.580545
-26.514763,218,1186.646296
212.9635,430,1192.807361
212.44499,475,1199.420752
278.9846,371,1204.858003
175.69739,576,1213.052667
190.24371,622,1222.415239
226.27786,601,1230.640229
186.45764,742,1240.771796
-81.48297,372,1245.853031
160.64487,690,1255.130861
199.5672,458,1261.182054
258.51385,441,1267.913865
102.137886,647,1277.809709
170.43573,703,1288.098312
264.902,319,1292.790188
265.20264,362,1298.319808
-49.346443,550,1306.318736
101.4323,978,1321.080947
-130.68747,364,1327.090752
-21.393341,250,1331.048843
141.0191,794,1347.139012
89.58424,987,1362.311085
216.28087,437,1368.908967
50.955524,958,1383.492635
35.9458,227,1387.359847
-21.0234,213,1390.961159
-36.299053,411,1397.283309
38.745346,203,1400.172117
258.1045,356,1405.827549
213.95447,466,1413.471126
169.31302,581,1423.090631
-21.927605,156,1425.610107
139.09418,671,1437.12062
177.52975,598,1446.538688
175.70312,555,1455.722311
240.26984,373,1461.124851
-0.31394958,320,1465.848707
1.2772675,275,1470.04583
298.7967,304,1474.600514
15.734543,420,1481.020879
-3.8092346,251,1485.617424
263.33075,326,1490.923371
193.86852,433,1497.78194
46.977127,135,1499.808628
211.04185,412,1506.285101
275.89453,231,1510.047754
208.99284,470,1517.620657
241.63614,490,1525.80319
209.49243,245,1529.761802
161.91504,654,1540.593062
28.978882,171,1543.226716
239.69029,278,1547.296661
272.6441,231,1550.949349
104.14686,427,1558.271442
7.2972794,173,1560.840866
30.877716,183,1563.475984
258.25134,233,1566.516662
270.64288,378,1572.146251
172.05927,651,1582.328519
44.35193,160,1584.741314
253.20769,245,1587.917399
252.39818,332,1592.49265
192.08243,469,1599.513134
-55.108944,186,1602.581393
12.626213,219,1606.251129
200.77097,553,1614.383235
59.682076,621,1622.603056
200.25226,425,1628.005599
168.47739,510,1634.929384
190.36981,544,1642.053984
220.9345,316,1646.381795
-59.853966,284,1650.231784
220.5625,264,1657.137163
-861.9523,160,1659.226387
249.91422,223,1662.084119
-5.562645,205,1664.691112
-28.810875,242,1667.867228
243.66942,358,1672.6811
241.16861,324,1676.946465
149.85411,519,1683.673939
37.70688,258,1687.066345
241.74287,463,1693.125897
243.9919,364,1697.748122
167.83319,464,1703.924326
203.2056,461,1709.919398
-197.93024,520,1716.463064
-159.84607,423,1721.949723
59.314117,927,1733.812689
208.01672,369,1738.545946
-184.58076,1000,1751.477226
-148.97021,380,1756.292953
50.203537,191,1758.636474
224.9311,305,1762.669621
249.20596,260,1766.253925
-205.43106,1000,1781.116356
27.302895,176,1783.486711
215.54707,325,1787.835831
243.50266,422,1794.272717
220.8808,500,1801.54041
-52.6053,484,1807.925817
190.84659,499,1815.054276
49.143402,147,1817.265981
-168.39066,1000,1832.116802
-173.42494,365,1837.558776
-142.43951,584,1845.477191
-9.025497,339,1850.262171
-26.43219,428,1856.315342
15.440369,142,1858.295995
236.60088,486,1865.64656
-97.77768,547,1873.428883
8.49147,163,1875.608326
231.344,465,1882.801235
230.80023,346,1887.135536
174.45618,431,1892.807354
-154.42097,571,1900.730578
274.3667,233,1904.03442
34.95247,150,1906.115264
172.32617,372,1911.119254
36.74489,152,1913.108687
172.7988,389,1918.071353
-12.113876,377,1923.249894
219.74857,404,1933.289767
269.28925,292,1937.494296
206.57451,557,1945.909446
234.01422,268,1949.832378
190.62726,900,1962.454837
171.08595,444,1968.739525
3.9592896,1000,1982.601699
223.70541,550,1990.394761
200.87093,386,1995.582119
218.8356,408,2001.016052
12.426277,291,2004.903135
199.55025,271,2008.2357
211.15875,615,2016.739982
-166.23122,666,2026.883025
-75.52171,691,2037.166876
169.86597,372,2042.362564
180.70871,828,2055.002236
210.59723,328,2059.903787
259.384,278,2063.719645
209.93346,415,2069.640775
186.5563,618,2077.227551
-1.390625,222,2080.0729
-35.788963,221,2082.9878
177.92844,473,2089.225577
246.08551,254,2092.565376
241.5169,421,2098.260673
205.92789,439,2104.344183
214.55435,646,2112.952838
-23.283775,328,2117.465256
-227.44054,695,2126.815251
183.18918,590,2134.994875
73.98695,190,2137.476843
-2.6646957,196,2140.020567
26.247696,189,2142.494803
166.18622,581,2150.377367
209.88925,414,2155.964568
-222.98834,329,2160.408952
213.53159,398,2165.626094
178.56342,595,2173.554642
-156.95543,632,2182.013428
207.87712,494,2188.483935
240.53111,385,2193.434141
213.99078,488,2199.932695
253.06642,282,2203.566094
196.55228,409,2213.068573
279.87573,218,2215.985127
-75.647316,506,2222.762628
-166.27782,309,2227.29779
-66.626854,346,2232.338886
-52.903263,214,2235.386875
232.9837,376,2241.042459
246.20071,231,2244.56777
282.53613,249,2248.001562
284.4444,226,2251.152099
-124.42529,325,2255.779416
210.53796,404,2262.348045
224.48132,386,2268.419229
6.2499695,158,2270.649794
167.84808,476,2277.352848
199.07495,553,2285.583656
-35.178925,218,2288.796513
140.8029,484,2296.155325
-177.61981,455,2303.021685
227.25006,574,2311.498154
173.16507,428,2316.991964
172.49625,579,2324.238552
143.02249,543,2331.385432
-212.10297,472,2337.887862
209.66263,278,2341.772929
-98.61238,509,2348.394485
39.97091,1000,2362.253993
184.49542,546,2370.458864
159.51404,720,2380.549059
148.67545,816,2390.467796
208.56927,527,2397.311111
133.07834,832,2408.544717
209.99088,469,2414.774285
190.45224,692,2423.76227
234.52191,495,2430.231792
123.23491,685,2438.693696
101.8656,948,2451.59095
-43.548523,1000,2465.213117
237.69565,550,2472.778852
3.7838473,1000,2485.992434
91.732895,941,2502.881069
-273.5747,568,2509.957253
66.85024,1000,2524.064363
159.30794,524,2532.080147
-144.52275,509,2538.796463
-7.3856735,126,2540.162398
84.32417,1000,2552.50433
150.93504,972,2565.140684
214.92734,287,2568.683104
136.05183,843,2580.072454
-54.611877,209,2582.769996
-73.59628,200,2585.282074
-206.83835,451,2591.619723
220.21591,401,2596.604322
175.03372,519,2603.502571
217.08038,390,2608.505865
187.74078,852,2618.723082
197.54745,901,2630.495659
43.058796,1000,2643.684542
-20.020092,1000,2657.889702
245.25128,388,2663.597198
-3.6784844,1000,2675.947941
188.29816,474,2682.701964
128.5909,839,2693.719559
205.7702,407,2698.884197
-87.40522,779,2708.889004
-238.79477,426,2714.266174
-248.65205,807,2724.464857
-70.069824,1000,2737.766844
284.09882,302,2741.815499
186.45062,822,2752.321575
239.98737,354,2760.806704
198.92914,468,2767.200209
112.37207,753,2777.278882
72.46943,669,2786.030827
-134.48155,607,2794.337711
124.365486,850,2805.812084
-217.4296,971,2818.59943
191.107,430,2824.3638
211.28598,458,2830.908474
211.21999,428,2837.372494
245.9586,318,2842.279212
188.16893,529,2850.565374
270.46713,308,2855.022086
263.057,290,2858.222211
-51.416954,1000,2872.506984
72.541374,900,2886.091927
176.73354,415,2892.974414
158.72643,434,2899.348777
204.47427,473,2907.156372
206.7779,664,2916.664679
-148.06784,433,2922.924541
-60.136032,1000,2938.311097
106.277794,676,2949.841876
187.80031,405,2957.043684
207.01651,393,2963.183158
191.07034,406,2969.570369
218.83049,422,2976.613575
267.1467,346,2981.679975
-2.6291676,1000,2997.2388
92.62422,1000,3010.268815
-68.34928,1000,3027.231262
99.1982,930,3044.924732
231.81902,741,3057.204787
