#{"t_start": 1756064092.633144, "env_id": "None"}
r,l,t
-911.0,200,1.365851
-812.0,200,1.38798
-848.0,200,1.440836
-803.0,200,1.467059
-785.0,200,1.491943
-623.0,200,2.166393
-758.0,200,2.512906
-812.0,200,2.853529
-641.0,200,3.200805
-731.0,200,3.574578
-677.0,200,3.947186
-659.0,200,4.311368
-641.0,200,4.704404
-605.0,200,5.088029
-677.0,200,5.477067
-596.0,200,5.854703
-731.0,200,6.257851
-641.0,200,6.663893
-551.0,200,7.075365
-461.0,200,7.503102
-569.0,200,7.92039
-614.0,200,8.365842
-524.0,200,8.799783
-497.0,200,9.214993
-470.0,200,9.652887
-416.0,200,11.576286
-524.0,200,12.033189
-425.0,200,12.475159
-389.0,200,12.916498
-497.0,200,13.363956
-398.0,200,13.864738
-479.0,200,14.314178
-335.0,200,14.803998
-380.0,200,15.294164
-434.0,200,15.821368
-335.0,200,16.342335
-308.0,200,16.877035
-398.0,200,17.399874
-137.0,86,17.621782
-362.0,200,18.132867
-144.0,84,18.345353
-362.0,200,18.868961
-254.0,200,19.417867
-317.0,200,19.945633
-299.0,200,20.48512
-263.0,200,21.03248
-326.0,200,21.567524
-236.0,200,22.12069
-263.0,200,22.683759
-272.0,200,23.296699
-227.0,200,23.873368
-209.0,200,26.071234
-236.0,200,26.681421
-227.0,200,27.245788
-218.0,200,27.820947
-245.0,200,28.423551
-209.0,200,29.022521
-245.0,200,29.592316
-218.0,200,30.204099
-227.0,200,30.783435
-200.0,200,31.360564
-218.0,200,31.947894
-218.0,200,32.544672
-236.0,200,33.135889
-227.0,200,33.732009
-227.0,200,34.334103
-227.0,200,34.916422
-218.0,200,35.508322
-245.0,200,36.112021
-245.0,200,36.694035
-236.0,200,37.274736
-227.0,200,37.858102
-236.0,200,38.444386
-218.0,200,39.013164
-236.0,200,39.613724
-245.0,200,40.183957
-227.0,200,42.346661
-236.0,200,42.932177
-227.0,200,43.508491
-218.0,200,44.093884
-209.0,200,44.701657
-236.0,200,45.27318
-227.0,200,45.845225
-227.0,200,46.424415
-218.0,200,47.006596
-209.0,200,47.561326
-227.0,200,48.149004
-227.0,200,48.746177
-236.0,200,49.323494
-245.0,200,49.888685
-236.0,200,50.456189
-236.0,200,51.027146
-209.0,200,51.617448
-209.0,200,52.185391
-236.0,200,52.738096
-227.0,200,53.32571
-245.0,200,53.923192
-209.0,200,54.511705
-245.0,200,55.092353
-263.0,200,55.687265
-227.0,200,56.298534
-245.0,200,58.459932
-263.0,200,59.032924
-272.0,200,59.594082
-227.0,200,60.17318
-209.0,200,60.754129
-245.0,200,61.328772
-209.0,200,61.91052
-236.0,200,62.502018
-218.0,200,63.079427
-209.0,200,63.641116
-245.0,200,64.221067
-245.0,200,64.764963
-227.0,200,65.326193
-218.0,200,65.881874
-254.0,200,66.437107
-227.0,200,67.021352
-200.0,200,67.598963
-209.0,200,68.161181
-227.0,200,68.729782
-209.0,200,69.288755
-218.0,200,69.846051
-227.0,200,70.421009
-218.0,200,71.000172
-209.0,200,71.595328
-236.0,200,72.205156
-227.0,200,74.333656
-200.0,200,74.903838
-209.0,200,75.453533
-236.0,200,76.028568
-218.0,200,76.611643
-245.0,200,77.18841
-245.0,200,77.77357
-263.0,200,78.335324
-209.0,200,78.918086
-209.0,200,79.502117
-200.0,200,80.070378
-227.0,200,80.629067
-209.0,200,81.214165
-236.0,200,81.773232
-209.0,200,82.324211
-245.0,200,82.897392
-236.0,200,83.456964
-209.0,200,84.029838
-227.0,200,84.617325
-218.0,200,85.18668
-236.0,200,85.740156
-236.0,200,86.292433
-218.0,200,86.886431
-245.0,200,87.446456
-218.0,200,88.010998
-263.0,200,90.144038
-227.0,200,90.711087
-227.0,200,91.267448
-218.0,200,91.837517
-236.0,200,92.390152
-218.0,200,92.957364
-209.0,200,93.540693
-227.0,200,94.146953
-209.0,200,94.725312
-236.0,200,95.316219
-236.0,200,95.899332
-218.0,200,96.46589
-227.0,200,97.024468
-263.0,200,97.58815
-236.0,200,98.157402
-227.0,200,98.734829
-236.0,200,99.312066
-209.0,200,99.904116
-209.0,200,100.452754
-236.0,200,101.000114
-227.0,200,101.570226
-245.0,200,102.147664
-236.0,200,102.734117
-218.0,200,103.324222
-227.0,200,103.904025
-209.0,200,106.037579
-227.0,200,106.624701
-236.0,200,107.191556
-218.0,200,107.757028
-218.0,200,108.321097
-218.0,200,108.886006
-200.0,200,109.461735
-227.0,200,110.04233
-236.0,200,110.634783
-209.0,200,111.200705
-227.0,200,111.783979
-218.0,200,112.381611
-218.0,200,112.939816
-218.0,200,113.512939
-254.0,200,114.045202
-236.0,200,114.580067
-218.0,200,115.106111
-236.0,200,115.636088
-263.0,200,116.275912
-254.0,200,116.887573
-227.0,200,117.472361
-200.0,200,118.099875
-227.0,200,118.716989
-218.0,200,119.362658
-227.0,200,120.051406
-218.0,200,122.572111
-245.0,200,123.211764
-227.0,200,123.845408
-227.0,200,124.455147
-227.0,200,125.010882
-218.0,200,125.571418
-245.0,200,126.110115
-218.0,200,126.764664
-209.0,200,127.460894
-227.0,200,128.093309
-218.0,200,128.721423
-245.0,200,129.416155
-218.0,200,130.110878
-254.0,200,130.799768
-245.0,200,131.497473
-254.0,200,132.131776
-254.0,200,132.769616
-209.0,200,133.416791
-227.0,200,134.021997
-227.0,200,134.641085
-227.0,200,135.256757
-236.0,200,135.8407
-209.0,200,136.459311
-236.0,200,137.062769
-227.0,200,137.685941
-227.0,200,140.149213
-218.0,200,140.822867
-236.0,200,141.513597
-227.0,200,142.133379
-227.0,200,142.783023
-218.0,200,143.421082
-227.0,200,144.042022
-227.0,200,144.664361
-254.0,200,145.310933
-299.0,200,145.92829
-209.0,200,146.54942
-218.0,200,147.16173
-218.0,200,147.807729
-227.0,200,148.428427
-245.0,200,149.107832
-236.0,200,149.787247
-227.0,200,150.447922
-245.0,200,151.130361
-245.0,200,151.726227
-227.0,200,152.289872
-227.0,200,152.884429
-236.0,200,153.493818
-209.0,200,154.114874
-209.0,200,154.793804
-236.0,200,155.458192
