#{"t_start": 1756069017.6035974, "env_id": "None"}
r,l,t
637.0,861,9.297687
912.0,964,17.594201
251.0,42,17.954791
790.0,316,20.706872
228.0,60,21.211133
227.0,52,21.649683
597.0,140,22.843516
589.0,133,23.971313
443.0,2406,44.626661
863.0,1236,55.396559
583.0,157,56.757596
801.0,229,58.725935
923.0,886,66.574143
733.0,449,70.483025
527.0,1372,82.723424
267.0,2406,104.91891
222.0,71,105.562011
1021.0,2019,123.814026
748.0,569,128.979107
227.0,57,129.488125
577.0,200,131.299231
515.0,1575,145.633983
617.0,302,148.355864
188.0,101,149.253379
1057.0,1793,165.061309
246.0,57,165.544511
787.0,1704,181.219981
681.0,506,186.716514
720.0,741,194.654108
587.0,228,197.050408
990.0,615,203.652659
547.0,1596,221.090695
897.0,1047,232.272966
724.0,2220,256.372132
579.0,275,259.461776
242.0,53,260.024086
231.0,50,260.581893
618.0,112,261.839333
707.0,396,266.231927
429.0,2406,293.732198
812.0,1631,312.849207
963.0,2371,339.336498
671.0,1036,351.142659
232.0,60,351.807357
236.0,51,352.372365
247.0,42,352.855925
207.0,64,353.569619
239.0,70,354.318003
598.0,167,356.152831
562.0,1334,371.581763
599.0,152,373.289644
196.0,70,374.068204
1009.0,2120,397.67051
1172.0,1053,409.723334
840.0,1492,426.823236
240.0,48,427.36664
731.0,222,429.925002
598.0,418,434.732693
221.0,59,435.374917
234.0,50,435.91091
472.0,1608,454.420366
1768.0,2406,482.089766
249.0,44,482.605195
674.0,638,489.978543
606.0,112,491.243977
223.0,67,492.00586
217.0,57,492.666491
215.0,74,493.522859
203.0,63,494.24253
684.0,350,498.161186
630.0,116,499.459515
761.0,1867,520.008347
774.0,409,524.522602
443.0,2406,551.624756
218.0,64,552.380889
608.0,357,556.493543
232.0,61,557.228569
737.0,350,561.327459
252.0,40,561.786063
796.0,287,565.163219
646.0,132,566.707334
239.0,48,567.265812
231.0,57,567.891501
690.0,658,575.499718
243.0,52,576.084121
602.0,174,578.071391
813.0,182,580.198523
584.0,160,582.011299
626.0,129,583.46262
589.0,1529,601.315301
581.0,324,605.034695
596.0,147,606.663336
235.0,50,607.245448
232.0,62,607.989042
627.0,235,610.717097
643.0,150,612.444252
797.0,282,615.667284
1117.0,1542,633.38454
248.0,43,633.854921
802.0,251,636.623205
1223.0,1444,652.577304
239.0,45,653.075004
638.0,175,655.068289
640.0,1202,669.012203
609.0,353,673.032693
623.0,133,674.517148
248.0,62,675.212446
944.0,764,683.702363
636.0,102,684.830937
578.0,220,687.294745
1217.0,893,697.323863
494.0,1690,716.29687
444.0,2406,744.127877
1232.0,742,752.4632
267.0,2406,780.104634
227.0,67,780.849683
623.0,850,790.574501
577.0,225,793.246452
1268.0,558,799.958597
440.0,2406,829.096885
237.0,48,829.643886
542.0,520,835.948739
240.0,45,836.469897
250.0,43,836.972352
815.0,172,838.954445
232.0,51,839.507438
707.0,2168,864.962139
757.0,492,870.767086
548.0,387,875.331236
224.0,65,876.097904
226.0,57,876.760729
216.0,61,877.470096
251.0,42,877.981561
1276.0,1651,897.257855
667.0,472,902.991076
639.0,1229,917.970742
1333.0,1661,938.048298
620.0,157,939.954478
200.0,64,940.712858
553.0,338,944.811311
594.0,999,956.884701
562.0,325,960.720195
873.0,1161,977.983984
630.0,227,981.510047
603.0,906,994.96331
779.0,1754,1021.498693
552.0,516,1029.268575
1494.0,695,1039.22183
250.0,41,1039.816152
640.0,647,1049.123221
632.0,125,1050.968676
762.0,490,1057.760192
200.0,66,1058.718517
752.0,232,1062.034425
232.0,54,1062.811055
247.0,50,1063.664336
1044.0,236,1067.561074
636.0,190,1070.612275
236.0,55,1071.519997
811.0,195,1075.083944
594.0,263,1079.501526
951.0,707,1090.842941
769.0,1801,1119.995948
898.0,1072,1137.419364
768.0,1829,1167.581735
1071.0,1767,1196.559521
619.0,291,1201.256072
972.0,607,1211.06189
675.0,380,1217.227029
766.0,464,1224.670307
618.0,124,1226.746109
1336.0,242,1230.702784
529.0,540,1239.22875
733.0,166,1242.090714
238.0,45,1242.782498
555.0,1210,1263.347414
608.0,357,1269.182621
230.0,51,1270.094485
634.0,200,1273.303037
229.0,51,1274.004984
791.0,315,1279.159908
625.0,255,1283.366753
1252.0,704,1294.509652
246.0,48,1295.23827
652.0,489,1303.575211
1136.0,280,1308.38653
703.0,2227,1344.249259
631.0,220,1347.700635
214.0,83,1348.946984
1030.0,392,1355.481441
244.0,58,1356.325257
1002.0,491,1363.898336
609.0,179,1366.771177
1031.0,226,1370.664354
750.0,562,1379.741777
1193.0,1035,1397.014027
237.0,49,1397.883888
616.0,123,1399.937729
543.0,431,1407.213875
249.0,45,1408.014769
244.0,49,1408.873156
244.0,42,1409.577045
1031.0,315,1415.100446
243.0,47,1415.941368
919.0,913,1430.724611
246.0,45,1431.478443
776.0,405,1437.788918
229.0,52,1438.671445
229.0,55,1439.499992
221.0,53,1440.325007
239.0,48,1441.001654
248.0,39,1441.517205
774.0,418,1447.636165
612.0,205,1450.910137
1013.0,303,1455.608697
579.0,351,1461.23282
581.0,201,1464.727702
238.0,46,1465.489847
648.0,114,1467.150819
246.0,42,1467.769392
749.0,190,1471.028853
1185.0,1043,1487.7832
581.0,150,1490.150425
1171.0,1121,1507.590815
243.0,46,1508.386242
882.0,1138,1526.229428
231.0,57,1527.087622
250.0,40,1527.659534
1206.0,887,1541.324974
616.0,102,1542.633986
949.0,760,1554.373185
549.0,536,1562.73649
236.0,43,1563.481434
216.0,59,1564.460817
770.0,1811,1591.364323
217.0,56,1592.168191
634.0,199,1595.235148
613.0,274,1599.431349
563.0,252,1603.4329
248.0,40,1603.99746
802.0,250,1607.502479
236.0,49,1608.168832
1267.0,535,1616.63163
725.0,195,1619.783022
253.0,38,1620.442419
580.0,526,1629.146448
237.0,43,1629.826347
246.0,42,1630.56152
1018.0,310,1635.550214
1128.0,1437,1659.566127
238.0,43,1660.330187
230.0,51,1661.124294
767.0,228,1664.895059
640.0,1222,1686.267516
233.0,48,1687.10393
248.0,39,1687.731514
229.0,52,1688.605241
608.0,358,1694.398019
243.0,46,1695.095573
246.0,37,1695.646034
249.0,45,1696.26277
245.0,42,1696.772301
596.0,174,1699.517912
234.0,49,1700.280107
1031.0,237,1704.256981
1234.0,843,1719.041361
634.0,202,1722.420918
247.0,43,1723.114908
247.0,41,1723.803688
249.0,43,1724.53708
594.0,136,1726.638991
764.0,297,1731.765021
618.0,141,1734.146801
238.0,74,1735.43579
613.0,91,1736.917893
249.0,37,1737.608003
583.0,151,1740.158513
220.0,56,1741.247343
634.0,123,1743.405259
674.0,1017,1761.008277
874.0,1171,1781.269448
232.0,53,1782.140093
628.0,238,1786.577264
1537.0,310,1791.771321
248.0,42,1792.521578
250.0,43,1793.247976
649.0,645,1804.438193
607.0,94,1806.197829
635.0,196,1809.594316
1249.0,652,1820.440707
1670.0,419,1827.059855
1557.0,348,1832.956725
558.0,377,1839.420377
694.0,896,1854.688812
2261.0,911,1869.590834
229.0,54,1870.468689
1334.0,255,1874.753925
230.0,52,1875.572881
743.0,166,1878.398607
244.0,46,1879.220968
230.0,79,1880.534195
235.0,126,1882.650087
740.0,325,1887.858323
613.0,210,1891.216718
1670.0,329,1896.56624
237.0,42,1897.297797
615.0,86,1898.547834
734.0,237,1902.614901
247.0,42,1903.28334
637.0,184,1906.083285
597.0,211,1909.374854
248.0,44,1909.985858
1774.0,747,1922.000178
1018.0,320,1926.995929
247.0,41,1927.593445
1322.0,331,1933.119966
970.0,660,1943.294893
235.0,49,1944.153753
807.0,210,1947.520072
934.0,812,1960.720188
598.0,133,1962.88432
1405.0,308,1967.592021
638.0,106,1969.135387
638.0,177,1971.562792
608.0,95,1973.075057
250.0,41,1973.689153
637.0,183,1976.571784
241.0,47,1977.346854
247.0,41,1978.040545
532.0,1363,1999.352672
235.0,53,2000.136564
1017.0,318,2004.870115
239.0,45,2005.554357
229.0,51,2006.217232
242.0,46,2006.863343
251.0,39,2007.513762
950.0,802,2020.364487
786.0,346,2025.732779
962.0,671,2035.599084
619.0,290,2039.807898
761.0,494,2046.859867
1266.0,667,2056.810272
983.0,499,2064.559496
798.0,275,2068.738745
249.0,49,2069.549453
943.0,766,2080.97411
815.0,171,2083.597718
750.0,246,2087.504156
1323.0,330,2092.531767
251.0,41,2093.189606
804.0,236,2097.083603
811.0,194,2099.930433
1298.0,333,2104.65107
625.0,110,2106.138177
235.0,46,2106.8686
826.0,1459,2129.472109
724.0,188,2132.518084
222.0,77,2133.952354
981.0,550,2143.135543
635.0,192,2146.38168
794.0,298,2151.186538
1210.0,948,2165.701811
653.0,88,2167.179297
987.0,545,2175.903486
726.0,259,2180.234729
252.0,39,2180.928757
1426.0,233,2184.532642
247.0,43,2185.149178
1030.0,231,2188.785417
1302.0,448,2196.068682
1326.0,300,2200.88645
240.0,47,2201.575359
809.0,209,2204.845669
764.0,189,2207.811261
694.0,898,2222.520992
1324.0,318,2227.456332
1020.0,447,2234.258946
972.0,610,2243.523428
241.0,44,2244.211092
250.0,41,2244.850449
617.0,209,2248.224355
656.0,689,2259.38286
1766.0,779,2271.727815
232.0,46,2272.504137
248.0,42,2273.239551
649.0,108,2274.994954
632.0,214,2278.678398
624.0,140,2280.979997
1382.0,619,2290.961674
779.0,198,2294.026871
602.0,136,2296.388226
606.0,86,2297.665939
237.0,43,2298.288489
651.0,794,2310.410749
239.0,45,2311.060967
611.0,127,2312.970185
1323.0,274,2317.316432
1418.0,255,2321.06669
612.0,85,2322.353639
595.0,135,2324.253549
1029.0,247,2327.981536
240.0,46,2328.793483
1160.0,155,2331.210871
250.0,39,2331.83511
249.0,38,2332.39542
1038.0,210,2335.525836
583.0,151,2337.922806
245.0,43,2338.57253
252.0,37,2339.114025
248.0,38,2339.676174
238.0,48,2340.428387
628.0,117,2342.111943
229.0,52,2342.848379
635.0,194,2345.935317
1062.0,213,2349.335851
237.0,89,2350.760854
251.0,49,2351.53139
603.0,188,2354.369319
1025.0,259,2358.328718
991.0,482,2365.740506
249.0,38,2366.299017
246.0,46,2367.042264
242.0,45,2367.671698
577.0,147,2369.965367
235.0,46,2370.73027
240.0,45,2371.523707
813.0,183,2374.701983
243.0,45,2375.553945
240.0,46,2376.289835
610.0,82,2377.63817
252.0,38,2378.235579
230.0,49,2379.115114
623.0,120,2381.158734
812.0,190,2384.139323
249.0,39,2384.804404
215.0,59,2385.759012
1041.0,318,2390.810832
605.0,97,2392.364486
237.0,45,2393.07564
212.0,61,2394.146646
746.0,267,2398.452183
739.0,289,2403.015944
740.0,176,2406.043767
922.0,895,2420.22679
232.0,50,2420.973808
244.0,44,2421.616718
249.0,37,2422.169011
634.0,114,2423.912892
236.0,48,2424.692044
611.0,202,2427.875486
1031.0,214,2430.639736
796.0,288,2434.827367
731.0,185,2437.533385
200.0,62,2438.394174
247.0,41,2439.078693
247.0,42,2439.684125
247.0,39,2440.369382
1312.0,248,2444.266718
723.0,357,2449.928917
1214.0,978,2464.51728
638.0,175,2467.136792
728.0,204,2470.38695
603.0,128,2472.217986
790.0,183,2475.01552
1034.0,282,2479.615622
252.0,38,2480.18879
1029.0,249,2484.037232
990.0,501,2491.723378
1045.0,154,2493.981444
249.0,38,2494.557587
248.0,45,2495.225824
650.0,104,2496.827982
239.0,46,2497.511368
608.0,273,2501.892996
612.0,104,2503.537702
616.0,128,2505.555599
251.0,37,2506.127974
981.0,553,2515.133219
1299.0,361,2520.593513
250.0,38,2521.051453
252.0,38,2521.550508
1271.0,1182,2539.529124
249.0,37,2540.092881
622.0,125,2542.020242
724.0,365,2547.587648
711.0,156,2550.043612
1410.0,331,2554.882033
611.0,115,2556.662945
251.0,39,2557.248165
1489.0,776,2569.297094
608.0,137,2571.669908
201.0,64,2572.794922
980.0,567,2582.511883
608.0,86,2584.046558
736.0,232,2587.990541
591.0,129,2590.420994
235.0,47,2591.226026
1414.0,313,2596.586967
250.0,40,2597.292477
601.0,127,2599.287094
1040.0,340,2604.596991
613.0,136,2606.892411
1058.0,216,2610.879123
606.0,110,2612.76567
252.0,38,2613.606169
613.0,112,2615.570158
705.0,485,2623.852595
609.0,91,2625.453349
801.0,254,2629.997137
633.0,105,2631.673937
247.0,37,2632.27494
1512.0,628,2642.456717
252.0,38,2642.994904
250.0,42,2643.707705
1341.0,251,2647.872988
966.0,618,2658.328391
636.0,184,2661.695717
651.0,101,2663.28628
651.0,101,2664.952415
241.0,45,2665.605106
235.0,49,2666.318877
733.0,423,2673.266864
241.0,44,2674.086683
608.0,137,2676.414854
625.0,91,2677.867107
1500.0,626,2688.902884
244.0,44,2689.63849
239.0,46,2690.493563
247.0,43,2691.231719
551.0,366,2696.628169
604.0,85,2697.7254
620.0,688,2708.669179
201.0,62,2709.869811
1341.0,212,2713.670104
659.0,318,2718.876481
1274.0,614,2728.638188
622.0,94,2730.224193
649.0,112,2732.215622
236.0,48,2733.044144
649.0,109,2734.694623
1391.0,446,2741.807919
942.0,761,2758.095499
253.0,42,2758.870044
638.0,180,2761.97925
586.0,200,2765.428188
626.0,94,2767.016794
591.0,342,2772.547437
593.0,448,2779.320935
717.0,376,2785.50816
631.0,193,2788.649212
1339.0,259,2792.782291
733.0,135,2794.930477
620.0,117,2797.024441
250.0,42,2797.681168
605.0,85,2799.02191
246.0,39,2799.648254
1557.0,358,2805.540567
614.0,125,2807.758939
755.0,316,2812.892121
610.0,105,2814.671007
236.0,48,2815.409158
252.0,38,2816.026212
806.0,1579,2842.368557
252.0,37,2842.85645
1025.0,262,2847.294969
978.0,539,2855.646686
719.0,225,2859.693397
571.0,205,2863.633236
652.0,94,2865.113652
1423.0,277,2869.714893
1038.0,187,2873.055015
809.0,210,2876.814821
620.0,287,2881.737438
721.0,242,2886.411313
248.0,41,2887.185867
611.0,89,2888.718507
1321.0,181,2891.841019
616.0,190,2895.158827
1038.0,206,2898.967632
602.0,132,2901.533314
233.0,49,2902.360818
242.0,46,2903.055514
628.0,101,2904.532226
746.0,164,2907.121683
648.0,118,2908.935962
595.0,263,2913.253571
1011.0,360,2919.250563
249.0,33,2919.719559
731.0,283,2924.357206
1828.0,419,2930.859001
236.0,49,2931.555272
249.0,39,2932.107876
812.0,188,2935.325765
239.0,42,2935.976384
224.0,53,2936.806947
816.0,163,2939.494027
724.0,223,2942.890442
234.0,48,2943.627803
1307.0,412,2950.418205
639.0,98,2952.026367
752.0,215,2955.484071
653.0,87,2956.866375
993.0,488,2964.656591
1288.0,541,2973.065208
621.0,127,2975.086748
625.0,124,2977.067925
722.0,727,2989.115723
1325.0,256,2993.413339
251.0,40,2994.064621
623.0,265,2998.459494
251.0,37,2999.074047
240.0,40,2999.680376
251.0,38,3000.35879
245.0,46,3001.049904
748.0,149,3003.669604
624.0,88,3005.03179
624.0,260,3009.732262
1314.0,376,3016.756515
634.0,108,3018.818164
1282.0,439,3026.922431
632.0,100,3028.848261
250.0,39,3029.423355
804.0,237,3033.532009
1794.0,633,3045.313515
625.0,109,3047.598538
714.0,367,3054.083467
1012.0,353,3060.589488
248.0,41,3061.265422
231.0,44,3062.04345
252.0,35,3062.731495
745.0,145,3065.498738
1348.0,201,3069.146757
618.0,91,3070.691937
812.0,188,3074.103465
212.0,66,3075.256995
229.0,50,3076.19288
232.0,48,3077.015388
632.0,117,3079.038439
1039.0,246,3083.502463
239.0,46,3084.366936
1324.0,289,3089.789991
1421.0,263,3094.464126
251.0,38,3095.033686
617.0,92,3096.74333
626.0,92,3098.397669
252.0,37,3099.139944
252.0,38,3099.860009
619.0,133,3102.387791
235.0,43,3103.218485
250.0,36,3103.950735
616.0,116,3106.099398
237.0,42,3107.116059
237.0,48,3107.972244
1038.0,197,3112.23202
241.0,46,3113.526585
1300.0,499,3123.004743
1351.0,695,3136.279737
1024.0,281,3141.3782
1291.0,394,3149.090933
248.0,41,3149.865261
250.0,34,3150.575424
249.0,39,3151.281541
608.0,196,3154.842606
1823.0,467,3163.393247
228.0,54,3164.398088
245.0,42,3165.137943
250.0,39,3165.790982
1032.0,229,3169.985021
624.0,120,3172.504523
1417.0,278,3177.078187
613.0,110,3179.019589
250.0,36,3179.570787
1846.0,351,3186.374071
620.0,100,3188.469671
1333.0,270,3193.501802
907.0,1685,3223.950006
250.0,36,3224.625853
1042.0,175,3227.998051
249.0,37,3228.627893
608.0,81,3230.397168
250.0,35,3231.098881
1038.0,204,3236.197199
249.0,36,3237.035748
1527.0,527,3249.928606
245.0,40,3250.936214
809.0,206,3255.909259
815.0,171,3259.300147
238.0,86,3261.576144
608.0,113,3264.322865
666.0,468,3276.09403
1045.0,158,3280.006253
612.0,89,3282.003545
250.0,37,3282.657001
624.0,183,3286.235869
225.0,53,3287.445395
252.0,37,3288.24317
1543.0,353,3297.300256
249.0,36,3298.492552
249.0,40,3299.176197
176.0,162,3303.165306
607.0,158,3307.450984
250.0,36,3308.396423
249.0,34,3308.977394
250.0,43,3309.729375
639.0,96,3311.839626
251.0,37,3312.752269
238.0,44,3313.77188
1344.0,250,3320.246428
814.0,179,3323.994819
638.0,93,3326.073212
603.0,114,3328.31222
611.0,121,3330.887161
1316.0,308,3337.455986
1030.0,245,3343.877292
1051.0,175,3347.789234
631.0,112,3350.623396
625.0,85,3352.669884
247.0,39,3353.661719
1022.0,294,3361.119695
653.0,88,3363.156375
601.0,96,3365.839915
242.0,41,3366.905791
233.0,49,3368.022121
611.0,1146,3396.295198
248.0,40,3397.48606
747.0,160,3401.517862
250.0,37,3402.524389
1034.0,220,3408.291406
253.0,36,3409.556838
605.0,72,3411.464657
251.0,36,3412.840164
599.0,117,3416.042415
252.0,41,3417.486566
250.0,38,3418.575888
721.0,147,3422.619528
251.0,36,3423.569971
249.0,33,3424.491796
611.0,114,3427.231926
603.0,131,3429.997038
252.0,40,3430.743166
806.0,228,3435.500314
240.0,43,3436.296881
252.0,37,3437.081158
250.0,36,3438.047143
234.0,44,3439.080194
999.0,427,3447.173756
1033.0,243,3451.736615
252.0,36,3452.467959
251.0,35,3453.383085
610.0,97,3455.465722
252.0,44,3456.40493
627.0,108,3459.042145
234.0,43,3459.954555
1002.0,408,3468.772259
251.0,36,3469.357658
617.0,88,3471.336405
1344.0,205,3476.287021
249.0,48,3477.497224
1025.0,289,3483.759362
233.0,49,3484.773177
754.0,174,3488.989778
224.0,53,3490.191074
608.0,95,3492.249433
759.0,151,3495.823333
1038.0,201,3500.430872
253.0,35,3501.123495
247.0,37,3502.155056
249.0,39,3503.098671
250.0,37,3503.890008
1326.0,259,3510.313949
243.0,39,3511.270259
248.0,37,3512.038755
253.0,35,3512.80738
253.0,36,3513.564831
245.0,41,3514.445177
1002.0,418,3523.489347
1344.0,244,3529.169379
1037.0,209,3533.680639
617.0,80,3535.5997
1036.0,225,3540.953673
1025.0,272,3548.015003
229.0,46,3548.909974
632.0,94,3551.219374
249.0,41,3552.070563
1344.0,203,3556.769237
250.0,35,3557.752081
626.0,128,3560.325847
619.0,101,3562.475544
1039.0,194,3566.511549
247.0,41,3567.262858
621.0,116,3569.485254
240.0,46,3570.465501
621.0,91,3572.416252
609.0,87,3574.288784
630.0,98,3576.755859
807.0,219,3580.98376
253.0,35,3581.850727
777.0,158,3585.740147
246.0,41,3586.762638
241.0,41,3588.010135
740.0,209,3592.804194
243.0,42,3593.560772
625.0,122,3596.02185
602.0,124,3598.402477
1519.0,580,3610.084519
1584.0,210,3613.344236
251.0,39,3613.912832
640.0,167,3616.871593
1039.0,224,3621.910056
1038.0,270,3627.879287
581.0,152,3630.864625
616.0,110,3633.021944
1038.0,186,3637.496613
621.0,108,3639.979861
609.0,133,3642.023601
250.0,38,3642.761049
250.0,36,3643.732196
640.0,168,3647.478767
1430.0,243,3652.307849
1329.0,286,3657.481079
631.0,85,3659.457205
753.0,169,3663.184983
251.0,36,3663.898546
638.0,91,3665.825632
1046.0,146,3668.356546
624.0,110,3670.245511
253.0,37,3670.871761
1036.0,214,3674.71266
251.0,35,3675.311513
630.0,115,3677.102773
3000.0,730,3690.15442
616.0,95,3691.815435
607.0,84,3693.299665
254.0,34,3693.964308
1336.0,255,3699.356076
603.0,138,3701.650407
248.0,39,3702.296805
621.0,110,3704.239012
1409.0,329,3709.972059
624.0,116,3711.951166
1319.0,203,3715.522669
603.0,123,3717.503307
602.0,115,3719.743849
244.0,38,3720.503394
640.0,94,3722.25937
740.0,166,3725.446936
1317.0,275,3730.558998
244.0,43,3731.376956
1138.0,233,3735.927641
247.0,40,3736.672347
1040.0,176,3739.832394
251.0,39,3740.499283
247.0,44,3741.224186
1410.0,367,3747.781154
246.0,42,3748.560907
1672.0,308,3754.79767
617.0,196,3758.45428
813.0,182,3761.832147
245.0,67,3762.982399
252.0,39,3763.66801
1317.0,233,3767.714575
238.0,45,3768.588109
752.0,217,3772.44383
1341.0,231,3776.625442
246.0,42,3777.518315
608.0,77,3778.782438
615.0,122,3781.025074
731.0,216,3784.730304
249.0,39,3785.414636
624.0,82,3786.885922
249.0,34,3787.397467
252.0,36,3787.930509
616.0,77,3789.302428
632.0,119,3791.61539
253.0,38,3792.302153
733.0,228,3796.755003
171.0,156,3799.698948
246.0,72,3800.992454
1342.0,210,3804.592859
252.0,36,3805.143992
253.0,34,3805.769927
252.0,35,3806.382423
999.0,440,3813.751688
605.0,71,3814.831671
249.0,33,3815.505188
620.0,96,3817.199602
1145.0,239,3821.569193
1040.0,194,3824.905108
253.0,35,3825.461667
252.0,37,3826.011229
252.0,36,3826.56668
610.0,73,3827.664947
606.0,91,3829.306381
252.0,38,3829.99913
251.0,35,3830.648851
250.0,34,3831.305095
252.0,35,3832.052675
249.0,33,3832.67811
605.0,70,3834.009598
250.0,35,3834.666863
626.0,99,3836.625573
1039.0,178,3839.959328
252.0,35,3840.67142
249.0,33,3841.660631
249.0,33,3842.447153
251.0,36,3843.337437
249.0,35,3844.094769
249.0,38,3844.966986
251.0,36,3845.935176
1029.0,261,3850.960202
252.0,37,3851.896954
252.0,41,3852.772243
610.0,83,3854.930035
251.0,35,3855.71702
814.0,179,3859.389815
618.0,129,3861.911656
252.0,36,3862.777959
246.0,39,3863.758624
235.0,48,3864.827652
245.0,40,3865.561497
237.0,46,3866.448898
245.0,40,3867.355483
614.0,112,3869.642656
612.0,84,3871.432189
249.0,38,3872.171224
251.0,37,3872.846154
238.0,43,3873.469276
245.0,43,3874.181508
810.0,200,3878.198503
603.0,147,3880.953248
1342.0,209,3885.24163
639.0,97,3887.426247
247.0,43,3888.459656
252.0,34,3889.393743
1035.0,219,3894.537173
249.0,38,3895.506361
252.0,35,3896.151667
234.0,44,3896.984401
251.0,38,3897.804391
628.0,94,3899.735801
1275.0,614,3913.309529
653.0,84,3915.165038
250.0,35,3915.77843
1311.0,390,3923.602703
253.0,34,3924.239692
251.0,37,3924.91197
625.0,121,3927.55204
619.0,107,3929.918892
608.0,129,3932.772509
755.0,171,3936.594788
1036.0,225,3941.109908
249.0,37,3941.90944
248.0,37,3942.739035
250.0,35,3943.32681
630.0,115,3945.506744
1031.0,237,3950.296696
250.0,35,3950.884327
1021.0,299,3956.134836
236.0,43,3957.092139
250.0,38,3958.200683
1348.0,232,3962.692023
607.0,70,3964.093174
1328.0,302,3970.682379
1334.0,212,3975.128971
1036.0,356,3983.617031
804.0,235,3988.38841
252.0,37,3989.100544
804.0,240,3993.745188
1239.0,683,4007.993378
797.0,281,4013.330367
804.0,238,4018.299258
623.0,96,4020.292464
253.0,36,4020.898676
794.0,297,4026.870124
1339.0,256,4032.249938
251.0,36,4032.924896
794.0,298,4038.872048
240.0,42,4039.6468
247.0,35,4040.469754
574.0,467,4049.615952
617.0,121,4052.047178
247.0,40,4052.936413
245.0,40,4053.782783
1026.0,222,4058.206886
613.0,140,4061.157084
248.0,36,4061.804126
1315.0,366,4069.500011
1010.0,361,4077.155606
250.0,36,4078.065868
246.0,38,4078.78711
619.0,88,4080.749699
252.0,35,4081.460859
639.0,168,4085.120503
250.0,37,4086.131336
239.0,46,4087.550443
606.0,201,4091.509651
238.0,45,4092.479294
1340.0,220,4097.160407
613.0,77,4098.722735
580.0,117,4101.054868
1033.0,243,4105.905782
251.0,35,4106.858803
1579.0,227,4111.334307
603.0,105,4113.338403
596.0,161,4116.746783
249.0,37,4117.374678
579.0,196,4121.089071
244.0,43,4121.937679
1016.0,341,4128.727382
611.0,124,4131.033627
252.0,35,4131.758251
254.0,34,4132.373317
249.0,33,4132.944537
252.0,34,4133.533312
254.0,35,4134.196958
252.0,34,4134.723639
625.0,95,4136.332306
747.0,163,4139.17335
636.0,100,4141.037379
609.0,95,4142.704589
252.0,40,4143.503291
1425.0,238,4148.435266
125.0,126,4150.829782
209.0,64,4152.022496
1038.0,197,4156.066101
252.0,36,4156.933176
249.0,33,4157.65388
251.0,34,4158.460027
249.0,33,4159.285162
247.0,36,4160.047511
244.0,39,4160.790619
761.0,205,4165.257447
249.0,37,4166.242695
605.0,125,4169.251002
1036.0,198,4173.280814
253.0,34,4173.92264
253.0,34,4174.772606
254.0,34,4175.405248
1296.0,488,4185.861049
252.0,36,4186.609513
1036.0,188,4189.671906
249.0,33,4190.297469
813.0,186,4194.871848
1334.0,272,4201.305426
1040.0,182,4205.015461
1033.0,240,4210.307245
736.0,177,4214.378139
1327.0,181,4218.064643
586.0,184,4222.156815
626.0,107,4224.142476
606.0,114,4226.337561
1026.0,281,4231.708068
619.0,117,4233.894386
610.0,92,4235.764344
636.0,92,4237.731448
816.0,165,4241.561925
818.0,154,4244.628498
728.0,120,4247.097553
246.0,36,4247.715088
1327.0,189,4252.102247
1311.0,378,4260.629974
1343.0,204,4265.161979
1034.0,231,4269.745689
253.0,37,4270.403198
240.0,43,4271.16263
734.0,423,4280.112287
1312.0,239,4284.87869
232.0,46,4285.848989
245.0,39,4286.611358
1337.0,253,4292.450199
249.0,33,4293.207355
253.0,34,4293.854956
1044.0,150,4296.864678
1037.0,202,4300.974571
237.0,40,4301.904168
1035.0,230,4306.525929
817.0,161,4309.624224
250.0,35,4310.386016
243.0,38,4311.502597
1048.0,174,4315.33121
1029.0,238,4320.426453
248.0,38,4321.128875
1027.0,255,4327.216051
1330.0,213,4331.981623
1031.0,235,4336.456342
249.0,33,4337.122418
1337.0,239,4342.070963
250.0,36,4342.748261
251.0,36,4343.433614
592.0,131,4346.178062
243.0,42,4346.997945
250.0,40,4348.031432
253.0,36,4348.770113
1040.0,183,4352.071861
638.0,178,4356.006844
250.0,38,4356.855681
250.0,37,4357.499397
1068.0,165,4360.426439
1044.0,165,4363.491987
595.0,117,4365.634569
247.0,38,4366.423869
754.0,258,4371.488951
615.0,138,4374.5137
249.0,33,4375.191486
252.0,34,4375.950644
254.0,35,4376.584439
250.0,34,4377.324362
249.0,33,4377.978751
249.0,33,4378.731204
249.0,33,4379.426779
239.0,40,4380.10431
246.0,40,4380.857798
220.0,49,4381.871695
1024.0,296,4388.128837
249.0,37,4388.836626
249.0,33,4389.470882
1046.0,164,4392.850227
254.0,34,4393.585134
252.0,34,4394.194641
609.0,72,4395.701647
810.0,200,4399.832807
1049.0,148,4402.922624
250.0,34,4403.613769
248.0,36,4404.4201
244.0,44,4405.231264
1923.0,295,4410.810471
253.0,38,4411.708909
251.0,37,4412.444105
1031.0,224,4416.967659
250.0,37,4417.655304
254.0,34,4418.234928
253.0,34,4418.963367
244.0,38,4419.595863
1046.0,159,4422.920291
1041.0,163,4426.886487
244.0,42,4427.757645
1316.0,234,4432.89146
241.0,44,4433.862188
1299.0,297,4440.29767
223.0,52,4441.504413
232.0,48,4442.472608
253.0,34,4443.326655
1044.0,162,4447.066928
1139.0,196,4450.851748
1034.0,214,4454.839958
1047.0,155,4457.978336
609.0,71,4459.310412
249.0,33,4459.997631
249.0,33,4460.570221
249.0,33,4461.214278
251.0,39,4461.835509
1042.0,173,4465.754694
249.0,33,4466.445995
249.0,33,4467.061457
253.0,34,4467.630823
247.0,40,4468.483321
245.0,39,4469.186826
1037.0,215,4473.017623
249.0,33,4473.950911
618.0,101,4475.975512
621.0,98,4478.55319
251.0,37,4479.269033
1038.0,177,4483.326624
752.0,221,4487.926997
635.0,196,4491.514397
2960.0,972,4510.731869
243.0,39,4511.452479
1032.0,239,4516.243674
1031.0,257,4522.297391
610.0,124,4524.894771
1055.0,246,4530.129255
239.0,42,4530.883403
1427.0,181,4534.826399
1431.0,212,4539.086698
252.0,37,4539.925927
252.0,37,4540.983793
244.0,39,4541.9792
244.0,40,4542.972961
248.0,39,4543.860118
252.0,37,4544.730118
246.0,40,4545.683293
1042.0,169,4549.049623
253.0,36,4549.793982
1037.0,191,4554.461687
252.0,37,4555.489887
252.0,37,4556.208945
721.0,205,4560.747703
1041.0,163,4564.259042
653.0,88,4566.266277
252.0,37,4567.040866
251.0,37,4567.919541
1039.0,191,4572.149803
1023.0,292,4578.241696
612.0,104,4580.601534
816.0,166,4584.272603
1041.0,167,4587.553061
608.0,228,4591.906537
629.0,108,4594.483829
1694.0,269,4600.061484
1582.0,216,4605.024801
610.0,75,4606.301808
1047.0,140,4609.442231
1343.0,196,4614.121353
252.0,37,4614.901614
252.0,37,4615.625856
252.0,37,4616.435665
252.0,37,4617.127557
1045.0,155,4620.286601
612.0,77,4621.655281
1042.0,173,4625.345206
1334.0,201,4629.75989
249.0,38,4630.546041
618.0,79,4632.018856
252.0,34,4632.710492
610.0,75,4634.390481
1135.0,258,4639.274751
1027.0,241,4644.441228
249.0,36,4645.06763
246.0,42,4645.944864
606.0,74,4647.517672
614.0,78,4649.287824
249.0,33,4650.009289
252.0,34,4650.594119
249.0,33,4651.27368
616.0,75,4653.039466
253.0,37,4653.730274
1038.0,179,4657.419869
614.0,84,4659.421029
1005.0,411,4668.910839
818.0,155,4672.06137
252.0,37,4672.710777
1037.0,186,4676.425595
1038.0,176,4680.493266
618.0,111,4682.749499
612.0,88,4684.847131
1341.0,199,4689.022338
249.0,33,4689.593982
249.0,33,4690.087788
249.0,33,4690.687786
249.0,33,4691.365895
249.0,34,4692.127709
249.0,33,4692.785728
249.0,33,4693.460698
253.0,34,4694.067458
250.0,35,4694.799333
253.0,36,4695.699194
252.0,35,4696.305895
254.0,34,4696.935527
1044.0,184,4700.955824
252.0,37,4701.689616
609.0,88,4703.196671
249.0,33,4703.973183
253.0,34,4704.572731
1034.0,219,4708.842366
1346.0,177,4712.699903
252.0,37,4713.372876
1346.0,196,4717.244817
1011.0,362,4723.384388
991.0,470,4731.560592
619.0,196,4735.141204
1044.0,144,4737.717901
620.0,114,4739.727967
252.0,37,4740.389483
252.0,37,4740.963452
252.0,37,4741.537663
250.0,37,4742.123524
608.0,74,4743.391174
608.0,120,4745.554817
252.0,37,4746.263984
250.0,37,4747.17994
251.0,37,4747.966377
249.0,37,4748.726365
250.0,37,4749.613083
605.0,129,4752.00601
802.0,250,4756.650648
252.0,37,4757.319349
1038.0,209,4761.344612
252.0,37,4762.167253
252.0,37,4762.849119
248.0,37,4763.528419
252.0,37,4764.348505
251.0,38,4765.157885
1312.0,360,4771.433566
993.0,491,4780.029078
1029.0,251,4784.611727
252.0,37,4785.27618
1037.0,185,4788.714747
1034.0,216,4793.063449
1011.0,359,4799.117094
1290.0,514,4809.005452
614.0,84,4810.613157
621.0,170,4814.032354
603.0,116,4816.319669
252.0,37,4817.025129
1296.0,480,4825.941252
251.0,38,4826.744745
251.0,38,4827.624284
252.0,37,4828.398932
252.0,37,4829.139912
252.0,37,4829.7368
591.0,225,4834.044691
609.0,149,4836.875643
1036.0,222,4840.698887
613.0,165,4844.062354
713.0,224,4848.486184
1041.0,177,4852.015393
617.0,101,4853.81196
615.0,97,4855.823272
251.0,37,4856.490907
251.0,37,4857.372732
252.0,37,4858.07389
1042.0,158,4861.050934
248.0,39,4861.710061
1024.0,289,4866.829751
635.0,102,4868.477009
252.0,37,4869.104807
251.0,37,4869.834673
1042.0,176,4873.68613
604.0,81,4875.467381
616.0,95,4877.55351
252.0,37,4878.255828
252.0,37,4878.951395
252.0,37,4879.617344
616.0,100,4881.463264
620.0,152,4884.352341
1045.0,164,4887.502673
599.0,192,4891.517353
611.0,99,4893.302048
252.0,37,4894.067084
247.0,38,4894.727361
1032.0,251,4899.836461
591.0,200,4904.718317
252.0,37,4905.547786
606.0,73,4907.279125
779.0,388,4914.798538
638.0,177,4918.039239
1035.0,213,4922.877094
607.0,96,4925.1999
673.0,577,4937.713309
1149.0,227,4942.406856
252.0,37,4943.171997
252.0,37,4944.081051
252.0,37,4944.980145
252.0,37,4945.735669
248.0,38,4946.585218
249.0,38,4947.174968
810.0,200,4951.289079
252.0,37,4952.021189
252.0,37,4952.650715
252.0,37,4953.511947
1045.0,171,4956.635699
806.0,228,4960.486555
618.0,97,4962.883464
1049.0,149,4966.211811
1038.0,205,4970.266029
252.0,37,4970.97338
252.0,37,4971.606102
252.0,37,4972.244519
249.0,38,4973.043525
623.0,264,4978.465158
247.0,39,4979.116655
591.0,180,4982.521492
1047.0,194,4986.451247
636.0,110,4988.73885
603.0,107,4990.828203
613.0,77,4992.626545
635.0,94,4994.654756
634.0,95,4996.70681
1524.0,464,5006.068177
1040.0,199,5010.027606
1037.0,222,5015.402223
619.0,86,5017.214958
252.0,37,5018.352585
613.0,89,5020.336822
1046.0,154,5023.739199
621.0,113,5026.384116
1047.0,160,5030.115939
609.0,80,5031.829497
252.0,37,5032.52388
252.0,37,5033.228775
252.0,37,5034.124715
252.0,37,5035.079633
731.0,120,5037.741893
599.0,192,5041.703718
616.0,104,5043.752939
953.0,712,5058.569492
252.0,37,5059.602638
252.0,37,5060.383307
251.0,37,5061.063953
251.0,37,5061.981316
1433.0,220,5066.084006
252.0,37,5066.689711
252.0,37,5067.660348
252.0,37,5068.330561
252.0,37,5068.984188
604.0,102,5071.247544
613.0,88,5073.303459
252.0,37,5073.98106
252.0,37,5074.639256
252.0,37,5075.41174
1027.0,262,5080.892107
1043.0,160,5083.904939
1063.0,195,5087.9437
554.0,581,5100.493019
793.0,304,5107.312991
640.0,92,5109.274179
1038.0,212,5113.015207
573.0,362,5120.023032
252.0,37,5120.727526
249.0,37,5121.47746
1338.0,172,5125.284464
611.0,95,5127.175122
1025.0,316,5133.211737
1043.0,170,5136.557628
1330.0,275,5142.749384
614.0,96,5145.035797
620.0,105,5147.04794
252.0,37,5147.811167
1045.0,153,5151.288607
252.0,37,5152.084986
252.0,37,5152.770002
605.0,168,5156.37288
251.0,37,5157.014564
1032.0,231,5161.701887
1383.0,540,5172.87843
1307.0,286,5178.884192
251.0,37,5179.876053
253.0,37,5180.615238
252.0,37,5181.302253
252.0,37,5182.028946
618.0,190,5185.862673
1428.0,220,5190.621448
1075.0,151,5193.938633
1044.0,169,5197.722871
252.0,37,5198.706564
252.0,37,5199.543744
620.0,160,5202.992745
252.0,37,5203.69469
251.0,37,5204.362176
614.0,91,5206.169274
809.0,204,5210.207653
252.0,37,5210.749792
252.0,37,5211.457216
252.0,37,5212.201047
252.0,37,5212.813878
252.0,37,5213.595763
252.0,37,5214.352163
601.0,108,5216.497564
252.0,37,5217.250332
996.0,435,5227.263938
607.0,87,5228.979296
1045.0,151,5231.934919
247.0,39,5232.789605
603.0,141,5235.733249
252.0,37,5236.428623
252.0,37,5237.347937
249.0,38,5238.197677
252.0,37,5238.990895
252.0,37,5240.01029
742.0,256,5245.435494
1038.0,195,5250.117727
1026.0,274,5256.289435
252.0,37,5257.14615
251.0,38,5258.025184
252.0,37,5258.927823
252.0,37,5259.624148
611.0,89,5261.519581
237.0,43,5262.726711
1049.0,161,5266.105141
245.0,39,5267.092408
244.0,40,5268.158323
996.0,452,5277.590386
252.0,37,5278.299215
251.0,37,5279.235462
1027.0,274,5285.240103
252.0,37,5286.196252
252.0,37,5287.06248
251.0,37,5287.917471
813.0,183,5292.020879
2313.0,623,5303.733266
1033.0,217,5308.143079
732.0,120,5310.599136
251.0,38,5311.262275
252.0,37,5312.189139
252.0,37,5312.806369
1037.0,196,5316.975094
251.0,37,5317.742811
250.0,37,5318.449721
250.0,37,5319.090143
248.0,40,5319.981492
252.0,37,5320.799378
608.0,107,5322.868845
252.0,37,5323.674473
252.0,37,5324.452134
1041.0,196,5328.531544
1309.0,217,5333.463271
612.0,179,5337.15969
252.0,37,5337.841457
1045.0,154,5341.162015
252.0,37,5341.984158
251.0,37,5342.621962
252.0,37,5343.59007
252.0,37,5344.53688
252.0,37,5345.28086
615.0,103,5347.548426
787.0,336,5355.26368
247.0,38,5356.038568
249.0,37,5356.724261
244.0,39,5357.546866
252.0,37,5358.247445
252.0,37,5358.990504
252.0,37,5359.552961
252.0,37,5360.2675
251.0,37,5361.068955
251.0,37,5361.84055
252.0,37,5362.574089
252.0,37,5363.735436
251.0,37,5364.824528
252.0,37,5365.744452
252.0,37,5366.629163
252.0,37,5367.401318
252.0,37,5368.13171
252.0,37,5368.867137
252.0,37,5369.543877
1319.0,249,5373.957909
607.0,107,5376.160484
1337.0,224,5380.637203
1042.0,165,5383.892041
632.0,109,5386.183139
252.0,37,5386.968564
252.0,37,5387.870766
252.0,37,5388.806664
251.0,37,5389.604054
981.0,558,5401.174162
252.0,37,5401.887328
600.0,195,5406.113378
1051.0,150,5409.565563
608.0,88,5411.210073
1037.0,200,5415.176495
244.0,38,5415.870542
252.0,37,5416.594712
252.0,37,5417.350357
246.0,39,5418.031016
636.0,108,5420.094696
252.0,37,5421.036615
1264.0,712,5435.333567
776.0,402,5443.680387
1074.0,143,5446.899649
252.0,37,5447.738659
250.0,40,5448.561822
1045.0,162,5451.812382
243.0,40,5452.622314
1416.0,324,5458.972085
252.0,37,5459.866503
251.0,37,5460.451437
1579.0,240,5465.539154
588.0,272,5470.967501
252.0,37,5471.676464
602.0,155,5474.367284
634.0,90,5476.51036
1049.0,161,5480.183202
1034.0,226,5484.970872
252.0,37,5485.952964
252.0,37,5486.597285
1042.0,187,5490.647975
1046.0,152,5493.745949
253.0,37,5494.5193
252.0,37,5495.207119
781.0,219,5500.319725
252.0,37,5501.176788
252.0,37,5501.827872
252.0,37,5502.437199
251.0,37,5503.182446
633.0,109,5505.084843
620.0,108,5507.288988
1036.0,205,5511.802042
609.0,123,5514.356559
251.0,37,5515.093163
1031.0,231,5520.045132
1911.0,323,5527.124274
252.0,37,5527.760358
1336.0,245,5533.250945
1424.0,243,5538.877876
250.0,37,5539.591741
234.0,42,5540.701059
1043.0,157,5544.389038
1050.0,143,5547.266066
815.0,169,5550.448786
252.0,37,5551.10962
250.0,38,5551.76132
252.0,37,5552.574449
591.0,127,5555.253366
1045.0,151,5558.470545
970.0,610,5573.835795
1134.0,209,5580.175199
622.0,272,5587.217966
1040.0,177,5592.137938
622.0,90,5594.758461
617.0,101,5597.277676
245.0,40,5598.158211
245.0,41,5599.37412
619.0,89,5601.618608
614.0,85,5604.718856
624.0,258,5610.984298
252.0,37,5612.068993
1038.0,192,5617.334618
1414.0,252,5623.785693
1049.0,148,5628.055481
1340.0,230,5634.049028
248.0,38,5635.189713
730.0,194,5639.549378
608.0,86,5641.964871
250.0,37,5643.013773
247.0,40,5643.955083
250.0,37,5644.970614
1044.0,168,5648.711607
1025.0,279,5655.339662
1044.0,158,5658.915621
250.0,37,5659.858091
1041.0,195,5664.723598
252.0,37,5665.838029
251.0,37,5666.816764
1046.0,157,5670.692194
1046.0,152,5674.546136
252.0,37,5675.574825
252.0,37,5676.248407
251.0,38,5677.299766
1033.0,221,5683.072775
1682.0,309,5690.683034
1671.0,395,5699.881822
252.0,37,5700.701926
1031.0,240,5706.560647
1044.0,167,5710.88804
238.0,43,5712.189621
251.0,37,5712.840075
637.0,180,5717.268116
1430.0,213,5722.339527
593.0,118,5725.889842
1432.0,232,5731.025931
1044.0,170,5734.930733
1043.0,166,5739.119764
252.0,37,5739.927614
249.0,38,5740.831967
1028.0,237,5746.11942
1031.0,234,5751.572769
252.0,37,5752.384411
1042.0,164,5756.501657
1686.0,289,5763.332095
636.0,186,5767.524163
250.0,37,5768.531652
1046.0,158,5771.990657
639.0,169,5775.787509
1334.0,255,5782.592214
1074.0,243,5788.052837
250.0,37,5789.078119
250.0,37,5790.147136
251.0,37,5791.364363
250.0,37,5792.199734
247.0,38,5793.012268
1144.0,216,5798.667686
726.0,162,5801.980169
1072.0,160,5805.255694
251.0,38,5806.044855
809.0,205,5810.218635
252.0,37,5810.961102
252.0,37,5811.710008
250.0,37,5812.573049
583.0,134,5815.263586
612.0,93,5817.050308
245.0,43,5817.96411
251.0,37,5818.887688
624.0,120,5821.357294
1030.0,238,5826.073432
250.0,37,5827.02107
250.0,38,5827.943006
1034.0,221,5832.434988
715.0,175,5836.510789
1039.0,178,5840.184034
591.0,127,5842.570745
252.0,37,5843.295537
625.0,84,5845.065945
611.0,86,5846.638121
252.0,37,5847.376807
816.0,166,5850.735253
1922.0,273,5856.306905
252.0,37,5856.996001
1069.0,174,5860.618387
633.0,207,5864.241606
238.0,42,5866.624832
250.0,37,5867.502754
251.0,37,5868.514899
1320.0,340,5874.873958
986.0,516,5884.486322
1043.0,175,5888.328043
251.0,38,5889.067441
1041.0,197,5893.123395
251.0,38,5893.996733
1047.0,150,5897.694646
252.0,37,5898.589612
1563.0,223,5903.098173
651.0,100,5904.90157
251.0,38,5905.700955
1047.0,155,5908.842439
1038.0,179,5912.247419
252.0,39,5926.827326
812.0,189,5930.584537
1038.0,194,5935.05073
815.0,170,5939.200369
596.0,117,5942.477465
606.0,93,5944.492144
251.0,38,5945.63596
1044.0,180,5949.497555
249.0,33,5950.335605
1045.0,176,5954.910259
1328.0,234,5960.872568
1151.0,218,5965.874393
1336.0,236,5971.276704
638.0,94,5973.444533
1040.0,181,5976.921155
1046.0,147,5978.853588
251.0,38,5986.938191
251.0,38,5987.938923
252.0,37,5988.93812
251.0,38,5989.798411
1043.0,176,5993.814825
979.0,549,6006.728667
1695.0,268,6013.048287
251.0,38,6014.042062
806.0,224,6019.451439
239.0,44,6020.723696
250.0,37,6021.547787
1311.0,401,6030.351935
1352.0,181,6034.129136
249.0,37,6034.657568
250.0,37,6035.428473
1038.0,206,6039.310815
251.0,37,6046.902318
1042.0,155,6050.83881
1347.0,200,6055.443161
251.0,38,6056.662663
750.0,563,6069.531261
769.0,445,6079.585576
252.0,37,6080.297476
1288.0,415,6089.691423
239.0,44,6090.8417
250.0,39,6091.757562
249.0,41,6092.818143
252.0,38,6093.717541
1031.0,238,6111.428402
251.0,38,6112.386832
252.0,37,6113.2436
251.0,38,6114.042906
251.0,38,6114.731544
241.0,44,6115.912844
241.0,44,6116.827141
813.0,186,6121.077498
238.0,43,6121.945245
252.0,37,6122.776306
247.0,40,6123.795565
1319.0,237,6129.253841
1043.0,174,6133.530521
1046.0,165,6137.404243
1047.0,153,6141.156992
816.0,168,6144.88731
1325.0,304,6151.709068
812.0,189,6155.642005
251.0,44,6156.275423
252.0,36,6156.76193
251.0,37,6166.49672
1046.0,163,6169.303366
251.0,46,6170.027704
250.0,37,6170.748714
251.0,38,6171.462652
1351.0,173,6174.865929
1041.0,168,6178.838784
251.0,38,6179.653536
806.0,226,6184.663117
1044.0,169,6188.151452
1043.0,164,6191.143657
729.0,124,6193.433617
252.0,37,6194.177818
1432.0,214,6198.87138
247.0,66,6200.009001
251.0,38,6200.655726
1041.0,176,6204.139339
1036.0,213,6208.309872
1050.0,144,6211.028641
251.0,37,6211.660186
251.0,37,6212.43358
252.0,37,6213.392224
251.0,38,6214.228914
251.0,38,6214.988515
1041.0,186,6219.418954
1049.0,146,6221.973023
1047.0,162,6226.244166
251.0,38,6227.218749
251.0,38,6228.028393
814.0,177,6231.444193
639.0,168,6234.810965
248.0,39,6235.551603
1032.0,232,6240.60898
251.0,37,6241.220467
252.0,38,6241.816341
247.0,40,6242.875516
252.0,38,6243.564052
251.0,38,6244.569352
610.0,90,6246.477605
1710.0,253,6251.611539
251.0,37,6252.432581
251.0,37,6253.257258
252.0,37,6254.017345
605.0,73,6255.795902
1043.0,185,6259.461481
249.0,39,6260.235147
811.0,194,6263.829008
252.0,37,6264.589047
251.0,38,6265.349998
251.0,38,6266.236183
249.0,38,6267.155018
1046.0,163,6270.902442
1045.0,147,6274.24404
598.0,120,6277.192015
252.0,37,6277.88586
627.0,84,6279.489896
1577.0,257,6285.157948
1046.0,161,6288.748111
562.0,129,6291.465887
251.0,37,6292.27211
815.0,171,6295.580264
632.0,96,6297.591378
1925.0,263,6302.463716
1700.0,231,6308.215815
1346.0,180,6312.372331
252.0,37,6313.041658
252.0,37,6313.851643
251.0,38,6314.797599
251.0,38,6315.733593
1049.0,147,6319.111862
1345.0,196,6323.822896
1433.0,189,6328.158626
1038.0,193,6332.111978
251.0,38,6332.849115
251.0,38,6333.535957
250.0,38,6334.38802
251.0,38,6335.036716
251.0,38,6335.951792
248.0,37,6336.957949
247.0,38,6337.680004
651.0,102,6339.814661
637.0,92,6342.077955
252.0,37,6343.066748
1046.0,148,6346.341228
1046.0,146,6349.117251
250.0,37,6349.912415
251.0,37,6350.63506
1039.0,170,6354.463495
1045.0,161,6357.824172
252.0,37,6358.50053
1037.0,224,6363.37868
243.0,41,6364.268058
1047.0,143,6367.275701
1693.0,241,6372.593595
1046.0,167,6376.305422
251.0,37,6377.161386
252.0,37,6378.0822
252.0,37,6378.81473
561.0,135,6381.601661
252.0,38,6382.42503
252.0,37,6383.233989
252.0,37,6383.988095
238.0,43,6384.857677
250.0,37,6385.606588
250.0,37,6386.217138
251.0,38,6386.874341
1036.0,232,6392.240827
1347.0,192,6396.261067
634.0,88,6398.363703
249.0,38,6399.24964
251.0,38,6400.268636
252.0,37,6401.357522
608.0,76,6402.89133
251.0,38,6403.763452
1896.0,403,6411.89179
251.0,38,6412.684933
251.0,38,6413.557901
253.0,39,6414.459423
250.0,38,6415.150611
251.0,38,6415.692326
251.0,38,6416.442349
1032.0,244,6421.518577
252.0,38,6422.323105
251.0,38,6423.164826
1034.0,202,6427.666192
250.0,38,6428.534389
250.0,38,6429.299611
250.0,38,6430.058079
1041.0,201,6434.361023
250.0,38,6435.145318
250.0,38,6435.841121
250.0,38,6436.701108
1027.0,266,6442.837821
638.0,98,6444.94458
250.0,38,6445.702709
250.0,37,6446.473792
1035.0,221,6451.33572
251.0,38,6452.285522
251.0,38,6453.138817
730.0,118,6455.287159
561.0,132,6458.334397
632.0,96,6460.502909
252.0,37,6461.347727
252.0,37,6462.172725
243.0,41,6463.09611
1035.0,240,6468.081943
252.0,37,6468.965439
251.0,37,6470.033338
251.0,37,6471.140883
250.0,38,6472.044999
565.0,139,6475.031674
250.0,39,6475.847349
244.0,41,6476.692801
245.0,40,6477.452995
250.0,39,6478.411694
1042.0,184,6482.125901
250.0,37,6483.047949
251.0,38,6483.720835
252.0,37,6484.513646
1047.0,147,6487.812543
249.0,38,6488.734439
1044.0,184,6493.067188
251.0,38,6493.831216
251.0,38,6494.457062
251.0,38,6495.207149
252.0,37,6495.816279
252.0,37,6496.764215
251.0,38,6497.386911
251.0,38,6498.326957
245.0,41,6499.182984
1043.0,178,6503.085937
252.0,37,6503.833241
252.0,37,6504.771915
243.0,41,6505.636048
243.0,41,6506.56292
1385.0,473,6517.193926
252.0,37,6518.095091
252.0,37,6518.953608
1141.0,240,6523.144019
251.0,37,6523.771487
639.0,168,6527.356522
583.0,121,6530.085231
249.0,38,6530.72907
250.0,37,6531.361468
250.0,38,6531.963726
251.0,38,6532.996209
251.0,38,6533.889077
1849.0,270,6539.804392
609.0,105,6541.810256
251.0,40,6542.663646
252.0,37,6543.582121
636.0,95,6545.649891
1581.0,212,6550.659037
629.0,97,6552.71806
252.0,37,6553.491573
1037.0,200,6557.877006
250.0,37,6558.600032
252.0,37,6559.527464
253.0,39,6560.640651
251.0,38,6561.444534
250.0,38,6562.11318
1343.0,201,6566.583562
603.0,83,6568.239218
1043.0,151,6571.481485
252.0,37,6572.303359
252.0,37,6573.058773
607.0,74,6574.5421
606.0,74,6576.036543
251.0,38,6576.962394
252.0,37,6577.92251
253.0,36,6578.7226
733.0,105,6581.078914
640.0,93,6583.085531
251.0,37,6583.831857
251.0,38,6584.685247
639.0,168,6588.014035
1034.0,210,6591.878068
634.0,94,6593.651453
251.0,37,6594.459311
604.0,74,6595.84339
611.0,107,6597.843937
607.0,74,6599.381747
639.0,93,6601.16499
250.0,38,6601.974744
252.0,37,6602.641847
248.0,38,6603.368579
252.0,37,6604.069914
1042.0,178,6607.116755
816.0,165,6609.891443
252.0,37,6610.593947
585.0,136,6612.83205
608.0,76,6614.195679
252.0,37,6614.854917
252.0,37,6615.411955
243.0,41,6616.06986
247.0,38,6616.6958
1345.0,213,6620.60671
638.0,94,6622.477226
519.0,529,6631.481663
252.0,37,6632.111069
248.0,38,6632.734946
252.0,37,6633.354645
252.0,37,6634.060659
247.0,40,6634.707071
251.0,38,6635.342678
2346.0,443,6643.000307
252.0,37,6643.586765
251.0,37,6644.177756
252.0,37,6644.818096
251.0,38,6645.451836
622.0,100,6647.326904
252.0,37,6648.096874
251.0,37,6648.734993
816.0,164,6651.690464
250.0,37,6652.323029
600.0,110,6654.174108
252.0,37,6654.884513
249.0,37,6655.56277
250.0,37,6656.355801
252.0,37,6657.010365
251.0,38,6657.968935
717.0,120,6660.425339
1048.0,145,6662.751142
1341.0,205,6666.020917
249.0,38,6666.629194
610.0,76,6667.92674
250.0,38,6668.797428
252.0,37,6669.494723
613.0,105,6671.355304
630.0,96,6673.207056
1582.0,219,6677.333811
1048.0,144,6679.62881
1435.0,187,6682.949455
251.0,38,6683.702661
251.0,37,6684.463911
722.0,136,6687.289418
561.0,137,6689.652003
2827.0,1769,6720.956069
1036.0,222,6726.145057
613.0,79,6727.660287
609.0,77,6729.270241
250.0,37,6730.308706
1042.0,155,6733.761302
1035.0,219,6738.030914
628.0,126,6741.046144
636.0,103,6743.877662
247.0,38,6744.735026
252.0,37,6745.580111
250.0,38,6746.689237
994.0,476,6758.040046
615.0,84,6759.696177
243.0,41,6760.327803
1038.0,190,6763.845195
1041.0,176,6767.824281
249.0,38,6768.600966
251.0,37,6769.576911
1326.0,197,6774.538954
616.0,86,6776.318416
252.0,37,6777.363181
242.0,43,6778.535876
630.0,93,6781.130272
250.0,38,6781.979404
615.0,103,6783.974889
245.0,39,6784.646315
1313.0,292,6790.695601
623.0,126,6793.656493
625.0,99,6795.901714
637.0,98,6797.871026
608.0,85,6799.683462
1050.0,142,6803.355266
252.0,37,6804.221731
614.0,94,6806.257612
248.0,38,6806.971366
1700.0,216,6811.767732
1157.0,167,6815.889884
249.0,38,6817.086229
1917.0,291,6824.751545
248.0,38,6825.625895
249.0,38,6826.625409
249.0,38,6827.688392
1301.0,464,6838.139076
1425.0,207,6841.199533
635.0,89,6842.281722
243.0,41,6842.803797
243.0,41,11426.74743
251.0,38,11427.855776
610.0,75,11429.488984
243.0,41,11430.377884
242.0,41,11431.301437
243.0,41,11432.243417
1041.0,181,11435.948557
635.0,100,11438.246067
626.0,109,11440.749204
250.0,37,11441.493088
250.0,38,11442.442581
627.0,123,11445.727021
252.0,37,11446.507557
250.0,38,11447.665846
987.0,520,11460.261776
1151.0,173,11464.995418
252.0,37,11465.825957
251.0,37,11466.985362
723.0,162,11471.14636
249.0,38,11471.989045
695.0,331,11479.356601
250.0,37,11480.043859
630.0,102,11482.165083
610.0,75,11483.810132
251.0,38,11484.662723
605.0,75,11486.019474
251.0,37,11486.795167
249.0,33,11487.573128
1034.0,222,11492.918659
246.0,38,11493.788417
246.0,40,11494.849914
234.0,44,11495.912774
626.0,143,11499.340824
629.0,114,11502.164382
249.0,38,11503.379029
1338.0,262,11510.554028
626.0,103,11663.615992
1038.0,182,11668.020479
252.0,34,11668.685702
249.0,39,11669.708695
1041.0,172,11673.330527
602.0,126,11676.210258
252.0,37,11676.99154
608.0,75,11678.676886
249.0,33,11679.324235
640.0,164,11682.780463
660.0,542,11696.737155
245.0,40,11697.67498
249.0,33,11698.446434
250.0,38,11699.298333
1822.0,446,11710.460591
1856.0,252,11717.236087
615.0,77,11719.596618
632.0,111,11722.838372
251.0,37,11723.923405
1391.0,466,11735.17371
1329.0,180,11739.538017
247.0,40,11740.589949
250.0,37,11741.395907
247.0,38,11742.164564
1322.0,219,11748.173935
251.0,37,11749.172564
249.0,39,11750.117765
1320.0,250,11756.133253
253.0,34,11756.789029
611.0,84,11758.900074
755.0,201,11764.246063
1027.0,240,11770.735832
1022.0,281,11777.549999
2578.0,757,11797.138522
252.0,37,11798.205412
1060.0,213,11802.813508
250.0,37,11803.622524
1043.0,174,11807.194919
1042.0,151,11811.298773
1157.0,171,11815.622277
250.0,41,11816.670744
241.0,61,11818.241822
1068.0,711,11835.194526
250.0,37,11836.283202
632.0,117,11839.179258
1337.0,256,11845.486441
1037.0,217,11850.802021
603.0,73,11852.488372
604.0,73,11854.03742
608.0,81,11855.68687
999.0,443,11865.586606
250.0,38,11866.618229
252.0,37,11867.6817
1047.0,162,11872.363314
1412.0,255,11878.881592
250.0,46,11879.932631
1042.0,170,11884.152351
1705.0,249,11891.045836
1428.0,259,11896.972604
252.0,37,11897.807732
1046.0,157,11901.733424
251.0,38,11902.644431
629.0,118,11905.724969
251.0,38,11906.572261
1328.0,188,11911.277878
621.0,104,11913.945887
248.0,39,11914.774482
813.0,185,11919.212509
626.0,115,11921.624921
1352.0,174,11925.772343
250.0,39,11926.829803
248.0,39,11927.946219
250.0,39,11928.807466
1274.0,507,11941.337687
1024.0,285,11948.807263
1326.0,195,11953.10081
1291.0,380,11962.074043
620.0,122,11965.097529
1010.0,379,11974.370907
1017.0,316,11982.526371
606.0,112,11985.662117
1048.0,140,11989.426759
978.0,572,12002.509649
243.0,40,12003.246315
1034.0,206,12008.030978
620.0,88,12010.161232
958.0,686,12027.230314
1326.0,206,12032.536365
637.0,113,12035.497453
247.0,38,12036.698413
1156.0,170,12040.662298
521.0,688,12057.670455
250.0,38,12058.679129
1329.0,183,12063.471186
248.0,39,12064.551244
1578.0,215,12069.962662
246.0,40,12071.026315
246.0,41,12071.836984
247.0,39,12072.466146
250.0,36,12073.337677
246.0,39,12074.251204
245.0,40,12075.381828
636.0,94,12077.657652
613.0,93,12080.055481
249.0,39,12080.785898
604.0,85,12082.825221
250.0,38,12083.398082
1143.0,256,12089.55606
249.0,39,12090.52694
248.0,38,12091.326251
252.0,37,12092.459957
628.0,102,12094.596308
246.0,39,12095.294366
1044.0,240,12101.04049
1330.0,181,12105.585426
948.0,755,12124.567278
1020.0,323,12131.82811
251.0,37,12132.815543
2335.0,482,12144.33989
252.0,37,12145.013047
252.0,37,12146.011085
252.0,37,12147.025347
1320.0,194,12152.299551
637.0,94,12154.35451
1850.0,266,12160.955946
251.0,37,12161.91744
251.0,37,12163.061826
251.0,37,12163.970412
251.0,37,12164.701427
251.0,37,12165.266291
251.0,37,12165.92017
251.0,37,12166.613862
627.0,109,12168.816917
1271.0,549,12180.243873
252.0,38,12181.177827
251.0,37,12181.84055
250.0,39,12182.921685
251.0,37,12183.947505
251.0,37,12184.835017
1325.0,212,12189.605435
813.0,186,12193.479836
1035.0,213,12198.978224
619.0,98,12201.315115
1298.0,382,12210.095825
992.0,494,12221.141927
252.0,37,12222.029206
252.0,37,12223.022369
251.0,39,12223.739418
249.0,38,12224.584109
1068.0,160,12228.829116
951.0,798,12247.234295
244.0,42,12248.195502
583.0,159,12251.916474
1045.0,226,12257.462133
596.0,138,12260.63425
252.0,38,12261.623403
1043.0,180,12266.119685
251.0,39,12267.131172
247.0,41,12268.305273
250.0,38,12269.230111
250.0,39,12270.338628
560.0,144,12274.13471
242.0,45,12275.474827
1037.0,187,12279.355982
251.0,38,12280.069026
1047.0,157,12283.537953
249.0,36,12284.537962
581.0,198,12290.441514
634.0,100,12293.234001
1329.0,180,12296.969546
252.0,37,12297.756404
1032.0,218,12302.421606
632.0,109,12305.217027
624.0,116,12307.609673
249.0,39,12308.603998
636.0,105,12311.146834
251.0,37,12311.936351
249.0,37,12312.865418
804.0,185,12317.210172
1064.0,190,12322.006388
252.0,37,12323.15685
1325.0,199,12327.944543
1045.0,146,12331.620739
1056.0,150,12335.150394
1857.0,250,12341.067236
1030.0,244,12346.480081
1022.0,290,12352.553746
237.0,45,12353.622953
1035.0,202,12357.381765
249.0,38,12358.101929
1154.0,197,12362.211389
252.0,37,12362.978892
250.0,38,12363.702675
252.0,37,12364.566124
252.0,37,12365.176666
252.0,37,12366.026621
252.0,38,12367.083203
249.0,37,12368.125572
251.0,39,12368.912469
1055.0,172,12372.633937
556.0,167,12376.056388
250.0,38,12376.929244
252.0,37,12377.865237
576.0,177,12381.645102
1042.0,170,12385.023869
252.0,37,12385.872318
635.0,94,12387.853611
1323.0,233,12392.533319
797.0,277,12397.806535
250.0,38,12398.604082
249.0,38,12399.368534
248.0,39,12400.380657
1321.0,228,12404.511544
252.0,37,12405.108638
252.0,37,12405.713156
248.0,39,12406.476217
250.0,39,12407.46927
250.0,39,12408.233833
1328.0,197,12411.70596
560.0,139,12414.246341
250.0,38,12414.936737
250.0,38,12415.569808
615.0,155,12418.535452
252.0,37,12419.217614
1048.0,156,12421.994083
1040.0,186,12425.53576
1326.0,197,12429.204443
1055.0,158,12432.65504
240.0,43,12433.520869
610.0,84,12435.425792
1315.0,223,12439.858497
606.0,104,12441.838344
249.0,37,12442.529503
248.0,38,12443.152661
1407.0,279,12448.834659
611.0,86,12450.90992
629.0,122,12453.468914
1053.0,171,12456.518895
1045.0,161,12459.813107
606.0,74,12461.346753
247.0,39,12461.972878
1150.0,232,12466.869993
1829.0,323,12473.99518
250.0,38,12474.628721
250.0,38,12475.488024
585.0,138,12478.424369
1103.0,490,12488.300306
1338.0,222,12492.996102
1034.0,206,12497.179608
1045.0,146,12499.957688
602.0,79,12501.532562
252.0,37,12502.407748
1146.0,233,12507.01625
1150.0,215,12512.457935
1699.0,245,12518.675526
248.0,39,12519.470583
252.0,37,12520.096675
252.0,37,12520.790819
251.0,38,12521.469622
252.0,38,12522.389396
252.0,37,12523.333074
622.0,101,12525.73966
1151.0,209,12530.797879
249.0,38,12531.625972
1159.0,172,12535.990003
252.0,37,12537.039657
1314.0,249,12542.655079
617.0,109,12545.375715
250.0,37,12546.50453
1151.0,192,12550.827401
1044.0,166,12554.990492
559.0,147,12558.616969
1045.0,155,12562.759686
1325.0,204,12567.878829
250.0,37,12568.933786
253.0,38,12569.707263
1057.0,158,12573.895622
1035.0,223,12578.612347
646.0,84,12580.304801
649.0,109,12583.096959
635.0,95,12585.66136
611.0,121,12588.089756
629.0,89,12589.751134
1323.0,221,12595.290117
1145.0,227,12600.335962
609.0,96,12602.790316
627.0,110,12605.233265
631.0,94,12607.539828
640.0,98,12609.945766
624.0,91,12611.844796
633.0,95,12614.22924
1316.0,254,12620.355507
1047.0,144,12623.126441
1072.0,170,12627.408373
251.0,37,12628.475445
250.0,38,12629.427298
1042.0,151,12633.103204
1160.0,167,12637.33306
1157.0,187,12641.581079
745.0,196,12647.209074
1162.0,156,12650.736518
248.0,39,12651.743495
1312.0,230,12657.424855
1324.0,235,12663.676452
1330.0,175,12668.651479
251.0,39,12669.315925
246.0,41,12670.294409
249.0,38,12671.178918
1327.0,207,12675.208253
2352.0,375,12683.410027
1041.0,165,12686.954061
1047.0,152,12690.40793
248.0,40,12691.149704
246.0,40,12692.040257
249.0,37,12692.878891
249.0,37,12693.66433
1334.0,169,12697.818757
1041.0,175,12702.277516
621.0,186,12706.810597
1154.0,196,12712.213689
1098.0,527,12727.051331
1159.0,159,12731.091933
636.0,101,12734.226045
237.0,110,12737.998811
1321.0,203,12743.230697
652.0,88,12745.948432
237.0,44,12747.228549
237.0,44,12748.355059
252.0,40,12749.326467
1701.0,217,12755.869665
1324.0,178,12761.009198
604.0,75,12762.558088
603.0,74,12764.575316
237.0,44,12765.675231
1359.0,179,12771.013198
1228.0,795,12795.375165
606.0,81,12797.968786
1336.0,198,12804.031912
252.0,38,12805.17592
1043.0,176,12809.960747
1683.0,240,12817.020207
1158.0,164,12821.92499
250.0,38,12822.729378
252.0,38,12823.401689
1316.0,225,12829.330842
630.0,95,12831.770987
249.0,38,12832.542864
636.0,99,12835.230007
1046.0,160,12839.23479
753.0,187,12843.829625
1045.0,165,12847.79747
1160.0,177,12854.091941
243.0,50,12855.570821
1426.0,239,12862.274115
613.0,90,12864.741136
250.0,37,12865.877902
1155.0,174,12871.718185
1159.0,151,12876.445453
1322.0,190,12882.505564
252.0,37,12883.899129
631.0,91,12886.421803
814.0,175,12891.010106
252.0,40,12892.036549
250.0,39,12892.790336
248.0,37,12893.721625
1328.0,195,12899.309887
248.0,42,12900.318078
1428.0,219,12906.85052
570.0,141,12909.949251
1345.0,209,12915.650091
607.0,74,12917.842679
1136.0,303,12925.46749
1691.0,311,12933.610855
1043.0,171,12938.489153
607.0,76,12940.350183
1327.0,204,12946.642842
764.0,196,12953.120648
246.0,40,12954.136452
250.0,38,12955.217406
248.0,37,12956.120399
1153.0,199,12962.368844
1037.0,212,12968.807376
612.0,90,12971.499271
602.0,80,12973.531353
1157.0,183,12979.373155
1044.0,153,12984.282376
249.0,37,12985.42202
1322.0,192,12991.294272
252.0,39,12992.160549
1316.0,233,12998.813579
607.0,74,13000.97157
252.0,37,13002.146335
1047.0,149,13006.389405
1318.0,215,13013.411629
1041.0,164,13018.956947
1055.0,167,13023.493922
606.0,83,13025.686668
238.0,42,13026.841156
249.0,37,13027.62289
785.0,183,13032.268975
237.0,44,13033.70314
250.0,39,13034.972596
1005.0,396,13047.136179
606.0,83,13049.868696
250.0,37,13050.977822
251.0,37,13052.119338
250.0,37,13052.963813
249.0,38,13053.932194
573.0,144,13058.189507
251.0,39,13059.384291
251.0,37,13060.146498
249.0,38,13061.077916
249.0,38,13062.014961
237.0,44,13063.24186
787.0,177,13067.766062
1323.0,219,13074.176235
250.0,37,13075.245532
1059.0,146,13078.740821
607.0,85,13081.737207
622.0,132,13085.525254
629.0,99,13088.33781
1022.0,283,13096.783022
1044.0,172,13101.194585
1042.0,166,13105.191758
1325.0,197,13111.340413
1043.0,184,13116.770642
1054.0,179,13121.760411
1307.0,306,13131.881369
1574.0,227,13138.073814
2304.0,686,13157.281827
619.0,119,13161.144704
1249.0,660,13180.542727
634.0,95,13183.209191
250.0,37,13184.198697
250.0,37,13185.361552
1331.0,181,13191.18101
249.0,37,13192.386684
1324.0,179,13196.724856
1048.0,145,13201.10009
1324.0,196,13206.943053
604.0,82,13209.227149
636.0,91,13211.816722
1050.0,134,13215.445627
1042.0,165,13220.240753
603.0,79,13222.625399
606.0,75,13224.745432
1039.0,182,13229.911102
1322.0,227,13236.776211
1059.0,143,13241.910309
1321.0,251,13249.303077
1327.0,204,13254.667287
622.0,114,13258.026609
631.0,89,13260.746253
1688.0,294,13270.3306
638.0,95,13273.189061
250.0,37,13274.530531
248.0,38,13275.543439
1040.0,177,13281.036044
1027.0,252,13287.7629
532.0,669,13307.631838
606.0,82,13310.127243
23.0,2406,13382.790534
1330.0,185,13388.281451
1042.0,164,13393.474345
603.0,74,13395.975631
251.0,37,13397.185968
609.0,75,13399.516494
1323.0,206,13405.707708
250.0,37,13406.836417
1155.0,168,13412.56199
1331.0,186,13419.268307
606.0,103,13422.41274
1070.0,146,13427.118403
607.0,74,13429.856108
250.0,37,13431.349862
1334.0,168,13437.118789
606.0,74,13439.730527
1044.0,164,13446.228621
241.0,44,13447.691664
1042.0,159,13452.504095
1046.0,153,13458.189039
1154.0,181,13464.253169
249.0,39,13465.628112
250.0,37,13467.121141
1058.0,148,13472.924049
1686.0,290,13482.292731
251.0,38,13482.927387
1327.0,190,13487.238484
253.0,36,13488.283953
1160.0,146,13493.392121
251.0,38,13494.589747
1333.0,166,13499.637902
1042.0,169,13505.077639
1045.0,154,13509.802117
1067.0,152,13514.500465
250.0,38,13515.799069
627.0,105,13519.816007
250.0,37,13521.099294
249.0,37,13522.588272
249.0,37,13524.078138
252.0,38,13525.208404
606.0,87,13528.311287
635.0,115,13532.133849
629.0,87,13534.984509
1323.0,219,13541.711062
250.0,37,13542.695496
251.0,37,13543.631016
812.0,187,13548.877795
1331.0,175,13554.535031
1041.0,178,13560.147382
1322.0,183,13565.905606
250.0,38,13566.860574
243.0,44,13567.911978
1328.0,195,13573.76681
1330.0,194,13580.541289
1326.0,212,13585.775845
1324.0,222,13592.151061
1036.0,202,13596.899295
1858.0,264,13604.469556
605.0,74,13606.732367
1688.0,227,13613.49871
1017.0,314,13622.534325
1038.0,187,13628.104522
1325.0,217,13635.676125
1147.0,192,13641.7133
603.0,73,13643.944948
1052.0,173,13648.719294
639.0,93,13651.344963
628.0,86,13653.97151
633.0,97,13656.611723
251.0,37,13657.851702
1327.0,209,13664.426397
1154.0,196,13670.644336
251.0,38,13671.657108
1038.0,207,13677.385497
621.0,94,13680.624934
252.0,37,13682.205779
622.0,110,13685.887908
608.0,76,13688.71372
1270.0,554,13706.417285
605.0,83,13709.024975
251.0,37,13709.993884
2248.0,995,13738.909274
814.0,178,13743.543812
1042.0,158,13747.899654
1038.0,220,13753.778796
607.0,75,13756.141051
247.0,38,13757.169113
249.0,38,13758.387075
627.0,111,13761.795293
1052.0,181,13767.128636
227.0,51,13768.350883
612.0,92,13770.937954
604.0,86,13773.326253
628.0,94,13775.407007
634.0,104,13778.591175
623.0,109,13781.358686
1031.0,244,13788.554681
1049.0,152,13792.233136
636.0,187,13796.771766
238.0,44,13798.407057
244.0,40,13799.606374
1327.0,206,13804.938452
1312.0,253,13813.404672
1153.0,188,13818.563454
606.0,88,13821.052927
1045.0,145,13826.199407
1856.0,259,13833.39311
601.0,126,13836.485185
607.0,81,13838.648807
1141.0,277,13844.970813
245.0,41,13845.990359
