#{"t_start": 1756059152.86222, "env_id": "None"}
r,l,t
-189.96202,66,1.683803
-82.31218,99,1.730252
-386.91565,99,1.746795
-103.93269,78,1.765269
-76.75717,82,1.785623
-240.49577,109,1.807379
-99.493515,78,1.822944
-255.25531,115,1.844232
-41.293385,117,1.877038
-325.03387,97,1.897106
-178.49527,138,1.97398
-175.28479,78,1.988104
-316.19128,81,2.007288
-156.2927,72,2.020054
-95.620476,57,2.030378
-158.24211,108,2.050608
-150.25531,125,2.080193
-178.34265,63,2.093632
-75.11989,117,2.116684
-308.7931,110,2.139377
-125.90492,143,2.174324
-6.251808,82,2.190319
-122.73403,94,2.206881
-90.11063,117,2.228643
-370.06647,92,2.254411
-408.5374,138,2.290828
-249.8732,71,2.30837
-255.88818,114,2.326943
-230.76804,85,2.344797
-294.86554,75,2.366674
-118.98774,69,2.381281
-206.66667,76,2.396427
-367.28778,97,2.417021
-102.34686,70,2.429773
-357.4576,110,2.447295
-326.48633,95,2.465267
-120.77829,85,2.485443
23.777016,94,2.501523
-183.21754,105,2.519006
-110.82653,65,2.530438
-348.34537,89,2.548874
-68.09811,81,2.562073
-153.59583,96,2.58218
-176.59348,76,2.597471
-323.86713,71,2.616129
-110.867836,120,2.639055
15.126282,76,2.654552
-88.35326,82,2.671356
-83.04944,78,2.693864
-46.6426,75,2.709546
-255.98676,117,2.732285
-95.924774,77,2.747937
-162.46973,68,2.766989
-208.05415,79,2.785038
-94.89722,118,2.807925
-160.51056,66,2.820215
-243.11754,107,2.844781
-122.234795,114,2.866117
-159.12067,74,2.880169
-102.33149,85,2.898908
20.343262,112,2.923883
-205.45685,77,2.938066
-138.5333,65,2.950331
-101.03836,68,2.962751
-110.4294,98,2.986929
-127.67709,91,3.004655
-332.06213,96,3.022525
-128.08672,69,3.03405
-358.02106,98,3.055449
-236.977,101,3.074039
-88.68466,65,3.089059
-189.84305,81,3.104515
-66.9858,114,3.129144
-81.96789,89,3.145333
-108.51985,94,3.162584
-280.76108,106,3.182225
-146.0486,97,3.208283
-123.50341,64,3.220391
-306.3123,117,3.244828
-268.40564,109,3.264596
-341.1358,77,3.282924
-70.80145,75,3.30009
-207.81967,107,3.322936
-194.8074,114,3.348192
-471.0823,110,3.374034
-501.41772,97,3.391825
-372.32574,85,3.410805
-131.36774,102,3.430598
-215.23196,137,3.463032
-146.57146,129,3.486332
-350.3601,109,3.517381
-493.1098,96,3.550363
-415.4801,100,3.576963
-156.01053,92,3.593394
-358.93634,113,3.614715
-246.72786,120,3.632196
-158.87564,85,3.64875
-117.15394,85,3.661276
-248.91832,104,3.675964
-64.74456,70,3.686289
-111.64649,74,3.699792
-74.12188,70,3.712388
-361.0286,113,3.729013
-114.23769,98,3.743732
41.117737,93,3.760948
-111.6691,81,3.773104
-234.36786,65,3.783529
-263.3587,114,4.27068
-391.48355,101,4.485889
-100.006714,106,4.667183
-182.95108,65,4.795265
-328.7749,104,4.988235
-157.74591,83,5.142849
-212.71268,92,5.380551
-153.59412,108,5.606016
-127.461105,87,5.767055
-413.4108,117,5.997461
-236.76021,78,6.171793
-373.88287,111,6.374111
-55.55071,70,6.500161
-301.4783,93,6.690711
-274.24646,129,6.989972
-158.536,124,7.337188
-167.97546,102,7.616594
-185.04593,125,8.033012
-300.91156,117,8.400338
-323.50217,119,8.687235
-114.399055,88,8.895947
-86.782974,63,9.141536
-243.8977,128,9.378233
-84.17348,71,9.513761
-186.30661,83,9.674889
-166.03963,136,9.982216
-120.59482,100,10.20775
-129.29584,103,10.411701
-76.11263,69,10.541587
-294.3653,135,10.936861
-110.58114,99,11.17172
-119.68771,103,11.392129
-109.0712,82,11.578292
-123.934425,65,11.849434
-145.07251,71,12.126661
-242.85535,115,12.443748
-135.6088,109,12.727315
-81.985535,68,12.854851
-340.03137,97,13.047568
-150.81699,75,13.186353
-226.99202,108,13.391957
-54.515133,97,13.583714
-190.96805,105,13.784988
-119.354034,116,14.04972
-31.051163,119,14.253402
-67.447525,72,14.399932
-148.69373,88,14.582469
-129.62917,100,14.837396
-119.420906,76,15.114773
-135.63019,54,15.261962
-97.54849,96,15.55984
-85.64336,113,15.885644
-92.30016,110,16.160964
-306.7834,98,16.475605
-74.81084,142,16.894619
-84.56,69,17.0288
-158.98526,116,17.306398
-109.21868,123,17.673721
-515.81244,97,17.879099
-117.336426,65,18.017784
-102.18907,93,18.197569
-192.96237,70,18.331807
-109.349106,88,18.526973
-239.45714,91,18.751693
-72.15092,103,19.050144
-309.92935,100,19.279164
-133.89047,73,19.41442
-90.649666,71,19.607059
-89.19701,65,19.743944
-84.50304,64,19.879628
-216.88422,119,20.108017
-230.41068,123,20.354107
-150.54349,137,20.649697
-90.5014,82,20.812902
-339.78384,79,20.97693
-112.97004,109,21.201919
-110.93469,95,21.391462
-319.76593,76,21.560677
-46.74237,96,21.819387
-164.06128,87,22.000378
-184.98601,107,22.213095
-117.30834,86,22.403334
-78.22684,104,22.730485
-180.22919,77,22.915833
-158.46083,72,23.069653
-102.65184,81,23.257187
-218.45854,69,23.419248
-114.74201,117,23.689836
-106.93705,94,23.925472
-189.10655,83,24.172308
-156.65134,117,24.555169
-246.98283,84,24.757403
-109.236046,89,25.007578
-244.35213,86,25.222643
-228.34886,117,25.459534
-94.28965,98,25.686896
-319.37292,94,25.857524
-224.81013,113,26.197353
-39.132095,98,26.401974
-91.05171,86,26.584122
-114.76306,127,26.948668
-97.335106,129,27.3986
-118.36519,105,27.639643
-110.66479,76,27.859202
-101.057594,126,38.762236
-121.69167,73,38.979361
-61.416664,79,39.285939
-152.6916,92,39.585518
-161.43541,125,39.928117
-107.19444,63,40.19491
-118.183754,119,40.581349
-215.98291,81,40.874727
-90.4995,77,41.192881
-101.37923,85,41.376953
-148.63431,86,41.565396
-176.9782,110,41.795724
-170.65434,122,42.046633
-226.22781,96,42.273371
-103.96576,66,42.435567
-46.767105,93,42.74295
-124.553055,92,42.989086
-95.74469,87,43.311353
-61.712227,76,43.550585
-150.56233,106,43.890809
-487.88107,125,44.191874
-59.26535,80,44.389321
-106.300995,85,44.588299
-115.15843,109,44.89764
-113.23998,122,45.168468
-111.89648,80,45.367787
-195.82912,135,45.879763
-39.216595,81,46.144476
-112.56654,99,46.475928
-209.34756,109,46.809891
-190.2826,118,47.223688
-102.739,83,47.541849
-81.13279,121,47.950304
-149.27979,82,48.213881
-123.62473,97,48.463919
-206.28441,101,48.719105
-67.93465,80,49.013044
-289.82935,97,49.368369
-97.76423,106,49.645538
-184.12732,113,50.131705
-222.76785,88,50.415656
-80.73376,73,50.696067
-225.22318,81,50.995344
-94.97054,65,51.204077
-113.492966,77,51.398428
-413.4331,96,51.673333
-561.69836,108,51.932447
-113.13095,61,52.142295
-85.07204,117,52.659614
-33.239784,106,53.094592
-101.33024,91,53.445852
-210.43315,104,53.767464
-96.00221,66,54.033229
-142.74646,74,54.252897
-98.13054,94,54.638786
-129.71411,87,54.896891
-358.6353,108,55.157072
-88.8311,65,55.344693
-88.8459,64,55.530516
-67.951065,72,55.843633
-358.09088,120,56.146683
-153.66785,103,56.408173
-115.72572,77,56.60378
-136.38786,114,56.818807
-100.02662,63,57.014435
-104.53349,88,57.378021
-112.06741,122,57.684006
-170.43283,81,57.915656
-276.79483,128,58.225547
-85.0156,143,58.731447
-79.59517,85,59.017861
-102.81659,88,59.317664
-77.98758,87,59.491251
-100.09549,64,59.622693
-73.75355,115,59.847802
-170.24684,118,60.157491
-77.44818,79,60.293027
-102.28272,125,60.541127
-86.689606,62,60.664393
-94.76663,78,60.857221
-100.46744,78,61.111607
-161.81726,76,61.335006
-233.34113,122,61.828161
-223.20872,144,62.296514
-172.1148,88,62.593837
-144.15813,102,62.973502
-118.6577,71,63.136115
-48.669838,60,63.266409
-71.06366,79,63.430275
-126.200874,79,63.781283
-113.06694,89,64.127443
-97.8286,110,64.549247
-68.7979,92,65.02138
-61.4156,84,65.326787
-174.7589,114,65.680765
-86.64332,69,65.857269
-74.3315,97,66.178278
-141.05273,77,66.49706
-93.107475,64,66.748666
-160.47098,69,66.996641
-44.350647,74,67.276433
-152.24356,79,67.596035
-86.923416,126,67.979321
-75.425125,131,68.496801
-82.1013,89,68.827094
-154.95232,129,69.191415
-199.05719,83,69.400217
-90.14127,115,69.740823
-100.11452,56,69.925761
-104.53307,85,70.202006
-221.29141,59,70.434334
-122.541824,70,70.647773
-133.93633,79,70.940075
-86.91624,87,71.202508
-100.95017,91,71.499725
-105.05072,114,71.910403
-136.88957,121,72.277698
-87.0923,106,72.795308
-138.36893,74,73.064768
-193.92831,87,73.454428
-132.18509,89,73.77512
-129.28702,120,74.239965
-91.887054,136,74.745022
-134.1435,115,75.209238
-265.63382,109,75.688566
-74.86815,81,76.012154
-306.30762,133,76.568695
-126.95175,99,76.847786
-61.23395,73,76.988026
-93.07918,119,77.277545
-59.275055,69,77.44191
-132.11896,73,77.635617
-118.59218,118,77.930218
-72.57109,114,78.20465
-126.9847,63,78.335386
-110.043015,120,78.630277
-67.27056,67,78.878934
-239.55624,152,79.469825
-55.431744,94,79.792221
-41.14449,116,80.192912
-78.77942,70,80.359864
-132.40594,66,80.508442
-99.84828,79,80.659676
-106.60072,62,80.772816
-92.2895,95,80.982862
-79.827805,95,81.170099
-73.54184,64,81.301968
-130.3677,110,81.611449
-243.1278,74,81.848923
-87.1725,83,82.202636
-139.70876,121,82.561051
-146.17279,140,83.131405
-97.69067,119,83.546043
-67.747894,64,83.799179
-56.042385,99,84.140214
-269.95978,84,84.437703
-98.5549,86,84.793401
-184.38321,96,85.165199
-90.08284,126,85.572275
-91.55539,135,86.104314
-96.32102,78,86.319273
-134.62065,88,86.528257
-65.583496,75,86.685491
-168.67735,110,86.913011
-217.25949,103,87.121242
-88.54143,83,87.363655
-406.24838,108,87.7587
-155.4368,86,88.068948
-118.13495,139,88.491628
-106.65992,71,88.615871
-156.85225,116,88.999515
-100.70938,96,89.414155
-117.201355,71,89.702333
-84.72943,106,90.070035
-154.38354,125,90.589121
-41.90125,75,90.923
-51.18917,63,91.103644
-134.1037,122,91.488733
-83.794,92,91.685471
-86.7568,87,91.922011
-72.828384,91,92.27743
-150.00339,135,92.790015
-78.97156,87,93.030231
-111.53564,100,93.357356
-86.955536,117,93.623609
-119.999435,76,93.835814
-128.59264,103,94.356158
-210.1225,121,94.630229
-204.43681,94,94.824219
-111.76075,80,95.084673
-113.84902,95,95.294725
-65.43003,72,95.432939
-77.414375,82,95.742267
-212.8042,104,96.036558
-125.66449,95,96.284335
-92.65849,85,96.630107
-112.97539,90,96.972554
-106.03556,124,97.491997
-100.856186,68,97.760062
-70.66126,72,98.07501
-92.89661,139,98.466544
-104.191574,76,98.829056
-93.577034,88,99.258784
-122.42656,98,99.675776
-81.901596,100,100.063679
-57.63297,63,100.394931
-231.1093,73,100.697866
-88.235725,85,100.979932
-94.305115,90,101.320461
-87.603874,128,101.869383
-373.72546,129,102.215794
-165.37743,66,102.349094
-111.15416,61,102.46972
-54.014328,70,107.765521
-92.320915,61,108.000836
-95.433914,83,108.297444
-72.13166,74,108.438813
-122.059555,109,108.670109
-88.23558,74,108.862419
-89.14152,85,109.040458
15.217514,93,109.335693
-97.51539,93,109.53451
-110.233215,111,109.772755
-120.684555,90,109.991288
-137.80142,83,110.343256
-73.88375,71,110.62187
-326.52032,94,110.794315
-134.4412,80,110.949623
-75.409134,123,111.234006
-98.88361,75,111.511468
-236.01352,73,111.81476
-131.11395,91,112.152985
-86.392365,81,112.478856
-103.889626,97,112.882444
-75.364296,130,113.347198
-136.83607,84,113.615868
-85.2538,77,113.825501
-107.04885,108,114.065675
-218.40327,80,114.232579
-86.05524,107,114.446701
-82.530334,70,114.581847
-64.650116,81,114.747431
-89.711365,76,114.977684
-111.35282,118,115.441728
-95.46192,86,115.746545
-81.73294,92,116.061581
-48.665077,68,116.346274
-62.002544,70,116.685983
-127.292656,114,117.003046
-132.36113,116,117.46344
-97.79088,109,117.697002
-91.75176,90,117.966209
-120.601105,110,118.372133
-82.83946,143,118.902404
-120.89985,96,119.267088
-96.19356,128,119.715347
-172.55115,110,120.057345
-117.346825,108,120.433949
-66.5426,69,120.675278
-75.45065,62,120.894567
-121.93631,80,121.099114
-88.832054,122,121.346331
-63.797607,84,121.662378
-90.89697,103,121.945607
-267.67963,109,122.284965
-37.876892,83,122.627295
-51.73915,68,122.879346
-59.738033,100,123.244193
-72.82099,126,123.594434
-87.99518,119,123.925048
-66.82997,111,124.128104
-144.03806,119,124.432366
-165.66367,86,124.699032
-67.62302,113,125.121471
-79.41987,68,125.418637
-83.45418,72,125.697623
-89.79213,96,126.03443
-80.554794,94,126.284532
-101.025734,75,126.520451
-76.31383,67,126.732453
-76.56431,88,127.09282
-68.56235,79,127.427797
-98.0121,82,127.711718
-79.61819,84,127.992977
-57.716297,99,128.249232
-83.12166,113,128.67152
-144.06082,70,128.896141
-284.94693,102,129.275444
-50.556282,84,129.560848
-41.260826,89,129.885759
-108.63764,95,130.222886
-90.0598,120,130.662361
-80.54684,99,131.054052
-123.40735,93,131.45236
-169.47165,76,131.654394
-168.05809,96,131.952985
-81.052536,104,132.375534
-2.3866043,79,132.665053
-34.175613,65,132.979194
-109.106804,70,133.200625
-95.46544,88,133.491755
-96.465675,110,133.905565
-88.74324,84,134.216365
-78.70256,65,134.453418
-82.14836,95,134.790333
-125.26092,87,135.127505
-70.65106,67,135.32857
-82.1002,105,135.646771
-80.539536,91,135.953994
-119.24249,90,136.301181
-374.5667,103,136.678458
-114.44217,114,136.988124
-112.2469,105,137.330591
-115.08805,86,137.635711
-120.04164,73,137.871291
-136.40018,123,138.383087
-100.80553,121,138.796931
-101.085625,74,139.099138
-47.97187,103,139.536108
-86.795105,124,139.991095
-270.97562,99,140.363879
-100.30429,82,140.667948
-66.940895,104,141.007545
-102.17418,69,141.273787
-115.01237,111,141.702654
-27.686035,119,142.147019
-62.14003,95,142.495912
-83.857796,84,142.80996
-65.36807,118,143.242257
-149.32562,98,143.675214
-123.94638,69,143.875479
-113.32237,91,144.236401
-30.469177,131,144.722622
-131.09236,55,144.914215
-116.178,77,145.162105
-69.60289,87,145.494972
-98.49696,101,145.910513
-78.229385,70,146.123719
-68.66545,71,146.356541
-81.50677,88,146.609615
-76.24187,61,146.845754
-86.53404,109,147.315004
-84.25099,80,147.604159
-63.024025,76,147.772796
-68.44769,69,147.927142
-99.49501,82,148.102748
-108.57276,96,148.459725
-59.571064,131,148.972277
-119.1824,86,149.245593
-37.466774,62,149.483554
-55.67385,76,149.839367
-117.19137,66,150.086616
-85.868225,76,150.368034
-159.22098,113,150.785968
-85.92971,83,151.096721
-100.20807,108,151.447942
-219.69485,77,151.731789
-99.4018,135,152.271933
-73.84797,58,152.482887
-83.86355,67,152.731359
-105.54138,68,152.998137
-96.85626,94,153.365316
-101.60117,94,153.664006
-178.5762,123,154.137462
-44.742676,64,154.347729
-98.28472,82,154.709021
-156.34842,120,155.128733
-121.9304,128,155.555475
-73.79413,72,155.838945
-62.598995,76,156.136652
-29.778458,107,156.387932
-86.26917,129,156.82093
-113.086136,110,157.187682
-103.92002,86,157.551222
-62.546635,71,157.781995
-182.43884,103,158.137147
-74.01837,66,158.362626
-39.04069,74,158.661992
-90.425,82,158.950758
-39.064106,85,159.258218
-43.97979,66,159.493298
-72.28871,63,159.708585
-154.82289,70,159.995009
-98.90216,81,160.27797
-45.72413,75,160.548222
-91.444885,108,160.904424
-113.361206,83,161.1948
-76.378586,58,161.399606
-102.96264,89,161.727469
-49.666195,78,162.023444
-151.93465,116,162.457353
-133.6138,87,162.754361
-105.03103,93,163.094046
-32.112343,111,163.54056
-82.61484,98,163.913028
-76.06549,70,164.164667
-118.95999,96,164.422414
-86.63461,113,164.66718
-86.582825,64,164.899386
-329.77484,88,165.199203
-155.41669,78,165.531688
-75.78294,106,165.982197
-68.86763,127,166.426283
-58.07197,76,166.709439
-86.50552,67,166.965169
-68.40123,85,167.23966
-102.41978,108,167.517091
-223.61758,136,168.09481
-50.217396,119,168.550353
-143.98761,82,168.849713
-111.514435,122,169.256265
-58.494953,83,169.560901
-42.289024,77,169.852721
-98.918564,103,170.229994
-137.16101,82,170.450266
-99.288055,117,170.916491
-33.24312,68,171.195609
-71.11952,78,171.495114
-105.50681,101,171.887101
-18.611755,75,172.143453
-94.12462,113,172.635051
-132.76816,88,172.977957
-73.87977,76,173.255751
-78.60696,71,173.517103
-190.77008,105,173.888325
-91.345184,83,174.157735
-96.27107,120,174.644887
-147.40262,88,175.006423
-86.78666,105,175.418622
-41.675983,93,175.819649
-87.17909,70,176.093919
-80.32254,109,176.549141
-110.713394,90,183.673401
-68.910164,77,183.992615
-96.343605,75,184.275043
-71.443665,80,184.552306
-89.666534,103,184.814212
-100.315216,73,185.000819
-89.02034,109,185.314427
-110.11482,82,185.596468
-86.26164,84,185.932925
-244.66765,144,186.514727
-70.17098,89,186.90765
-112.584045,88,187.263619
-97.09806,94,187.634135
-127.713196,108,188.057193
-54.411125,97,188.461387
-238.84,95,188.878397
-225.41753,111,189.283591
-179.54037,99,189.726822
-104.25623,72,189.984412
-63.33772,72,190.18741
-44.253834,90,190.480906
-94.471954,89,190.818964
-117.83336,68,191.087521
-73.67549,86,191.347826
-120.61441,77,191.635551
-102.96713,100,192.013858
-81.55264,107,192.377319
-61.78099,79,192.716405
-174.81842,102,193.122567
-64.302444,115,193.519867
-84.8874,80,193.738727
-90.47903,66,193.969855
-82.50737,78,194.273991
-71.50702,108,194.677836
-83.184814,65,194.924413
-102.45322,71,195.115741
-65.71895,80,195.466058
-87.08729,97,195.924105
-106.1671,88,196.283274
-77.560356,101,196.694678
-52.267063,92,197.006671
-74.0368,96,197.311615
-62.267647,120,197.721982
-75.43982,67,198.027203
-88.375,112,198.346823
-101.172066,121,198.722502
-69.51905,64,198.941056
-38.346123,111,199.323853
-45.97233,115,199.775169
-101.32878,134,200.331418
-192.94812,106,200.739621
-58.958344,120,201.164538
-71.642456,110,201.608901
-165.25743,64,201.85653
-196.61676,117,202.326577
-94.92038,96,202.719645
-76.87504,111,203.135938
-26.054176,77,203.462311
-95.49211,118,203.913245
-197.03099,65,204.183182
-120.275276,87,204.534878
-100.81174,111,204.939108
-141.63939,133,205.421121
-64.68914,132,205.901377
-73.61303,69,206.167068
-99.82629,112,206.695481
-114.3743,92,207.04148
-61.51116,88,207.392562
-44.828506,124,207.868886
-109.87825,126,208.426831
-126.06272,106,208.864384
-44.16855,104,209.301032
-125.55283,108,209.720559
-80.36957,111,210.113223
-64.59012,141,210.712465
-59.0816,72,210.980722
-130.258,79,211.283714
-60.296158,83,211.635023
-101.5792,77,211.925059
-71.051025,63,212.140434
-71.46878,67,212.404665
-122.99979,87,212.733669
-115.00806,99,212.994156
-53.204792,78,213.180433
-93.22522,84,213.398081
-71.71292,120,213.735755
-101.10494,110,214.010232
-56.488785,71,214.296841
-64.19701,74,214.676171
-59.882046,87,215.022862
-93.509186,76,215.315767
-73.95473,87,215.66375
-79.71665,60,215.910079
-53.417503,108,216.37663
-28.971031,81,216.779051
-154.00926,98,217.157185
-114.520485,117,217.644987
-67.44088,114,218.192526
-96.8992,100,218.633141
-73.11272,64,218.883283
-99.41905,68,219.145267
-65.8248,73,219.437802
-146.16606,101,219.643609
-67.118065,79,219.820559
-92.25478,79,220.01353
-56.524376,112,220.386105
-44.59098,83,220.564592
-57.3637,132,220.833116
-82.38779,112,221.066911
-110.16977,89,221.2512
-60.448826,115,221.505171
-351.97116,129,221.834432
-122.91295,100,222.052285
-74.66459,73,222.215939
-68.88202,73,222.388431
-55.362095,68,222.529823
-94.79201,67,222.728842
-111.86343,109,222.934503
-110.950615,99,223.133371
-39.5981,86,223.325143
-91.42051,121,223.698872
-118.772606,87,224.01206
-98.69887,123,224.452184
-79.42302,64,224.598416
-35.625008,78,224.784444
-114.36427,88,225.025456
-82.30592,83,225.257678
-88.87707,62,225.405093
-74.41753,89,225.691593
-217.62732,129,226.308572
-59.77124,72,226.524774
-202.08575,99,226.914171
-88.00504,102,227.29136
-82.806175,118,227.637025
-99.00859,65,227.845945
-126.48512,117,228.273387
-101.44554,62,228.498334
-66.466774,119,228.991179
-20.752182,82,229.169141
-128.85175,122,229.394334
-67.9957,106,229.587108
-58.85364,74,229.743914
-57.07527,80,229.916855
-102.67543,75,230.079882
-58.07265,108,230.319643
-74.22836,72,230.491164
-37.541664,96,230.677657
-95.54757,78,230.898865
-20.687164,239,231.377537
-89.06069,80,231.617048
-83.20001,80,231.879635
-181.96959,124,232.298035
-35.697594,93,232.4828
-83.78157,110,232.842281
-19.99907,130,233.151287
-68.64028,106,233.454645
-27.721237,115,233.889865
-80.94983,95,234.218443
-126.89265,81,234.553952
-60.64259,60,234.765667
-42.519035,117,235.234047
-107.5703,71,235.594018
-74.14145,104,236.059655
-12.757904,138,236.619275
-52.054836,122,237.159767
-106.95464,79,237.493403
-54.777103,73,237.809352
-104.4052,84,238.080968
-89.51022,81,238.404768
-89.50515,115,238.68621
-93.83792,120,238.993836
-64.6104,98,239.262474
-35.099724,124,239.621187
-72.411606,116,239.970918
-121.89909,114,240.387147
-56.27998,117,240.855821
-86.48445,88,241.227305
-105.86037,94,241.615345
-125.87013,82,241.890488
-119.05906,113,242.280037
-100.24895,107,242.65254
-63.82067,86,242.859759
-32.2278,123,243.257821
-98.369,60,243.455141
-77.60454,69,243.687554
-51.297226,150,244.293839
-91.87291,96,244.581256
-90.864265,116,245.069866
-69.44675,73,245.318721
0.2980652,106,245.717577
-83.74196,115,246.195766
-106.01414,83,246.492761
-84.641914,92,246.740643
-121.2498,88,246.998682
-58.767075,66,247.177976
-87.62512,88,247.457797
-84.33906,111,247.904609
-25.916496,85,248.224852
-70.74522,69,248.486128
-88.78889,114,248.83115
-103.36514,126,249.133846
-45.892094,88,249.354222
-125.95952,92,249.599669
-80.18732,116,249.870358
-22.67958,75,250.028732
-45.593273,98,250.256764
-78.85979,64,250.386137
-196.68466,94,250.608476
-71.942726,65,250.742365
-74.56525,105,250.981423
-131.1904,92,260.004729
-25.631927,110,260.395285
-97.455696,98,260.605307
-195.75027,97,260.850335
-112.49643,104,261.097578
-30.217323,94,261.511404
-68.50478,90,261.789161
-49.24102,104,262.182369
-62.073555,93,262.473436
-45.292328,71,262.633549
-20.07734,92,262.964385
-74.42892,84,263.194197
-94.38899,64,263.43074
-42.08537,129,263.888399
-174.7364,127,264.245257
-44.764996,120,264.735607
-38.110474,70,264.999716
-74.36998,88,265.342177
-108.632805,88,265.692017
-53.896706,79,266.082236
-63.36695,105,266.472478
-28.75898,70,266.772405
-77.936455,65,266.988343
-33.982666,77,267.174762
-64.931274,131,267.590243
-72.66163,113,267.947868
-61.144203,94,268.218668
-105.97488,94,268.595672
-68.2814,66,268.833266
-14.080673,80,269.122323
-119.49732,122,269.486679
-55.026173,64,269.733986
-72.48644,89,270.065981
-75.480865,112,270.5254
-113.336,146,271.090067
-81.692345,89,271.302575
-37.296173,92,271.552712
-21.958023,87,271.780922
-50.94075,113,272.107738
-74.80475,118,272.569387
-93.0543,101,272.942915
-84.217705,83,273.225987
-31.191025,114,273.728028
-33.652374,108,274.233915
-99.30925,105,274.581866
-61.259716,61,274.811882
-87.3934,99,275.225693
-143.31195,124,275.769255
-53.866013,105,276.033471
-58.359314,79,276.339189
4.801506,154,277.038242
-78.229126,75,277.389119
-75.936295,106,277.739671
-104.43198,88,278.11293
-46.238518,109,278.532153
-73.10647,106,278.939893
-38.602116,87,279.294214
-26.345276,66,279.597812
-132.3642,99,279.927187
-66.50761,73,280.253223
-48.138485,79,280.514592
-54.73367,75,280.789443
-44.771763,97,281.103903
-71.67196,68,281.37394
-93.07698,122,281.777982
-71.38916,97,282.135849
-50.00227,96,282.51573
-95.12135,98,282.896974
-165.84877,149,283.205105
-47.033985,122,283.447905
-127.93154,66,283.581149
-15.329361,71,283.725349
-71.918945,127,284.014726
-81.99702,100,284.217942
-163.78156,87,284.435247
-67.20984,89,284.649901
-13.02919,85,284.823888
-88.19475,105,285.067742
-113.61264,75,285.271475
-65.820496,75,285.448153
-104.68629,136,285.746186
-66.88713,105,286.070945
-112.69242,105,286.339183
-51.443253,133,286.839472
-79.38285,131,287.29747
-39.353638,72,287.592646
-58.23144,70,287.893672
-86.389915,97,288.281806
-78.24531,93,288.657557
-43.08093,138,289.243734
-68.07608,103,289.544246
-44.062122,129,290.035311
-18.89775,74,290.307365
-60.48523,134,290.738292
-80.204865,62,290.867654
-106.60328,91,291.092788
-42.38874,91,291.282556
-57.492714,97,291.519016
-47.99266,95,291.711011
-88.62487,103,292.049467
-55.25083,60,292.207438
-64.4032,77,292.408015
-92.48634,101,292.67512
-137.1948,89,293.022253
-74.761086,101,293.330521
-54.517174,86,293.543925
-82.32059,112,294.011439
-101.220276,96,294.380124
-69.01602,102,294.689509
-78.97239,109,295.138952
-54.985954,72,295.459416
-63.836735,84,295.826675
-46.13232,125,296.268234
-71.643936,113,296.600976
-49.709843,124,296.880454
-75.1508,116,297.125537
-87.1131,69,297.368323
-42.719734,62,297.553868
-59.246964,107,297.846779
-98.84849,93,298.071517
-66.660706,70,298.344435
-66.69252,111,298.690877
-88.055046,83,299.073013
-32.688293,74,299.377439
-118.50701,114,299.624225
-29.540329,116,299.987427
-40.430016,75,300.301938
-74.731674,78,300.538933
-83.56564,88,300.769636
-122.948235,58,300.950876
-79.892685,125,301.389377
-115.19876,121,301.707095
-25.6809,74,301.884476
-81.63907,113,302.190225
0.1785965,83,302.51392
-21.474495,132,302.956154
-31.975029,89,303.271481
-140.12798,121,303.746948
-72.13748,120,304.235504
-82.71419,127,304.739341
-177.48163,107,305.139289
-39.899864,66,305.405207
-70.42918,100,305.6444
-89.11592,95,305.943245
-86.785706,72,306.213011
-92.70043,93,306.480808
-45.23076,134,306.808469
-66.489174,99,307.072809
-76.6077,104,307.406167
-87.931984,68,307.630965
-152.71109,141,308.158051
-81.47272,73,308.447024
-95.41181,89,308.834959
-98.8621,99,309.167983
-67.86222,76,309.394186
-58.502388,70,309.539455
-17.61998,89,309.834933
-103.85589,66,310.069309
-67.584946,104,310.380007
-9.191757,69,310.523659
-231.2578,132,310.940943
-6.5951004,109,311.183113
-46.880985,79,311.363801
-95.77972,86,311.610395
-79.09248,62,311.768065
-106.53933,106,312.045889
-46.54846,82,312.328936
-62.28441,63,312.585779
-46.564297,124,312.966213
-10.80825,94,313.37461
-86.00261,77,313.671018
-69.01426,106,314.010823
-70.478096,71,314.165893
-58.733707,94,314.504224
-60.298943,126,314.932093
-71.35792,113,315.271914
-59.850372,112,315.661994
-67.42386,135,316.069376
-47.338524,109,316.302242
-52.469284,68,316.564964
-53.257202,94,316.967414
-3.9255905,107,317.417219
-55.80614,104,317.842106
21.81102,171,318.39651
-28.52121,99,318.906305
-121.54353,161,319.529336
-117.88562,106,319.985491
-85.94597,67,320.233024
-26.894287,76,320.554535
-94.09931,66,320.820444
-94.615974,75,321.162841
-68.51825,99,321.613844
-71.856384,85,321.886865
-73.596054,69,322.092565
-32.17517,93,322.501121
-137.68056,84,322.799304
-74.314896,113,323.218104
-159.39058,128,323.717079
-43.379356,99,324.065819
-70.37088,96,324.449463
-87.66917,89,324.663199
-18.892792,81,324.844873
-55.20946,99,325.157751
-79.40803,115,325.64832
-79.03622,107,325.936161
-61.04205,69,326.064263
-137.3646,91,326.260676
11.613945,98,330.611147
-45.75525,72,330.77178
-53.09343,115,331.060834
-99.596466,123,331.321778
-103.77364,87,331.58301
-21.125618,76,331.893956
-101.84964,89,332.218433
-20.038055,70,332.475052
-48.530575,72,332.767093
-7.968933,81,333.03613
-118.573395,88,333.23964
-40.67754,66,333.377897
-52.57692,92,333.60306
-62.757603,83,333.79318
-48.868526,98,333.989388
-85.18837,110,334.232893
-78.214645,97,334.516724
-77.38733,88,334.703777
-122.62448,123,334.964964
-45.377693,88,335.337882
-18.52349,92,335.656027
-88.546585,107,336.033733
-25.089058,91,336.252701
-17.466545,134,336.632555
-58.712467,102,336.988475
25.099022,154,337.701702
-31.350075,102,338.003816
5.4526367,113,338.266328
-94.797066,99,338.475811
-55.697643,109,338.693375
-100.82507,90,338.893239
-75.64103,99,339.151665
-49.39939,104,339.390755
-55.533077,77,339.552524
-95.16947,100,339.865015
-63.672325,130,340.18665
-31.518066,96,340.552597
-50.492897,109,340.952637
-61.855236,81,341.178084
-74.36321,79,341.381454
-45.781433,109,341.61938
-110.128044,94,341.865077
-90.62034,95,342.133829
-51.72801,96,342.350408
-68.05577,90,342.54807
-39.865517,103,342.954897
1.3443832,143,343.571849
44.806213,148,344.194686
-61.445816,80,344.559404
-85.87236,126,345.043225
-51.006786,96,345.276863
-13.076668,132,345.695737
-27.182144,127,346.207973
-42.961594,98,346.659429
-65.75781,119,347.19739
-118.530045,148,347.799345
-50.368855,79,348.146126
-168.82664,195,348.89171
-43.408928,90,349.270942
-18.368546,110,349.704212
-41.69361,120,350.162837
-33.527916,105,350.585386
-47.64066,87,350.779262
-97.13129,123,351.077273
-88.03281,105,351.437898
-17.076729,140,351.752197
-44.943287,108,352.16876
-111.48775,90,352.443482
-22.81102,77,352.685541
-63.512478,92,353.007045
-61.96078,72,353.246526
-75.82483,89,353.445563
-46.090775,103,353.817498
-72.98538,91,354.11762
-76.207794,107,354.521055
-95.49209,117,354.927485
-70.09534,77,355.150479
-186.93008,143,355.630573
-102.95817,72,355.815912
-43.79621,109,356.247234
-103.08349,86,356.636795
-36.48565,77,356.956091
-23.785378,115,357.392323
17.35347,143,357.860112
-55.565945,134,358.18583
-20.004616,137,358.699189
35.047394,120,359.247965
-70.55379,108,359.724571
-77.80095,107,360.189376
-39.359413,64,360.451779
-77.93971,90,360.814538
-51.35456,78,360.994102
-30.285538,69,361.253422
-42.319965,71,361.543162
-105.93591,76,361.854095
-24.251862,105,362.327627
27.550926,114,362.825359
-25.686508,126,363.35009
-80.255165,103,363.824893
-48.182148,89,364.167113
-114.70408,137,364.551153
-67.05492,84,364.749861
-38.096786,146,365.394511
-48.997543,115,365.714816
-10.109848,130,366.115026
-15.995056,92,366.422053
-11.156212,97,366.698809
-47.272587,104,367.154943
-23.908394,111,367.650319
-46.072227,121,368.196231
-91.134026,102,368.695866
-68.542015,84,369.04417
-96.55838,79,369.43601
-72.45532,111,369.883995
-61.696507,75,370.125518
-85.44343,80,370.374614
-62.707027,124,370.83095
-16.880219,74,371.086561
-19.59446,109,371.542057
-41.22482,73,371.840944
-46.35377,87,372.159177
-24.429504,138,372.558537
-25.388748,105,372.894621
-53.137627,86,373.253596
-20.507965,76,373.584916
-56.042732,126,373.993241
-70.018135,85,374.290911
-52.240665,102,374.695926
-27.747536,106,375.115161
-53.540024,112,375.549129
-62.38459,112,375.924985
-36.283432,94,376.25184
-85.29059,73,376.482599
-30.901886,74,376.679484
-18.160095,87,376.902298
-84.294945,69,377.058455
-24.560837,116,377.344341
-57.464756,116,377.649933
-84.34854,78,377.866568
-28.280136,82,378.087013
-58.198265,166,378.663431
-50.08986,103,379.069841
-70.005905,73,379.275116
-36.900078,121,379.72105
-69.52803,121,380.132016
31.406372,104,380.537774
-53.968445,102,380.842527
-117.6704,90,381.062561
-30.856285,98,381.434901
-77.38307,60,381.686484
-120.57272,80,381.949728
-24.342216,118,382.297625
-48.303158,81,382.512559
-79.752144,94,382.770689
-32.50036,135,383.116083
-5.120247,114,383.393865
-60.95784,69,383.564496
-75.70409,151,383.93066
-40.024918,80,384.135808
-28.489822,83,384.360005
-5.785927,99,384.626009
-75.25986,67,384.805963
-0.84368896,71,384.99684
-42.306137,89,385.247191
-74.879814,95,385.462959
19.229057,126,385.865286
-173.64845,97,386.157449
-49.372555,111,386.46866
-49.026333,82,386.680183
-21.032501,105,386.960991
-45.80677,131,387.339909
-43.467487,101,387.641301
-34.431274,70,387.855728
-73.03034,91,388.130663
-18.897247,127,388.50317
-22.819809,141,388.931785
-88.115,103,389.230326
-22.035934,76,389.434314
-13.132347,82,389.652718
-95.400055,187,390.198139
-51.276196,107,390.518438
-34.687218,158,391.106517
-63.870068,105,391.41094
-300.43408,106,391.720674
-27.195412,114,392.071983
-49.839924,108,392.37754
-41.835674,102,392.686622
-38.06398,114,393.010243
-110.6059,66,393.189796
-75.19475,84,393.425464
-50.105278,76,393.619253
-67.140945,102,393.905621
-17.092972,75,394.145952
-93.535065,121,394.484044
-25.141716,110,394.804369
-123.47366,103,395.085529
-36.221806,95,395.346165
-51.99836,107,401.677989
38.9711,90,401.933947
-86.213326,72,402.135791
-54.07773,96,402.40125
-43.981766,74,402.614489
-84.13831,67,402.83349
-58.66638,117,403.169604
-24.387558,95,403.434729
-78.67759,101,403.722743
-34.493576,90,404.014252
-40.953854,95,404.286166
-161.98344,248,405.030133
-51.994053,89,405.308726
-90.80216,116,405.653476
-77.8283,184,406.19284
3.6930237,185,406.712252
-24.240768,64,406.891837
-3.8834686,104,407.168177
-9.402031,109,407.474787
-37.762844,120,407.849696
-22.478905,129,408.246882
-68.78017,105,408.530556
-63.891037,129,408.869835
-152.23787,132,409.216917
-47.05771,101,409.478626
-67.752975,116,409.767644
-105.90303,109,410.03906
-33.56495,98,410.308321
-45.059727,91,410.552555
-62.37501,100,410.818352
-18.814293,116,411.134541
-75.943756,103,411.3957
-56.63759,103,411.690658
-72.61774,79,411.911097
-106.02105,102,412.177401
2.6286926,90,412.43744
-25.568909,135,412.828596
-103.59042,107,413.129724
-48.095005,109,413.458025
-45.1642,116,413.807379
-44.73513,102,414.104919
-11.80069,137,414.484761
-42.62934,112,414.810619
5.2845764,86,415.110286
-54.072918,110,415.446773
-12.824295,104,415.762421
-68.99219,82,416.013837
-105.868835,476,417.395238
-46.496574,75,417.622261
-64.599686,83,417.855034
-93.08772,123,418.229423
-66.94693,51,418.398646
-92.34476,113,418.73901
-15.804794,84,418.996358
-69.874626,95,419.275047
8.89138,89,419.528067
-82.370056,121,419.886322
-25.709251,105,420.206032
-91.10621,102,420.509781
-79.35814,103,420.856637
-35.8685,120,421.209378
-12.40567,135,421.588724
-5.0983276,75,421.80296
-78.51367,132,422.17482
-9.48999,164,422.664206
-45.55424,68,422.853411
-16.33538,88,423.113021
-100.091125,108,423.416556
-46.25975,79,423.655374
-50.263657,79,423.885562
-16.834427,89,424.140976
-49.95026,142,424.569279
-37.93925,132,424.964888
20.267906,141,425.387701
-43.60566,81,425.599619
-114.445404,78,425.805896
-82.04732,77,426.004434
-111.92006,83,426.241659
4.597618,139,426.632488
-17.233215,179,427.170166
10.983185,241,427.873506
-66.48194,114,428.198683
-48.716843,112,428.509556
-58.23533,64,428.699296
-61.8341,99,428.969445
-38.817215,86,429.213671
-96.14425,125,429.543999
-84.70909,97,429.825676
-82.0941,106,430.137266
23.69522,136,430.55005
-31.402443,108,430.909847
-44.804684,109,431.230196
-33.98046,131,431.618562
-93.34691,96,431.885927
-59.449814,97,432.132509
-6.017845,79,432.380462
-90.81566,106,432.694019
-34.645348,114,433.018415
-79.91321,94,433.274154
-71.106125,85,433.507932
-75.573105,72,433.714764
-37.349693,106,434.02193
-22.221474,78,434.223363
-33.25647,93,434.488834
-41.69878,117,434.834083
-33.133896,124,435.220052
34.560043,104,435.539924
-38.70923,95,435.826193
-52.02967,116,436.151808
-93.32521,126,436.513845
-62.030304,121,436.839572
-45.948048,108,437.13617
-37.955536,92,437.391955
-46.454082,117,437.718495
-45.15795,81,437.933363
16.76384,123,438.282264
-68.88365,100,438.575852
-18.285545,71,438.778572
-19.563553,101,439.068688
-65.07886,73,439.297826
-0.24073792,123,439.677928
-40.6308,87,439.955634
-41.55268,98,440.257932
-31.836197,148,440.73727
-54.319668,127,441.117352
12.893059,114,441.479566
-57.80368,105,441.822405
-31.370567,111,442.188985
-71.879166,106,442.500854
22.987694,96,442.792114
-63.176395,91,443.054803
-12.020523,135,443.475378
-38.133633,85,443.708788
9.75486,103,444.006894
-39.588276,69,444.207167
-47.61149,104,444.546501
-84.181244,79,444.797717
-28.634186,77,445.042332
3.745842,101,445.342434
-18.985458,111,445.715324
-105.44518,78,445.935114
-16.914131,103,446.249738
-161.42834,115,446.595649
-25.918022,71,446.805039
-81.32674,119,447.15577
3.8598251,116,447.500962
-70.78642,98,447.807736
-23.195137,158,448.309478
-87.95446,61,448.482103
-73.99338,77,448.694572
-55.452065,104,449.012182
9.858765,130,449.396482
-9.674423,96,449.69896
-50.08711,106,450.014358
-40.63914,120,450.378845
-9.893333,110,450.709436
-36.663017,106,451.016817
5.808075,94,451.287605
-19.681786,97,451.594578
-13.327469,118,451.944658
-74.33981,81,452.171622
19.318062,110,452.483053
-63.35767,89,452.748721
-8.840912,100,453.061321
-21.797821,76,453.280379
-34.141754,106,453.570598
-74.78136,68,453.778068
-37.13479,115,454.111337
-28.241371,116,454.474747
-39.5865,118,454.864827
-14.438675,150,455.315441
14.850136,110,455.654187
-91.85817,74,455.868627
-10.875984,127,456.224612
-43.487442,62,456.406747
-5.930519,101,456.702168
-46.930042,108,457.026209
-37.931206,76,457.25066
-46.794724,86,457.512439
-26.031708,127,457.881237
-31.392822,73,458.080757
-216.74529,105,458.386553
-37.75583,79,458.610722
-39.09119,80,458.840108
-61.11604,120,459.193295
-19.617592,128,459.58432
2.8451843,129,459.985823
-46.834305,99,469.4011
-57.16781,81,469.651819
-33.47622,93,469.941468
4.607895,106,470.26036
-96.20844,106,470.599896
-3.5822067,90,470.87062
-32.001823,125,471.241236
35.998077,204,471.89696
-49.417046,114,472.250579
-45.07481,85,472.496413
-27.531464,93,472.76723
-58.408833,136,473.154341
-31.160828,79,473.385802
-25.525238,96,473.654929
-54.292103,102,473.954548
-33.737366,103,474.269257
-46.900024,675,476.29825
-12.693893,118,476.671677
-49.56093,76,476.902151
-28.537643,93,477.184266
-22.10543,129,477.578238
-34.099136,115,477.952064
-114.99572,100,478.264233
-28.956947,83,478.525912
8.052284,143,478.970042
-42.113308,117,479.331579
-39.639446,79,479.574776
-27.37735,112,479.905674
-48.814644,97,480.238743
11.17424,150,480.675274
19.19548,92,480.938408
-21.91011,139,481.37112
-77.835236,87,481.650376
-5.2847595,128,482.047911
-58.53244,93,482.34331
-21.609146,139,482.744648
31.218796,144,483.156165
-18.729874,131,483.508276
-0.5484314,117,483.845164
-38.856716,141,484.321599
-32.42643,96,484.602708
-11.371704,113,484.918417
-59.222256,116,485.253429
-37.455254,57,485.417743
35.783676,86,485.68334
-15.253601,74,485.919264
-10.649147,142,486.347713
-36.158844,111,486.692003
0.7591095,124,487.064097
-25.428871,112,487.414037
-30.66143,96,487.6944
-61.417095,116,488.033568
-17.275726,117,488.394974
-37.319214,123,488.77035
-21.375961,245,489.501592
37.49054,136,489.915168
-53.67157,88,490.168153
-8.912735,147,490.610348
-49.157333,111,490.943755
-40.293793,95,491.245197
-35.50628,87,491.505663
-7.721916,98,491.788605
-98.11159,79,492.018028
4.949066,122,492.403164
-23.773087,96,492.687981
-32.656113,103,493.008468
67.202515,225,493.699192
-17.211784,109,494.068439
-1.2915802,123,494.488347
8.941429,89,494.758486
23.875778,139,495.166064
-38.529682,104,495.485871
-35.962006,87,495.751206
-3.6197662,153,496.222937
-89.6649,456,497.618432
-16.290527,78,497.826541
-49.184696,113,498.157094
24.262962,116,498.496655
-29.324593,136,498.908411
32.812973,151,499.358021
10.9483185,140,499.78348
-73.76777,72,500.022668
-33.914497,121,500.38424
-79.00398,129,500.769062
-28.262619,112,501.103992
-66.98713,107,501.42037
-104.435814,92,501.701079
-72.150764,80,501.95867
12.198883,80,502.229499
-19.369675,113,502.573044
-6.3467712,144,503.02801
-51.326717,115,503.35385
-36.707394,87,503.613658
-41.758533,82,503.895021
18.607475,187,504.41146
-86.52045,122,504.79457
5.4469986,123,505.16832
-50.439377,83,505.422175
-31.648674,96,505.708838
20.803635,124,506.08406
-31.96933,94,506.373955
-159.8486,499,507.910047
-4.314453,91,508.186194
-29.464554,117,508.565196
-14.060074,80,508.822018
-58.59396,75,509.047099
8.431076,78,509.272279
-23.433472,1000,512.35319
-23.526733,106,512.677711
29.277695,273,513.530525
-21.71988,78,513.783186
-31.443626,93,514.051373
-76.41489,106,514.332212
1.4067688,119,514.708341
0.46305847,95,515.018083
-296.94183,469,516.486447
-13.925423,154,516.997713
-17.304792,1000,520.143995
-6.5515976,123,520.534501
7.1426697,118,520.921351
-4.249916,74,521.169184
-51.12552,99,521.48193
17.109543,1000,524.697859
-55.035347,117,525.038891
-20.252365,85,525.296304
-54.27252,108,525.650219
-70.56646,126,526.063467
-13.920776,111,526.428337
-9.82856,86,526.714292
-22.823769,117,527.094967
-24.298645,90,527.36782
-30.835266,118,527.729028
-2.4769897,109,528.123903
15.5683975,131,528.566796
-19.849632,104,528.913409
-34.101334,90,529.233479
17.630905,96,529.534991
16.790955,162,530.050045
11.774612,120,530.438762
-14.328242,1000,543.598044
-22.749596,118,544.027434
-32.363167,104,544.308234
-22.726105,86,544.5488
-33.772156,110,544.986
-8.442329,125,545.430599
-22.585634,1000,548.679046
8.302994,144,549.137496
-60.806007,96,549.480819
-41.54247,85,549.756694
-63.79791,85,550.029378
14.0344925,131,550.453649
18.955788,88,550.707071
-81.76103,82,550.975677
-60.3494,103,551.265477
13.142113,128,551.643723
-44.307915,150,552.061637
13.893364,106,552.447596
20.15187,125,552.848024
-6.4353867,90,553.103768
25.219612,87,553.366323
9.866208,1000,556.662096
-3.2337189,95,556.965348
-17.370272,1000,560.571354
-6.0606537,79,560.809841
-102.703476,115,561.196988
-279.98862,990,564.168663
17.332909,105,564.563426
-31.471077,65,564.753211
-33.91514,122,565.185153
20.395187,91,565.486629
-46.826653,83,565.748747
-36.194576,124,566.083644
-85.30981,66,566.285024
1.417984,72,566.489444
-21.881512,1000,569.858476
9.640351,1000,573.639496
-10.6922455,71,573.935857
-42.014687,108,574.243824
-93.405136,255,575.254084
-5.408554,107,575.587113
-43.94487,98,575.887738
-47.37073,130,576.309537
8.094566,114,576.695106
-3.6774902,102,576.984567
44.837784,110,577.498667
-15.537689,111,577.886864
-13.7743,124,578.281645
-85.9996,126,578.757306
-48.761845,74,578.989373
28.486618,139,579.515249
-41.668262,1000,583.149426
26.604334,1000,586.572282
6.079422,101,586.925493
-31.783089,92,587.212142
1.4614716,99,587.533765
-176.77808,1000,590.928949
-38.18602,94,591.232059
-9.330582,78,591.471876
-27.783508,85,591.753138
-38.689777,119,592.112913
-20.000105,1000,595.438885
-11.042847,115,595.75021
-67.29736,93,595.989621
25.484695,105,596.369777
2.122635,113,596.745063
37.69731,105,597.112311
-12.100602,1000,600.92982
3.3401718,150,601.388577
5.843689,104,601.744617
-206.94344,343,602.994459
1.9387436,108,603.431315
-59.505253,160,603.974634
-84.13608,131,604.379073
17.467533,1000,607.704953
-20.117355,110,608.085429
28.30423,111,608.405458
20.005592,118,618.307038
-17.761452,138,618.745875
16.153336,82,619.043396
-125.7686,194,619.72893
-5.4134445,116,620.054129
-39.35754,111,620.433132
13.859558,119,620.803696
-205.39716,716,623.134513
18.73655,96,623.407201
-1.2376785,151,623.860612
-14.202019,98,624.125699
-25.018013,92,624.365929
2.5995896,1000,628.279655
-3.7995148,136,628.800455
-54.811096,95,629.108047
-44.44812,112,629.445551
-24.75602,117,629.837885
3.1976776,110,630.223683
-22.57624,87,630.47701
-23.265564,132,630.844691
-120.52986,143,631.424896
-14.154233,1000,635.006651
-52.901863,107,635.35733
-13.844002,1000,638.971136
-148.06633,623,641.264375
-12.915352,100,641.657887
-11.490868,121,642.035455
-4.734174,1000,645.210257
-31.70726,118,645.619762
-28.905167,158,646.137163
32.775208,115,646.533772
-55.213505,126,646.955999
-12.431225,1000,650.108897
-9.083267,117,650.499898
-3.367302,88,650.779869
-9.589557,1000,654.131253
58.770348,1000,657.528123
-38.715183,1000,660.980794
16.701271,1000,664.264179
-14.938847,1000,667.763826
-44.182713,1000,671.375324
-20.380844,106,671.719148
23.289648,1000,675.368454
-11.428673,1000,678.343667
-23.708305,85,678.576514
35.57613,1000,681.639629
-86.53733,790,684.338676
-0.88497436,1000,696.359523
-161.84555,439,697.921751
-144.54947,246,698.83684
-51.929436,82,699.093699
-12.094172,1000,702.812622
-3.9144435,1000,706.335451
13.222435,119,706.824435
7.3941884,1000,710.244629
26.232124,190,710.798828
-40.831665,129,711.210538
-20.522797,1000,714.678406
-219.50128,601,716.739171
48.498123,90,717.095387
-41.528008,127,717.505079
-9.8561325,1000,721.111792
0.36788177,135,721.579736
-40.706657,87,721.843382
-49.23631,99,722.162883
25.927406,1000,725.676032
54.153896,1000,728.941359
-43.156082,1000,732.476196
23.294403,91,732.820764
13.368591,137,733.28845
-23.754768,95,733.547951
29.357725,1000,737.438939
-99.12955,146,738.10046
32.180355,1000,741.929454
-27.896057,130,742.405704
-84.70409,1000,746.148266
-205.21593,545,748.23163
-20.981697,77,748.475049
-122.54566,1000,752.10411
28.017702,1000,756.03731
-0.4735794,291,757.212048
3.8240843,1000,761.024097
-1.1185303,119,761.514096
-30.902756,110,761.968141
-41.556602,1000,765.536468
10.531686,1000,778.908915
2.4839818,1000,782.355918
25.52681,129,782.773699
16.622658,1000,786.52219
63.597347,1000,790.124935
-2.8976746,1000,793.799908
66.325455,1000,797.358518
37.506134,123,797.848322
0.52860653,1000,801.651891
-27.202219,1000,805.363524
-57.853886,1000,808.846817
-17.034243,1000,812.612967
-43.831875,1000,816.233002
-38.983837,1000,819.749823
-2.199277,1000,823.169054
-34.785355,1000,826.785139
13.031245,1000,830.392162
-8.821474,1000,833.882841
-17.248856,117,834.289933
-18.0986,1000,837.852732
-15.813339,103,838.196015
16.14976,1000,841.75027
32.978825,1000,845.345125
3.612059,1000,857.709274
12.478722,118,858.112283
-56.565094,478,859.807942
25.803423,1000,863.28652
16.17241,1000,866.956943
-57.68136,1000,870.535756
46.049652,1000,874.108932
-10.176862,1000,877.739555
-110.98068,162,878.374627
-7.958887,1000,882.020544
33.734238,1000,885.708726
-8.146628,1000,889.416441
-5.171068,1000,893.204992
4.1955976,1000,897.00596
-7.4846334,1000,900.727219
-24.280195,1000,904.343377
163.76237,751,906.988589
-20.777378,1000,910.667024
147.40002,896,914.059202
34.77717,1000,917.753695
44.74497,1000,921.319774
48.71125,1000,924.961468
-46.989014,1000,928.616338
23.034004,1000,942.538178
-1.7063979,1000,945.945619
35.561237,1000,949.271355
12.482016,1000,952.578552
-16.067318,1000,956.061506
-0.76873636,1000,959.331924
233.03813,810,961.943642
23.387941,1000,965.327381
166.80469,805,967.870895
4.3039293,1000,971.178429
62.479755,1000,974.309301
67.17401,1000,977.894642
54.31672,1000,981.251056
133.09557,1000,984.747855
-23.713037,1000,988.011339
161.57686,954,991.505949
2.4094415,1000,994.851794
224.07887,752,997.578981
-27.897131,1000,1001.216584
10.649599,1000,1005.025757
34.52684,1000,1008.82266
22.252367,1000,1020.122306
-38.87935,1000,1023.421921
-6.486096,1000,1027.192678
262.92462,359,1028.750699
-6.8088408,1000,1032.505597
209.13281,681,1035.194876
258.97525,495,1036.989208
224.54367,756,1039.656141
290.77338,411,1040.984028
23.415419,1000,1044.487648
118.72634,1000,1047.641098
200.23663,870,1050.93382
221.70631,500,1052.656022
64.64124,1000,1056.127949
-0.9955807,1000,1059.613661
202.9364,670,1062.256316
222.87686,473,1063.882839
248.79883,286,1064.801489
210.95917,730,1067.496932
286.71896,541,1069.332121
245.87346,664,1071.74886
168.07123,825,1074.604879
263.84586,639,1076.926181
218.19739,590,1078.942417
227.80179,464,1080.62943
24.193108,1000,1084.32543
63.275734,1000,1087.97423
280.2884,624,1097.985767
-40.55374,1000,1101.613276
21.120255,1000,1105.125842
182.58194,721,1108.118527
251.1288,392,1109.534765
0.2509787,1000,1113.07534
22.936478,1000,1117.143174
163.58,639,1119.459618
303.36914,333,1121.059075
223.72568,755,1123.652747
173.93213,985,1126.871796
192.33159,547,1128.772039
268.19855,438,1130.35218
260.84366,436,1131.817136
-8.067347,1000,1135.735348
-28.855831,1000,1139.543478
-101.19699,1000,1143.052238
4.455164,1000,1146.450412
252.88548,546,1148.578304
-52.580135,1000,1152.235047
-29.188416,1000,1155.635468
250.17276,267,1156.490313
285.3762,368,1157.85273
270.2118,277,1159.020489
18.39154,1000,1162.229036
33.797516,173,1162.798975
204.66345,423,1164.547154
243.74268,526,1166.310956
259.5468,483,1167.959888
263.88397,268,1176.109744
280.36285,481,1177.812839
278.65482,342,1179.012794
252.26038,257,1180.017786
59.201435,1000,1183.636443
190.69986,605,1185.847166
-22.198715,123,1186.260023
283.957,353,1187.58941
250.33034,328,1188.668403
251.15646,405,1190.137407
291.1115,351,1191.273385
255.98785,287,1192.411811
73.924416,1000,1196.186075
10.166351,309,1197.39892
197.6713,577,1199.456327
244.03589,709,1201.680077
237.47002,456,1203.363632
258.00146,266,1204.226315
212.00713,355,1205.538018
266.23785,219,1206.201742
198.59912,523,1208.164788
250.80376,512,1210.175507
294.11932,231,1211.06217
298.30988,252,1211.869628
281.1228,237,1212.745693
259.88623,195,1213.478836
264.7834,286,1214.441681
260.43457,440,1216.007155
282.09305,480,1218.02886
3.4774399,150,1218.700207
276.53137,357,1220.107287
304.2533,240,1220.983683
237.18932,256,1221.872922
235.1438,239,1222.746758
275.8576,297,1223.88502
257.34048,276,1224.989735
239.56125,345,1226.118063
58.27777,211,1226.750512
286.08517,211,1227.590578
244.73154,352,1228.886672
248.66693,232,1229.845782
281.4236,508,1231.728996
261.5813,342,1232.957461
264.5404,230,1233.758708
199.68048,540,1235.698484
248.44424,534,1237.744683
244.92079,338,1239.038343
220.56958,526,1241.028538
58.51628,127,1241.556292
266.84442,421,1242.913344
258.83478,542,1244.735651
252.39963,429,1246.320921
262.1946,427,1247.935942
