#{"t_start": 1756059065.8201938, "env_id": "None"}
r,l,t
18.0,18,1.340443
16.0,16,1.342235
11.0,11,1.343466
14.0,14,1.344939
11.0,11,1.349042
15.0,15,1.350869
24.0,24,1.3537
26.0,26,1.35644
58.0,58,1.365046
22.0,22,1.367516
14.0,14,1.369224
20.0,20,1.371345
10.0,10,1.37494
12.0,12,1.376225
17.0,17,1.378019
17.0,17,1.379888
72.0,72,1.390104
11.0,11,1.39126
14.0,14,1.392758
19.0,19,1.394769
24.0,24,1.399803
13.0,13,1.401386
12.0,12,1.402869
32.0,32,1.441311
47.0,47,1.448801
31.0,31,1.452401
11.0,11,1.453563
18.0,18,1.455446
17.0,17,1.459719
25.0,25,1.462208
24.0,24,1.464621
20.0,20,1.466788
14.0,14,1.470914
12.0,12,1.47215
26.0,26,1.474737
21.0,21,1.476839
21.0,21,1.481375
18.0,18,1.48332
20.0,20,1.485687
20.0,20,1.487777
34.0,34,1.493703
25.0,25,1.496269
41.0,41,1.500572
17.0,17,1.502535
12.0,12,1.506172
32.0,32,1.818746
42.0,42,1.903562
19.0,19,1.933335
12.0,12,1.958495
18.0,18,1.980508
18.0,18,2.00939
13.0,13,2.030319
32.0,32,2.091572
10.0,10,2.103464
19.0,19,2.131438
44.0,44,2.198814
95.0,95,2.349655
13.0,13,2.368552
59.0,59,2.460726
40.0,40,2.520961
18.0,18,2.546995
30.0,30,2.594929
12.0,12,2.61359
94.0,94,2.748107
20.0,20,2.786408
18.0,18,2.817871
27.0,27,2.861438
11.0,11,2.873398
10.0,10,2.897216
11.0,11,2.914386
26.0,26,2.952636
22.0,22,2.986715
10.0,10,3.002046
24.0,24,3.03716
11.0,11,3.053671
12.0,12,3.070824
34.0,34,3.127748
11.0,11,3.145034
53.0,53,3.228328
13.0,13,3.255005
42.0,42,3.323879
11.0,11,3.340362
64.0,64,3.434809
20.0,20,3.463223
16.0,16,3.494112
22.0,22,3.526512
20.0,20,3.556648
14.0,14,3.579134
13.0,13,3.599281
15.0,15,3.623955
24.0,24,3.656811
26.0,26,3.69027
25.0,25,3.73958
14.0,14,3.758542
21.0,21,3.791092
24.0,24,3.829943
12.0,12,3.854506
19.0,19,3.888221
30.0,30,3.946687
18.0,18,3.972295
14.0,14,3.998457
29.0,29,4.04281
35.0,35,4.100546
18.0,18,4.127877
18.0,18,4.159696
18.0,18,4.18441
21.0,21,4.213392
31.0,31,4.262988
20.0,20,4.295783
12.0,12,4.31491
25.0,25,4.3545
17.0,17,4.385924
12.0,12,4.407519
59.0,59,4.492449
20.0,20,4.519836
32.0,32,4.56892
20.0,20,4.600742
11.0,11,4.619801
16.0,16,4.646673
28.0,28,4.685838
10.0,10,4.704165
15.0,15,4.723432
17.0,17,4.753454
27.0,27,4.789831
15.0,15,4.818265
14.0,14,4.843848
13.0,13,4.863277
34.0,34,4.910932
13.0,13,4.936679
14.0,14,4.960223
20.0,20,4.989564
33.0,33,5.040936
16.0,16,5.072169
22.0,22,5.109174
37.0,37,5.164163
20.0,20,5.194022
24.0,24,5.2314
19.0,19,5.264575
42.0,42,5.323883
81.0,81,5.461524
44.0,44,5.535317
28.0,28,5.576213
20.0,20,5.607958
17.0,17,5.632345
17.0,17,5.659952
17.0,17,5.688047
17.0,17,5.718769
17.0,17,5.747284
45.0,45,5.826438
22.0,22,5.860523
44.0,44,5.934932
9.0,9,5.947169
28.0,28,5.999766
18.0,18,6.024635
26.0,26,6.070676
31.0,31,6.123815
22.0,22,6.159388
19.0,19,6.195364
27.0,27,6.242131
22.0,22,6.274077
51.0,51,6.360218
15.0,15,6.389374
27.0,27,6.427146
20.0,20,6.459144
13.0,13,6.491776
41.0,41,6.556607
31.0,31,6.610434
13.0,13,6.629211
11.0,11,6.65118
24.0,24,6.69115
17.0,17,6.723624
19.0,19,6.75628
32.0,32,6.817848
17.0,17,6.845789
23.0,23,6.885628
24.0,24,6.925933
18.0,18,6.958938
25.0,25,6.996853
10.0,10,7.019566
27.0,27,7.066597
30.0,30,7.11661
20.0,20,7.151578
28.0,28,7.194984
14.0,14,7.219705
16.0,16,7.247938
25.0,25,7.291452
15.0,15,7.32216
26.0,26,7.36594
14.0,14,7.398711
20.0,20,7.435896
15.0,15,7.457407
33.0,33,7.513404
25.0,25,7.558783
31.0,31,7.614637
37.0,37,7.67339
10.0,10,7.685076
13.0,13,7.712727
51.0,51,7.791964
37.0,37,7.857672
25.0,25,7.892166
15.0,15,7.918205
17.0,17,7.944394
12.0,12,7.961867
18.0,18,7.987742
44.0,44,8.063672
10.0,10,8.080793
18.0,18,8.110652
19.0,19,8.145628
52.0,52,8.234881
50.0,50,8.321031
14.0,14,8.341612
31.0,31,8.395368
10.0,10,8.412527
37.0,37,8.478041
12.0,12,8.497112
58.0,58,8.60426
34.0,34,8.675057
16.0,16,8.704186
36.0,36,8.766603
29.0,29,8.816719
27.0,27,8.862971
73.0,73,8.978483
13.0,13,8.998934
19.0,19,9.031904
15.0,15,9.058314
39.0,39,9.119534
36.0,36,9.177146
23.0,23,9.21853
12.0,12,9.242565
16.0,16,9.26965
32.0,32,9.321368
27.0,27,9.367022
24.0,24,9.411763
12.0,12,9.434898
27.0,27,9.486856
9.0,9,9.498235
35.0,35,9.558715
18.0,18,9.587889
37.0,37,9.644011
12.0,12,9.66142
40.0,40,9.731801
36.0,36,9.796072
15.0,15,9.820155
12.0,12,9.840332
12.0,12,9.870052
43.0,43,9.944204
16.0,16,9.972019
11.0,11,9.992383
75.0,75,10.137382
24.0,24,10.175461
18.0,18,10.208286
61.0,61,10.302122
12.0,12,10.326296
47.0,47,10.413325
10.0,10,10.427414
11.0,11,10.447338
24.0,24,10.495235
40.0,40,10.56392
32.0,32,10.612542
78.0,78,10.747342
59.0,59,10.84125
49.0,49,10.928149
20.0,20,10.958326
35.0,35,11.00806
20.0,20,11.042525
18.0,18,11.070048
13.0,13,11.091924
16.0,16,11.116645
74.0,74,11.258942
25.0,25,11.295615
22.0,22,11.324703
25.0,25,11.370807
26.0,26,11.410107
42.0,42,11.481337
21.0,21,11.512592
26.0,26,11.552317
16.0,16,11.578932
12.0,12,11.595405
18.0,18,11.625298
11.0,11,11.643061
33.0,33,11.699807
42.0,42,11.770509
21.0,21,11.808394
27.0,27,11.844812
52.0,52,11.938903
31.0,31,11.995056
19.0,19,12.026234
23.0,23,12.069335
27.0,27,12.113127
15.0,15,12.139573
42.0,42,12.218313
22.0,22,12.249648
17.0,17,12.283404
17.0,17,12.315567
26.0,26,12.352533
67.0,67,12.458318
22.0,22,12.497105
18.0,18,12.526191
34.0,34,12.579219
10.0,10,12.600867
18.0,18,12.628856
13.0,13,12.653695
26.0,26,12.692738
24.0,24,12.735498
23.0,23,12.776157
21.0,21,12.812188
19.0,19,12.843894
34.0,34,12.901796
32.0,32,12.955626
12.0,12,12.975541
32.0,32,13.035989
14.0,14,13.063524
24.0,24,13.101079
20.0,20,13.13516
19.0,19,13.164698
43.0,43,13.233725
13.0,13,13.259507
65.0,65,13.370259
12.0,12,13.390843
18.0,18,13.414544
36.0,36,13.478762
25.0,25,13.529413
17.0,17,13.553965
15.0,15,13.581954
32.0,32,13.639215
37.0,37,13.693983
39.0,39,13.763072
21.0,21,13.799645
25.0,25,13.847694
16.0,16,13.873202
8.0,8,13.884755
26.0,26,13.930492
31.0,31,13.989977
17.0,17,14.022781
15.0,15,14.042534
17.0,17,14.077341
70.0,70,14.195709
13.0,13,14.213706
12.0,12,14.233666
10.0,10,14.253359
13.0,13,14.279153
19.0,19,14.307472
23.0,23,14.347886
24.0,24,14.388603
28.0,28,14.435124
33.0,33,14.487887
20.0,20,14.521183
18.0,18,14.546008
11.0,11,14.574134
21.0,21,14.60437
52.0,52,14.694269
12.0,12,14.715844
24.0,24,14.76462
52.0,52,14.864827
15.0,15,14.892829
16.0,16,14.920069
46.0,46,15.01287
51.0,51,15.094618
17.0,17,15.132077
48.0,48,15.209908
55.0,55,15.300638
17.0,17,15.331503
21.0,21,15.366337
41.0,41,15.43301
54.0,54,15.5306
9.0,9,15.544224
15.0,15,15.56812
9.0,9,15.582599
24.0,24,15.628656
23.0,23,15.671763
69.0,69,15.777907
15.0,15,15.807597
18.0,18,15.833587
16.0,16,15.856725
56.0,56,15.947677
33.0,33,15.993944
30.0,30,16.060323
19.0,19,16.09338
21.0,21,16.128526
26.0,26,16.170744
25.0,25,16.213192
34.0,34,16.273342
76.0,76,16.407284
20.0,20,16.443559
10.0,10,16.470497
19.0,19,16.499285
42.0,42,16.570559
23.0,23,16.607548
17.0,17,16.648258
55.0,55,16.745085
39.0,39,16.805589
25.0,25,16.851636
52.0,52,17.982134
22.0,22,18.018465
21.0,21,18.050972
77.0,77,18.191
44.0,44,18.263298
26.0,26,18.304936
17.0,17,18.331044
37.0,37,18.41403
17.0,17,18.444927
20.0,20,18.476979
29.0,29,18.519622
50.0,50,18.601193
12.0,12,18.625386
11.0,11,18.640497
28.0,28,18.686821
61.0,61,18.796304
13.0,13,18.821732
21.0,21,18.86277
12.0,12,18.884572
11.0,11,18.905773
35.0,35,18.964378
13.0,13,18.981107
30.0,30,19.032379
51.0,51,19.120557
16.0,16,19.152745
17.0,17,19.181318
11.0,11,19.200221
18.0,18,19.242801
33.0,33,19.296212
27.0,27,19.345422
59.0,59,19.445271
93.0,93,19.61221
21.0,21,19.654369
33.0,33,19.708182
53.0,53,19.804598
17.0,17,19.843509
10.0,10,19.862965
12.0,12,19.881908
46.0,46,19.967012
33.0,33,20.020474
12.0,12,20.044088
15.0,15,20.065674
10.0,10,20.079633
26.0,26,20.129272
35.0,35,20.197647
19.0,19,20.237511
103.0,103,20.424829
60.0,60,20.528841
38.0,38,20.597859
40.0,40,20.661162
29.0,29,20.714836
21.0,21,20.750852
10.0,10,20.771484
11.0,11,20.790253
22.0,22,20.830167
12.0,12,20.851277
14.0,14,20.877362
20.0,20,20.907053
27.0,27,20.947167
9.0,9,20.960721
27.0,27,21.00887
21.0,21,21.043705
15.0,15,21.069679
26.0,26,21.115627
52.0,52,21.199032
18.0,18,21.230663
14.0,14,21.254989
34.0,34,21.316716
9.0,9,21.332961
30.0,30,21.392469
47.0,47,21.4693
20.0,20,21.507841
19.0,19,21.541916
19.0,19,21.574724
34.0,34,21.629011
13.0,13,21.654331
80.0,80,21.804462
9.0,9,21.818505
117.0,117,22.043666
30.0,30,22.096573
29.0,29,22.149481
16.0,16,22.179046
16.0,16,22.212688
31.0,31,22.265012
62.0,62,22.37117
17.0,17,22.396958
53.0,53,22.494304
10.0,10,22.509465
13.0,13,22.535378
70.0,70,22.661099
35.0,35,22.726913
22.0,22,22.757778
20.0,20,22.789363
46.0,46,22.870796
34.0,34,22.929194
16.0,16,22.952105
42.0,42,23.025695
78.0,78,23.166072
18.0,18,23.203782
15.0,15,23.224353
13.0,13,23.258032
44.0,44,23.336592
43.0,43,23.410424
19.0,19,23.442447
28.0,28,23.496748
22.0,22,23.537819
19.0,19,23.568896
16.0,16,23.597547
20.0,20,23.639866
52.0,52,23.73352
36.0,36,23.803393
25.0,25,23.853726
82.0,82,24.00197
74.0,74,24.135334
40.0,40,24.214112
16.0,16,24.241588
21.0,21,24.279758
57.0,57,24.370819
14.0,14,24.399257
22.0,22,24.435075
24.0,24,24.476225
16.0,16,24.503372
12.0,12,24.523322
9.0,9,24.538115
18.0,18,24.574352
12.0,12,24.597463
13.0,13,24.616949
26.0,26,24.664883
15.0,15,24.69762
24.0,24,24.741395
18.0,18,24.775001
39.0,39,24.850639
14.0,14,24.876504
13.0,13,24.902056
22.0,22,24.945362
15.0,15,24.973904
43.0,43,25.052355
32.0,32,25.111392
12.0,12,25.134593
32.0,32,25.195626
17.0,17,25.233285
27.0,27,25.280774
23.0,23,25.331811
21.0,21,25.364839
33.0,33,25.431365
17.0,17,25.461163
36.0,36,25.543261
38.0,38,25.61335
12.0,12,25.644428
77.0,77,25.780508
47.0,47,25.855699
50.0,50,25.95384
22.0,22,25.989374
16.0,16,26.018186
11.0,11,26.038087
19.0,19,26.080693
31.0,31,26.135218
16.0,16,26.173975
37.0,37,26.245861
24.0,24,26.29509
23.0,23,26.347775
36.0,36,26.420709
34.0,34,26.482454
35.0,35,26.552204
19.0,19,26.595075
15.0,15,26.626041
52.0,52,26.73192
16.0,16,26.760418
48.0,48,26.870559
19.0,19,26.919124
15.0,15,26.94839
35.0,35,27.025474
36.0,36,27.101668
12.0,12,27.124842
12.0,12,27.149708
13.0,13,27.176092
11.0,11,27.204512
13.0,13,27.233828
40.0,40,27.31498
10.0,10,27.332236
11.0,11,27.360942
10.0,10,27.388053
17.0,17,27.422334
18.0,18,27.453981
20.0,20,27.498226
8.0,8,27.516797
20.0,20,27.557539
17.0,17,27.594895
18.0,18,27.630576
48.0,48,27.728317
17.0,17,27.760929
18.0,18,27.798173
44.0,44,27.891198
45.0,45,27.977007
16.0,16,28.005912
13.0,13,28.02677
11.0,11,28.050887
17.0,17,28.080169
15.0,15,28.111215
42.0,42,28.206458
41.0,41,28.288492
28.0,28,28.346629
32.0,32,28.40524
24.0,24,28.456764
36.0,36,28.53961
25.0,25,28.589175
15.0,15,28.621766
20.0,20,28.657597
20.0,20,28.704655
33.0,33,28.771739
15.0,15,28.809941
13.0,13,28.832687
14.0,14,28.875173
33.0,33,28.947707
57.0,57,29.060311
38.0,38,29.141132
72.0,72,29.312454
11.0,11,29.328011
15.0,15,29.360046
22.0,22,29.412703
23.0,23,29.456123
33.0,33,29.532212
11.0,11,29.552486
39.0,39,29.633757
16.0,16,29.665416
18.0,18,29.71717
11.0,11,29.733715
15.0,15,29.761774
15.0,15,29.80271
15.0,15,29.835513
11.0,11,29.852826
22.0,22,29.900689
50.0,50,30.009099
14.0,14,30.046356
24.0,24,30.092971
18.0,18,30.125865
13.0,13,30.163958
13.0,13,30.196342
15.0,15,30.227778
22.0,22,30.27172
40.0,40,30.359546
13.0,13,30.388707
10.0,10,30.414452
11.0,11,30.437322
15.0,15,30.468411
13.0,13,30.498661
16.0,16,30.528252
34.0,34,30.593911
12.0,12,30.627355
30.0,30,30.691629
20.0,20,30.735411
13.0,13,30.758296
78.0,78,30.927158
22.0,22,30.97195
14.0,14,30.996625
14.0,14,31.033022
53.0,53,31.154621
41.0,41,31.246186
18.0,18,31.285861
21.0,21,31.328681
10.0,10,31.362807
20.0,20,31.399362
23.0,23,31.450273
11.0,11,31.4779
17.0,17,31.515672
11.0,11,31.540367
47.0,47,31.640142
65.0,65,31.779259
22.0,22,31.831067
12.0,12,31.855525
12.0,12,31.88229
24.0,24,31.925079
13.0,13,31.953921
35.0,35,32.030883
12.0,12,32.059222
13.0,13,32.086795
13.0,13,32.120998
11.0,11,32.154957
15.0,15,32.188355
21.0,21,32.225142
21.0,21,32.262302
12.0,12,32.286129
12.0,12,32.306096
12.0,12,32.326798
14.0,14,32.367573
39.0,39,32.442461
12.0,12,32.465869
29.0,29,32.520869
15.0,15,32.55308
36.0,36,32.625371
19.0,19,32.663946
31.0,31,32.732207
28.0,28,32.794842
17.0,17,32.834248
26.0,26,32.890183
53.0,53,32.986415
17.0,17,33.018291
16.0,16,33.051988
12.0,12,33.078325
23.0,23,33.133576
14.0,14,33.159951
12.0,12,33.185658
21.0,21,33.227924
11.0,11,33.24348
15.0,15,33.273335
31.0,31,33.337703
17.0,17,33.363098
24.0,24,33.406763
12.0,12,33.438534
25.0,25,33.488663
15.0,15,33.525251
22.0,22,33.57067
14.0,14,33.605321
12.0,12,33.635376
14.0,14,33.665611
13.0,13,33.690112
21.0,21,33.733803
55.0,55,33.842286
34.0,34,33.901701
11.0,11,33.930659
23.0,23,33.976533
56.0,56,34.067899
25.0,25,34.106261
13.0,13,34.132074
13.0,13,34.159443
13.0,13,34.181923
13.0,13,34.201249
11.0,11,34.220275
42.0,42,34.30219
12.0,12,34.323692
13.0,13,34.354605
39.0,39,34.418608
21.0,21,34.462966
11.0,11,34.479223
15.0,15,34.507608
14.0,14,34.536538
19.0,19,34.576079
13.0,13,34.600597
20.0,20,34.634667
24.0,24,34.682041
20.0,20,34.721222
44.0,44,34.794859
15.0,15,34.815603
15.0,15,34.841709
13.0,13,34.864264
13.0,13,34.888553
23.0,23,34.932453
18.0,18,34.96885
58.0,58,35.081752
71.0,71,35.253808
54.0,54,35.363589
21.0,21,35.405889
34.0,34,35.473344
19.0,19,35.510015
20.0,20,35.548146
16.0,16,35.588128
18.0,18,35.624862
16.0,16,35.657255
13.0,13,35.685215
24.0,24,35.729011
39.0,39,35.808444
22.0,22,35.842867
27.0,27,35.905468
12.0,12,35.934161
26.0,26,35.99367
20.0,20,36.030681
17.0,17,36.076255
60.0,60,36.209193
14.0,14,36.238096
23.0,23,36.281224
43.0,43,36.365261
15.0,15,36.390897
11.0,11,36.418514
62.0,62,36.533535
17.0,17,36.563353
13.0,13,36.588078
20.0,20,36.62857
33.0,33,36.682557
105.0,105,36.921243
11.0,11,36.938134
33.0,33,37.018913
28.0,28,37.079921
87.0,87,37.246324
71.0,71,37.386297
11.0,11,37.411152
33.0,33,38.016593
18.0,18,38.063195
17.0,17,38.094453
25.0,25,38.140413
12.0,12,38.168422
12.0,12,38.187244
31.0,31,38.241863
24.0,24,38.29169
20.0,20,38.328246
11.0,11,38.350768
44.0,44,38.448361
53.0,53,38.570282
14.0,14,38.593925
16.0,16,38.623608
33.0,33,38.696126
25.0,25,38.745403
16.0,16,38.785119
15.0,15,38.829167
28.0,28,38.893608
22.0,22,38.943359
13.0,13,38.973365
31.0,31,39.035922
14.0,14,39.069287
54.0,54,39.189371
134.0,134,39.485076
55.0,55,39.603468
34.0,34,39.677423
27.0,27,39.743081
17.0,17,39.773988
42.0,42,39.861999
17.0,17,39.909163
22.0,22,39.953367
36.0,36,40.037441
182.0,182,40.441283
13.0,13,40.466787
21.0,21,40.521455
23.0,23,40.576485
21.0,21,40.624461
27.0,27,40.684713
12.0,12,40.71656
31.0,31,40.804938
16.0,16,40.84981
28.0,28,40.912302
71.0,71,41.061823
16.0,16,41.093744
21.0,21,41.135484
25.0,25,41.189974
16.0,16,41.227966
18.0,18,41.263395
14.0,14,41.298228
14.0,14,41.328421
42.0,42,41.421133
13.0,13,41.445674
25.0,25,41.504854
24.0,24,41.559954
32.0,32,41.633282
28.0,28,41.694245
25.0,25,41.741029
47.0,47,41.836715
29.0,29,41.910839
12.0,12,41.933025
16.0,16,41.965765
22.0,22,42.015714
14.0,14,42.072792
41.0,41,42.161068
17.0,17,42.193029
11.0,11,42.212662
55.0,55,42.329309
21.0,21,42.370888
48.0,48,42.46173
65.0,65,42.579284
68.0,68,42.739557
95.0,95,42.94726
65.0,65,43.078275
59.0,59,43.199924
28.0,28,43.264715
23.0,23,43.307951
15.0,15,43.33758
42.0,42,43.420291
38.0,38,43.501655
49.0,49,43.618593
52.0,52,43.73998
97.0,97,43.942166
13.0,13,43.971195
10.0,10,44.001737
123.0,123,44.234342
51.0,51,44.357136
49.0,49,44.492743
17.0,17,44.542666
16.0,16,44.583596
56.0,56,44.693058
138.0,138,44.995247
17.0,17,45.032706
19.0,19,45.074123
44.0,44,45.169484
17.0,17,45.211225
13.0,13,45.249787
22.0,22,45.304324
29.0,29,45.370661
34.0,34,45.449384
18.0,18,45.479224
28.0,28,45.534145
23.0,23,45.585251
16.0,16,45.620203
17.0,17,45.650255
22.0,22,45.695451
33.0,33,45.761099
28.0,28,45.823023
13.0,13,45.85054
9.0,9,45.875919
21.0,21,45.920282
18.0,18,45.955761
20.0,20,45.998517
35.0,35,46.076626
41.0,41,46.164334
13.0,13,46.199258
11.0,11,46.220272
14.0,14,46.252788
33.0,33,46.319801
36.0,36,46.394188
18.0,18,46.440681
60.0,60,46.558178
15.0,15,46.58363
23.0,23,46.640201
26.0,26,46.702157
17.0,17,46.743549
41.0,41,46.836009
14.0,14,46.875758
33.0,33,46.952313
13.0,13,46.982029
21.0,21,47.027476
23.0,23,47.092355
32.0,32,47.162032
12.0,12,47.191742
21.0,21,47.232359
46.0,46,47.331699
16.0,16,47.368676
17.0,17,47.402423
12.0,12,47.426534
11.0,11,47.454967
18.0,18,47.4925
26.0,26,47.553301
37.0,37,47.635638
29.0,29,47.707438
14.0,14,47.745373
33.0,33,47.821864
15.0,15,47.860217
14.0,14,47.902916
28.0,28,47.963693
53.0,53,48.092973
14.0,14,48.12366
19.0,19,48.175742
14.0,14,48.197761
12.0,12,48.229897
17.0,17,48.270767
24.0,24,48.334228
20.0,20,48.376591
31.0,31,48.437125
13.0,13,48.471577
17.0,17,48.514973
19.0,19,48.558298
34.0,34,48.6453
15.0,15,48.67792
13.0,13,48.708928
26.0,26,48.769083
13.0,13,48.798885
94.0,94,49.007658
25.0,25,49.077984
10.0,10,49.095648
17.0,17,49.137408
29.0,29,49.214008
22.0,22,49.262236
15.0,15,49.294319
13.0,13,49.32756
18.0,18,49.367914
12.0,12,49.398711
20.0,20,49.446709
10.0,10,49.461513
38.0,38,49.543899
29.0,29,49.607081
35.0,35,49.690553
23.0,23,49.739397
51.0,51,49.867221
18.0,18,49.917451
16.0,16,49.956313
47.0,47,50.062467
17.0,17,50.106323
42.0,42,50.216675
24.0,24,50.263747
29.0,29,50.324462
88.0,88,50.527587
32.0,32,50.597642
22.0,22,50.641725
12.0,12,50.665796
30.0,30,50.730908
15.0,15,50.769264
19.0,19,50.808117
16.0,16,50.840461
13.0,13,50.869016
18.0,18,50.907014
67.0,67,51.050179
10.0,10,51.077545
25.0,25,51.131773
13.0,13,51.168563
17.0,17,51.207916
19.0,19,51.251089
14.0,14,51.293152
24.0,24,51.343744
21.0,21,51.390187
12.0,12,51.41795
34.0,34,51.496727
28.0,28,51.55981
11.0,11,51.574098
20.0,20,51.617139
16.0,16,51.647792
13.0,13,51.683547
17.0,17,51.718879
63.0,63,51.843974
11.0,11,51.86545
10.0,10,51.898002
16.0,16,51.937422
27.0,27,51.994649
21.0,21,52.035253
18.0,18,52.074176
10.0,10,52.098616
12.0,12,52.126479
38.0,38,52.225233
24.0,24,52.275853
14.0,14,52.310328
11.0,11,52.33955
31.0,31,52.406168
27.0,27,52.470157
17.0,17,52.502902
10.0,10,52.526723
277.0,277,53.153859
26.0,26,53.215952
60.0,60,53.3392
20.0,20,53.380048
20.0,20,53.424373
12.0,12,53.457445
23.0,23,53.509058
15.0,15,53.551672
19.0,19,53.597503
26.0,26,53.647818
14.0,14,53.686427
16.0,16,53.723753
15.0,15,53.758864
20.0,20,53.804982
23.0,23,53.85724
15.0,15,53.897262
15.0,15,53.928123
12.0,12,53.956757
21.0,21,54.006933
27.0,27,54.07672
12.0,12,54.099024
24.0,24,54.146777
46.0,46,54.253597
20.0,20,54.302579
19.0,19,54.346653
59.0,59,54.499332
26.0,26,54.545887
13.0,13,54.582248
14.0,14,54.614715
22.0,22,54.675086
18.0,18,54.718177
10.0,10,54.743498
19.0,19,54.77776
49.0,49,54.889056
10.0,10,54.914149
11.0,11,54.940125
18.0,18,54.975641
13.0,13,55.01783
18.0,18,55.054549
13.0,13,55.075763
17.0,17,55.117102
11.0,11,55.141309
18.0,18,55.183421
11.0,11,55.208357
33.0,33,55.278602
10.0,10,55.299311
13.0,13,55.335394
16.0,16,55.37543
50.0,50,55.48326
44.0,44,55.586121
12.0,12,55.613655
30.0,30,55.6885
22.0,22,55.736338
18.0,18,55.779705
17.0,17,55.821685
27.0,27,55.879858
42.0,42,55.969647
28.0,28,56.044305
31.0,31,56.120369
27.0,27,56.189097
16.0,16,56.225111
36.0,36,56.314242
15.0,15,56.341386
18.0,18,56.386937
13.0,13,56.416454
36.0,36,56.50023
49.0,49,56.602057
32.0,32,56.663033
16.0,16,56.699069
18.0,18,56.740369
42.0,42,56.823916
70.0,70,56.984597
27.0,27,57.049978
18.0,18,57.095536
17.0,17,57.13465
34.0,34,57.216709
20.0,20,57.264291
19.0,19,57.314405
19.0,19,57.359369
12.0,12,57.385625
20.0,20,57.428735
19.0,19,57.476731
16.0,16,57.518913
14.0,14,57.552159
14.0,14,57.581478
17.0,17,57.634233
31.0,31,57.714195
11.0,11,57.750306
10.0,10,57.769841
12.0,12,57.820943
35.0,35,57.929118
92.0,92,58.199373
22.0,22,58.255126
13.0,13,58.291468
27.0,27,58.364834
20.0,20,58.420247
17.0,17,58.481445
25.0,25,58.538693
14.0,14,58.572138
16.0,16,58.613115
18.0,18,58.654017
16.0,16,58.693828
12.0,12,58.718183
33.0,33,58.786798
18.0,18,58.825643
21.0,21,58.873342
17.0,17,58.907127
16.0,16,58.946838
14.0,14,58.981596
15.0,15,59.019274
34.0,34,59.122167
20.0,20,59.174691
11.0,11,59.205172
28.0,28,59.296947
14.0,14,59.322783
46.0,46,59.445536
11.0,11,59.480832
20.0,20,59.530161
14.0,14,59.577712
14.0,14,59.610425
18.0,18,59.656699
71.0,71,59.83618
28.0,28,59.909853
59.0,59,60.062232
12.0,12,60.087865
16.0,16,60.15419
11.0,11,60.186501
32.0,32,60.281644
21.0,21,60.371654
31.0,31,60.460589
18.0,18,60.516892
20.0,20,60.564738
11.0,11,60.59543
15.0,15,60.631457
29.0,29,60.711962
24.0,24,60.766978
26.0,26,60.830727
13.0,13,60.879776
96.0,96,61.600388
31.0,31,61.668474
31.0,31,61.728305
45.0,45,61.865204
23.0,23,61.939214
29.0,29,62.050171
28.0,28,62.131597
33.0,33,62.202342
17.0,17,62.249306
14.0,14,62.276472
14.0,14,62.306829
17.0,17,62.35964
12.0,12,62.385357
32.0,32,62.466541
52.0,52,62.616163
15.0,15,62.654755
33.0,33,62.724456
32.0,32,62.796916
54.0,54,62.909132
32.0,32,62.990833
51.0,51,63.115196
35.0,35,63.197099
21.0,21,63.232745
19.0,19,63.282861
22.0,22,63.326465
44.0,44,63.431569
37.0,37,63.538773
26.0,26,63.62
27.0,27,63.68368
15.0,15,63.71263
15.0,15,63.737615
65.0,65,63.901577
25.0,25,63.95678
15.0,15,63.99328
32.0,32,64.060169
15.0,15,64.09768
14.0,14,64.129656
19.0,19,64.170183
18.0,18,64.212087
13.0,13,64.241003
10.0,10,64.264008
9.0,9,64.285144
65.0,65,64.468807
62.0,62,64.673703
30.0,30,64.747122
15.0,15,64.7803
18.0,18,64.825987
14.0,14,64.853035
23.0,23,64.910204
46.0,46,65.02496
29.0,29,65.092681
49.0,49,65.201598
18.0,18,65.24583
17.0,17,65.303544
14.0,14,65.350396
34.0,34,65.483005
14.0,14,65.511569
10.0,10,65.542448
15.0,15,65.583868
11.0,11,65.636789
10.0,10,65.677877
16.0,16,65.728624
13.0,13,65.762978
12.0,12,65.795414
15.0,15,65.850591
17.0,17,65.889412
15.0,15,65.925591
21.0,21,65.979564
26.0,26,66.041825
21.0,21,66.096473
18.0,18,66.146312
12.0,12,66.190522
13.0,13,66.247765
18.0,18,66.32431
12.0,12,66.357927
14.0,14,66.392658
26.0,26,66.449916
25.0,25,66.511776
14.0,14,66.541742
17.0,17,66.584643
32.0,32,66.660861
16.0,16,66.693114
14.0,14,66.718485
16.0,16,66.756118
22.0,22,66.811414
14.0,14,66.852635
61.0,61,67.005441
16.0,16,67.046573
24.0,24,67.111528
13.0,13,67.143435
102.0,102,67.450442
18.0,18,67.527781
58.0,58,67.749162
11.0,11,67.795123
11.0,11,67.826232
15.0,15,67.87344
14.0,14,67.925082
16.0,16,67.96751
31.0,31,68.048644
21.0,21,68.100678
23.0,23,68.149249
13.0,13,68.178173
19.0,19,68.234286
101.0,101,68.528331
11.0,11,68.553068
21.0,21,68.624045
13.0,13,68.652818
19.0,19,68.732715
41.0,41,68.821322
15.0,15,68.852432
34.0,34,68.969375
33.0,33,69.091225
23.0,23,69.152731
13.0,13,69.184932
30.0,30,69.263712
21.0,21,69.320685
18.0,18,69.365413
28.0,28,69.435822
26.0,26,69.553489
56.0,56,69.72776
51.0,51,69.912516
13.0,13,69.978365
27.0,27,70.076323
22.0,22,70.175543
36.0,36,70.300768
10.0,10,70.330675
51.0,51,70.56661
14.0,14,70.61714
45.0,45,70.749951
11.0,11,70.794144
18.0,18,70.865725
24.0,24,70.933303
18.0,18,70.969368
31.0,31,71.036798
18.0,18,71.078633
12.0,12,71.129981
35.0,35,71.298393
26.0,26,71.392415
22.0,22,71.486003
34.0,34,71.565344
15.0,15,71.59588
13.0,13,71.621826
17.0,17,71.660103
50.0,50,71.799715
16.0,16,71.841492
57.0,57,71.978652
22.0,22,72.068464
10.0,10,72.096479
83.0,83,72.419403
9.0,9,72.44241
42.0,42,72.583864
34.0,34,72.700734
14.0,14,72.751684
53.0,53,72.920567
19.0,19,72.978729
32.0,32,73.064159
14.0,14,73.088219
25.0,25,73.14618
13.0,13,73.178082
17.0,17,73.218011
19.0,19,73.257903
12.0,12,73.282148
16.0,16,73.309007
11.0,11,73.339093
27.0,27,73.465281
39.0,39,73.609535
19.0,19,73.681208
15.0,15,73.734515
10.0,10,73.770898
13.0,13,73.801856
14.0,14,73.832785
19.0,19,73.880705
17.0,17,73.921013
23.0,23,73.979352
12.0,12,74.004551
15.0,15,74.046935
15.0,15,74.083679
14.0,14,74.110815
12.0,12,74.134116
84.0,84,74.377772
20.0,20,74.450622
12.0,12,74.475077
9.0,9,74.502741
13.0,13,74.53635
13.0,13,74.56448
20.0,20,74.60615
14.0,14,74.638714
44.0,44,74.748231
21.0,21,74.793662
15.0,15,74.870111
14.0,14,74.936277
17.0,17,75.010206
24.0,24,75.095845
23.0,23,75.188839
16.0,16,75.249232
21.0,21,75.317
10.0,10,75.363968
16.0,16,75.409004
17.0,17,75.470347
19.0,19,75.525068
14.0,14,75.575044
25.0,25,75.649618
23.0,23,75.709439
14.0,14,75.76156
17.0,17,75.809504
12.0,12,75.872664
15.0,15,75.918724
24.0,24,76.018286
15.0,15,76.075674
20.0,20,76.142482
14.0,14,76.175135
15.0,15,76.213486
9.0,9,76.231957
18.0,18,76.279445
22.0,22,76.328202
13.0,13,76.359332
22.0,22,76.412249
10.0,10,76.431222
19.0,19,76.484787
16.0,16,76.527619
13.0,13,76.574511
14.0,14,76.644031
17.0,17,76.703225
15.0,15,76.770818
14.0,14,76.816781
12.0,12,76.847656
12.0,12,76.879034
31.0,31,76.957284
9.0,9,76.97803
15.0,15,77.01302
32.0,32,77.103938
30.0,30,77.228433
12.0,12,77.25099
10.0,10,77.278834
21.0,21,77.320024
26.0,26,77.405907
13.0,13,77.458706
11.0,11,77.493927
18.0,18,77.555303
21.0,21,77.666412
63.0,63,77.839042
20.0,20,77.890764
10.0,10,77.918277
16.0,16,77.960878
20.0,20,77.997112
15.0,15,78.035471
12.0,12,78.062706
17.0,17,78.131008
18.0,18,78.182153
14.0,14,78.238057
15.0,15,78.298537
19.0,19,78.343851
14.0,14,78.384612
22.0,22,78.445752
16.0,16,78.49807
17.0,17,78.571167
13.0,13,78.60022
19.0,19,78.66596
48.0,48,78.865828
17.0,17,78.914046
13.0,13,78.947236
27.0,27,79.010622
15.0,15,79.057713
15.0,15,79.101786
21.0,21,79.15931
9.0,9,79.177491
15.0,15,79.209257
14.0,14,79.244377
11.0,11,79.272657
17.0,17,79.308043
10.0,10,79.351403
10.0,10,79.386198
17.0,17,79.448224
17.0,17,79.528618
17.0,17,79.582471
33.0,33,79.70176
35.0,35,79.7883
12.0,12,79.817096
26.0,26,79.881462
50.0,50,80.048743
17.0,17,80.122212
57.0,57,80.289625
37.0,37,80.408913
21.0,21,80.46712
13.0,13,80.504675
37.0,37,80.609793
20.0,20,80.661883
54.0,54,80.825382
14.0,14,80.866312
31.0,31,80.976207
15.0,15,81.0281
12.0,12,81.072166
17.0,17,81.121685
19.0,19,81.182108
22.0,22,81.244597
30.0,30,81.362767
11.0,11,81.400255
89.0,89,81.687094
12.0,12,81.726247
85.0,85,81.988029
16.0,16,82.030055
23.0,23,82.095942
40.0,40,82.256285
9.0,9,82.303941
35.0,35,82.43914
31.0,31,82.531627
15.0,15,82.562586
11.0,11,82.593013
90.0,90,82.920501
77.0,77,83.122243
29.0,29,83.190543
71.0,71,83.415451
18.0,18,83.486165
15.0,15,83.529855
27.0,27,83.632127
15.0,15,83.724961
21.0,21,83.792777
12.0,12,83.820584
10.0,10,83.840441
13.0,13,83.924397
38.0,38,84.026007
22.0,22,84.0734
22.0,22,84.146699
55.0,55,84.373708
26.0,26,84.436853
12.0,12,84.466881
19.0,19,84.518296
23.0,23,84.63745
28.0,28,84.71789
13.0,13,84.751015
18.0,18,84.7948
11.0,11,84.845286
40.0,40,84.952089
16.0,16,84.986519
16.0,16,85.02499
16.0,16,85.066558
24.0,24,85.129607
13.0,13,85.160745
31.0,31,85.226603
48.0,48,85.439486
16.0,16,85.500655
69.0,69,85.777726
36.0,36,85.903314
15.0,15,85.969973
9.0,9,85.991471
25.0,25,86.050122
20.0,20,86.108491
37.0,37,86.245897
33.0,33,86.325367
31.0,31,86.407146
16.0,16,86.442742
61.0,61,86.60411
72.0,72,86.827513
28.0,28,86.901234
13.0,13,86.933555
61.0,61,87.145568
14.0,14,87.174784
78.0,78,87.459404
18.0,18,87.501891
62.0,62,87.665243
24.0,24,87.724678
47.0,47,87.840471
32.0,32,87.922163
20.0,20,87.986503
33.0,33,88.076134
53.0,53,88.214636
21.0,21,88.268511
25.0,25,88.335722
14.0,14,88.368074
39.0,39,88.464407
14.0,14,88.496199
13.0,13,88.535287
11.0,11,88.552747
33.0,33,88.656968
12.0,12,88.685512
23.0,23,88.765248
61.0,61,88.983533
16.0,16,89.043244
53.0,53,89.19525
29.0,29,89.322571
31.0,31,89.433111
12.0,12,89.487958
97.0,97,89.893878
23.0,23,89.993747
73.0,73,90.191731
13.0,13,90.220589
16.0,16,90.258334
14.0,14,90.30907
35.0,35,90.403941
13.0,13,90.439164
24.0,24,90.510182
74.0,74,90.724441
53.0,53,90.859932
72.0,72,91.120965
21.0,21,91.190618
60.0,60,91.446787
60.0,60,92.562818
17.0,17,92.606812
16.0,16,92.662078
12.0,12,92.732596
19.0,19,92.809701
51.0,51,92.976751
29.0,29,93.05714
49.0,49,93.273891
71.0,71,93.583937
35.0,35,93.687631
21.0,21,93.746352
102.0,102,94.082064
39.0,39,94.237874
57.0,57,94.52962
13.0,13,94.592186
83.0,83,94.956059
17.0,17,95.007016
21.0,21,95.06747
18.0,18,95.123493
35.0,35,95.249328
14.0,14,95.313834
23.0,23,95.41757
43.0,43,95.565674
12.0,12,95.609342
33.0,33,95.75652
23.0,23,95.889679
55.0,55,96.114898
58.0,58,96.281068
17.0,17,96.343952
17.0,17,96.412788
13.0,13,96.448452
31.0,31,96.549655
23.0,23,96.613613
46.0,46,96.767263
76.0,76,97.009419
90.0,90,97.273892
44.0,44,97.45017
14.0,14,97.540182
26.0,26,97.653413
22.0,22,97.732734
52.0,52,97.886121
55.0,55,98.105217
58.0,58,98.278217
68.0,68,98.541452
31.0,31,98.710063
66.0,66,98.989301
62.0,62,99.22303
106.0,106,99.564335
13.0,13,99.612033
14.0,14,99.652738
94.0,94,99.993164
59.0,59,100.163265
18.0,18,100.221669
18.0,18,100.278724
51.0,51,100.439457
23.0,23,100.515428
79.0,79,100.780706
20.0,20,100.840734
19.0,19,100.888559
92.0,92,101.227288
100.0,100,101.55171
72.0,72,101.765486
10.0,10,101.787373
26.0,26,101.886956
29.0,29,101.985132
9.0,9,102.009605
13.0,13,102.052056
24.0,24,102.171889
82.0,82,102.432213
91.0,91,102.827763
13.0,13,102.873416
38.0,38,103.00403
17.0,17,103.06788
96.0,96,103.40193
79.0,79,103.703841
60.0,60,103.897856
18.0,18,103.961486
15.0,15,104.015122
29.0,29,104.158563
103.0,103,104.524882
11.0,11,104.546161
91.0,91,104.861566
18.0,18,104.915553
24.0,24,105.003153
13.0,13,105.040054
48.0,48,105.192096
66.0,66,105.38129
82.0,82,105.598012
34.0,34,105.689062
31.0,31,105.782137
83.0,83,106.07423
93.0,93,106.500957
15.0,15,106.573353
15.0,15,106.622876
14.0,14,106.661433
51.0,51,106.835591
15.0,15,106.881698
14.0,14,106.925556
92.0,92,107.199279
90.0,90,107.524322
13.0,13,107.555751
17.0,17,107.597523
17.0,17,107.656153
13.0,13,107.708975
33.0,33,107.82205
97.0,97,108.184332
54.0,54,108.42255
96.0,96,108.728945
15.0,15,108.776586
56.0,56,108.965561
11.0,11,109.000741
48.0,48,109.173328
56.0,56,109.360934
13.0,13,109.412047
11.0,11,109.444238
94.0,94,109.891825
92.0,92,110.2313
28.0,28,110.325166
15.0,15,110.397925
51.0,51,110.614467
96.0,96,110.945915
16.0,16,111.009012
16.0,16,111.070244
14.0,14,111.171508
19.0,19,111.25967
16.0,16,111.319548
73.0,73,111.616272
25.0,25,111.720922
72.0,72,112.001817
43.0,43,112.159869
70.0,70,112.38886
38.0,38,112.52577
18.0,18,112.608237
15.0,15,112.645648
91.0,91,112.944978
37.0,37,113.058977
13.0,13,113.093319
12.0,12,113.148509
94.0,94,113.585054
41.0,41,113.725147
14.0,14,113.776194
18.0,18,113.848959
92.0,92,114.291478
93.0,93,114.733558
95.0,95,115.144084
99.0,99,115.514525
10.0,10,115.557806
92.0,92,115.90469
22.0,22,115.989048
25.0,25,116.089245
95.0,95,116.544654
22.0,22,116.656487
15.0,15,116.725832
23.0,23,116.830369
92.0,92,117.32135
18.0,18,117.414884
94.0,94,117.848882
66.0,66,118.135123
24.0,24,118.215889
12.0,12,118.276906
99.0,99,118.687719
15.0,15,118.77031
103.0,103,119.226305
95.0,95,119.711102
22.0,22,119.816862
93.0,93,120.219361
94.0,94,120.585527
52.0,52,120.844055
44.0,44,121.055487
97.0,97,121.49444
56.0,56,121.680746
12.0,12,121.723448
94.0,94,122.03217
11.0,11,122.108864
93.0,93,122.545283
95.0,95,122.896419
18.0,18,122.972312
96.0,96,123.399395
19.0,19,123.467596
61.0,61,123.696426
98.0,98,124.121825
105.0,105,124.670445
101.0,101,125.14283
93.0,93,125.573316
96.0,96,125.942863
91.0,91,126.312036
43.0,43,126.445975
18.0,18,126.51936
91.0,91,126.792869
89.0,89,127.217897
72.0,72,127.534078
50.0,50,127.790296
13.0,13,127.842266
11.0,11,127.882085
94.0,94,128.359839
45.0,45,128.537333
12.0,12,128.573491
22.0,22,128.685128
10.0,10,128.743866
50.0,50,129.034638
28.0,28,129.197579
10.0,10,129.270055
23.0,23,129.381263
91.0,91,129.749177
22.0,22,129.82798
76.0,76,130.201548
41.0,41,130.33646
16.0,16,130.39871
98.0,98,130.821605
16.0,16,130.878335
51.0,51,131.054635
41.0,41,131.217386
49.0,49,131.409344
12.0,12,131.471664
98.0,98,132.662919
100.0,100,133.049854
96.0,96,133.504002
15.0,15,133.55575
11.0,11,133.598503
11.0,11,133.644191
63.0,63,133.860595
68.0,68,134.114851
82.0,82,134.449249
30.0,30,134.601844
16.0,16,134.677949
94.0,94,135.062503
94.0,94,135.417786
92.0,92,135.828864
18.0,18,135.920593
72.0,72,136.224245
17.0,17,136.302356
94.0,94,136.708544
43.0,43,136.859466
73.0,73,137.126451
100.0,100,137.497696
93.0,93,137.821266
10.0,10,137.851501
75.0,75,138.252341
71.0,71,138.615999
40.0,40,138.773589
35.0,35,138.970981
12.0,12,139.012539
79.0,79,139.39462
91.0,91,139.819444
68.0,68,140.254944
34.0,34,140.417353
64.0,64,140.664578
85.0,85,141.004516
12.0,12,141.028728
27.0,27,141.11102
29.0,29,141.267448
50.0,50,141.502198
11.0,11,141.567056
79.0,79,141.932897
75.0,75,142.298723
72.0,72,142.586938
78.0,78,142.876181
67.0,67,143.168175
91.0,91,143.707154
65.0,65,143.92154
22.0,22,143.980247
69.0,69,144.322802
77.0,77,144.667473
96.0,96,145.154443
68.0,68,145.515774
29.0,29,145.630471
27.0,27,145.751064
96.0,96,146.193613
91.0,91,146.683854
94.0,94,147.167917
24.0,24,147.320654
94.0,94,147.755985
87.0,87,148.079616
97.0,97,148.550711
85.0,85,148.911571
50.0,50,149.131399
87.0,87,149.584114
63.0,63,149.96931
75.0,75,150.440493
33.0,33,150.572772
43.0,43,150.849849
93.0,93,151.227232
100.0,100,151.625436
78.0,78,152.00187
102.0,102,152.645309
98.0,98,153.274389
110.0,110,153.880501
99.0,99,154.293444
97.0,97,154.873351
101.0,101,155.327894
95.0,95,155.690878
91.0,91,156.233081
64.0,64,156.53683
96.0,96,156.905304
90.0,90,157.205559
47.0,47,157.489638
48.0,48,157.718129
105.0,105,158.294798
84.0,84,158.589128
100.0,100,158.931247
46.0,46,159.224922
98.0,98,159.60224
59.0,59,160.00316
13.0,13,160.07823
96.0,96,160.532633
98.0,98,161.246642
92.0,92,161.713565
93.0,93,162.216009
95.0,95,162.620049
92.0,92,163.177332
13.0,13,163.254448
31.0,31,163.438948
33.0,33,163.60053
17.0,17,163.689998
43.0,43,163.916457
98.0,98,164.262942
88.0,88,164.60275
88.0,88,165.062029
89.0,89,165.544738
94.0,94,165.905184
100.0,100,166.437959
95.0,95,166.990018
97.0,97,167.50869
99.0,99,167.967993
97.0,97,168.504277
101.0,101,169.023655
100.0,100,169.659862
102.0,102,170.229394
96.0,96,170.71629
108.0,108,171.25504
102.0,102,171.842553
100.0,100,172.514753
87.0,87,173.02271
101.0,101,173.583523
12.0,12,173.638224
95.0,95,174.207057
97.0,97,174.655756
94.0,94,175.18468
99.0,99,175.727407
99.0,99,176.204926
92.0,92,176.576115
11.0,11,176.606366
95.0,95,177.08783
95.0,95,177.480359
98.0,98,177.859855
93.0,93,178.348883
92.0,92,178.73942
81.0,81,179.089011
98.0,98,179.435909
95.0,95,179.895875
94.0,94,180.392926
89.0,89,181.575409
96.0,96,181.929556
99.0,99,182.474571
89.0,89,182.869713
93.0,93,183.380792
92.0,92,183.8688
43.0,43,184.123346
90.0,90,184.464751
97.0,97,184.788184
95.0,95,185.261764
97.0,97,185.735816
99.0,99,186.298115
97.0,97,186.633844
85.0,85,187.01908
60.0,60,187.255542
94.0,94,187.60023
80.0,80,188.089763
98.0,98,188.632368
48.0,48,188.800106
105.0,105,189.132102
102.0,102,189.730684
92.0,92,190.246233
98.0,98,190.806238
92.0,92,191.37669
86.0,86,191.871463
70.0,70,192.28443
79.0,79,192.788697
73.0,73,193.162887
82.0,82,193.610972
59.0,59,194.0215
69.0,69,194.413392
93.0,93,194.901393
17.0,17,195.010001
57.0,57,195.302186
77.0,77,195.828215
48.0,48,196.152752
40.0,40,196.496989
60.0,60,196.754994
46.0,46,196.945227
54.0,54,197.136898
35.0,35,197.313769
30.0,30,197.465942
31.0,31,197.655576
40.0,40,197.793732
43.0,43,197.950989
42.0,42,198.101381
36.0,36,198.252636
33.0,33,198.377037
54.0,54,198.553119
32.0,32,198.659616
38.0,38,198.816319
50.0,50,199.063807
44.0,44,199.344224
35.0,35,199.518598
47.0,47,199.754224
43.0,43,199.981012
45.0,45,200.241387
49.0,49,200.429308
36.0,36,200.542187
40.0,40,200.678427
70.0,70,200.934801
43.0,43,201.098827
85.0,85,201.500546
55.0,55,201.826802
59.0,59,202.163579
58.0,58,202.472661
40.0,40,202.709642
50.0,50,202.920224
60.0,60,203.152576
63.0,63,203.465664
89.0,89,203.934669
56.0,56,204.18279
57.0,57,204.366035
74.0,74,204.690116
95.0,95,205.291858
75.0,75,205.604582
87.0,87,206.045978
96.0,96,206.536116
94.0,94,207.066129
95.0,95,207.542751
57.0,57,207.853394
93.0,93,208.349714
93.0,93,208.698083
11.0,11,208.72499
90.0,90,209.160932
93.0,93,209.478054
93.0,93,209.77661
97.0,97,210.053924
94.0,94,210.356475
89.0,89,210.619993
82.0,82,210.890454
92.0,92,211.189151
96.0,96,211.671417
91.0,91,212.106563
75.0,75,212.555003
61.0,61,212.862099
83.0,83,213.171154
95.0,95,213.58552
94.0,94,214.030364
52.0,52,214.281353
96.0,96,214.681684
101.0,101,215.069791
95.0,95,215.48078
106.0,106,215.840052
96.0,96,216.178211
99.0,99,216.823828
102.0,102,217.342401
105.0,105,217.892073
107.0,107,218.276842
52.0,52,218.494983
96.0,96,218.984207
102.0,102,219.616421
50.0,50,219.793635
59.0,59,219.982716
83.0,83,220.236789
76.0,76,220.468632
54.0,54,220.718832
96.0,96,221.252571
94.0,94,221.693556
59.0,59,221.938742
57.0,57,222.216026
48.0,48,222.453277
84.0,84,222.79022
57.0,57,222.97193
54.0,54,223.337854
53.0,53,223.621374
55.0,55,223.896945
60.0,60,224.211254
94.0,94,224.506663
49.0,49,224.677872
94.0,94,225.019011
87.0,87,225.325569
88.0,88,225.583779
46.0,46,225.809074
55.0,55,226.049174
16.0,16,226.099232
78.0,78,226.444635
43.0,43,226.64398
47.0,47,226.899912
50.0,50,227.138324
45.0,45,227.29218
54.0,54,227.444177
49.0,49,227.883294
57.0,57,228.106261
57.0,57,228.27699
80.0,80,228.553005
53.0,53,228.748717
54.0,54,228.905663
43.0,43,229.048105
59.0,59,229.355095
50.0,50,229.501843
55.0,55,229.646503
41.0,41,229.784007
51.0,51,229.925224
42.0,42,230.052882
43.0,43,230.189621
48.0,48,230.32945
50.0,50,230.486411
50.0,50,230.611601
45.0,45,230.751696
47.0,47,230.938026
49.0,49,231.114496
92.0,92,231.366948
99.0,99,231.685108
101.0,101,231.970324
98.0,98,232.402777
55.0,55,232.591412
56.0,56,232.781673
43.0,43,232.954757
45.0,45,233.186022
54.0,54,233.394204
56.0,56,233.570489
82.0,82,233.848181
54.0,54,234.017326
42.0,42,234.15083
53.0,53,234.349813
43.0,43,234.516044
96.0,96,234.95519
54.0,54,235.119612
54.0,54,235.297388
71.0,71,235.595955
65.0,65,235.922016
46.0,46,236.197428
69.0,69,236.511978
92.0,92,237.025416
45.0,45,237.249718
97.0,97,237.5468
58.0,58,237.724097
50.0,50,237.966368
58.0,58,238.241869
52.0,52,238.49469
57.0,57,238.768795
59.0,59,239.025531
62.0,62,239.320347
102.0,102,239.675153
89.0,89,239.991543
86.0,86,240.276965
103.0,103,240.577417
79.0,79,240.802997
101.0,101,241.105604
48.0,48,241.243821
83.0,83,241.493417
53.0,53,241.666156
52.0,52,241.837219
49.0,49,242.07243
56.0,56,242.309623
49.0,49,242.546886
52.0,52,242.766848
62.0,62,243.050434
94.0,94,243.458405
53.0,53,243.643102
103.0,103,244.054365
47.0,47,244.344195
51.0,51,244.528702
55.0,55,244.820468
61.0,61,245.025716
103.0,103,245.466024
102.0,102,245.942165
99.0,99,246.445065
44.0,44,246.666721
102.0,102,247.227695
103.0,103,247.82914
115.0,115,248.294697
114.0,114,248.828746
110.0,110,249.398107
116.0,116,249.932195
101.0,101,250.347526
106.0,106,250.861684
111.0,111,251.478741
105.0,105,252.036803
47.0,47,252.289762
93.0,93,252.737091
41.0,41,252.911179
89.0,89,253.328108
36.0,36,253.483612
44.0,44,253.608548
44.0,44,253.744198
93.0,93,254.010713
35.0,35,254.112795
41.0,41,254.243418
52.0,52,254.419992
61.0,61,254.62724
34.0,34,254.739219
39.0,39,254.856042
36.0,36,254.973261
43.0,43,255.094901
47.0,47,255.234301
42.0,42,255.367843
52.0,52,255.527201
51.0,51,255.67754
32.0,32,255.841878
30.0,30,255.959616
59.0,59,256.304404
80.0,80,256.641721
37.0,37,256.79183
32.0,32,256.963498
37.0,37,257.153586
44.0,44,257.387808
49.0,49,257.649519
54.0,54,257.863122
77.0,77,258.146816
70.0,70,258.334636
83.0,83,258.650027
97.0,97,259.127656
80.0,80,259.656986
86.0,86,260.06026
90.0,90,260.552858
74.0,74,260.911041
60.0,60,261.17784
60.0,60,261.432274
38.0,38,261.653432
45.0,45,261.875754
35.0,35,262.054919
45.0,45,262.280381
41.0,41,262.470608
75.0,75,262.870545
96.0,96,263.286057
70.0,70,263.670304
44.0,44,263.897653
13.0,13,263.933702
40.0,40,264.064377
40.0,40,264.219775
48.0,48,264.453149
83.0,83,264.89108
26.0,26,264.999493
25.0,25,265.093517
36.0,36,265.22253
38.0,38,265.375497
35.0,35,265.521535
43.0,43,265.692848
32.0,32,265.814343
32.0,32,265.93445
36.0,36,266.07321
28.0,28,266.184757
12.0,12,266.224648
23.0,23,266.331114
44.0,44,266.56114
37.0,37,266.727283
34.0,34,266.856062
30.0,30,266.939601
29.0,29,267.109626
39.0,39,267.312309
95.0,95,267.737208
26.0,26,267.847768
47.0,47,268.063206
32.0,32,268.248745
34.0,34,268.419193
48.0,48,268.643206
28.0,28,268.757333
87.0,87,269.188207
47.0,47,269.450073
85.0,85,270.331386
11.0,11,270.392564
92.0,92,270.809701
86.0,86,271.138106
54.0,54,271.290138
48.0,48,271.431476
88.0,88,271.803196
89.0,89,272.14147
92.0,92,272.416283
90.0,90,272.772899
22.0,22,272.834009
92.0,92,273.109838
88.0,88,273.562925
74.0,74,273.939949
85.0,85,274.330646
60.0,60,274.598565
28.0,28,274.711656
36.0,36,274.864048
24.0,24,274.993868
62.0,62,275.304669
16.0,16,275.377628
42.0,42,275.613792
42.0,42,275.829008
50.0,50,276.053959
89.0,89,276.444695
52.0,52,276.713959
75.0,75,276.931267
92.0,92,277.209319
93.0,93,277.521414
83.0,83,278.012117
13.0,13,278.077543
48.0,48,278.276326
92.0,92,278.655284
10.0,10,278.690306
11.0,11,278.717776
91.0,91,279.050151
87.0,87,279.309703
94.0,94,279.586015
90.0,90,279.848792
11.0,11,279.885164
94.0,94,280.249774
92.0,92,280.564838
91.0,91,280.963494
14.0,14,280.999875
91.0,91,281.285976
92.0,92,281.788593
92.0,92,282.282313
100.0,100,282.610437
91.0,91,282.988425
94.0,94,283.431196
90.0,90,283.914042
96.0,96,284.299163
92.0,92,284.819174
75.0,75,285.095006
92.0,92,285.444983
88.0,88,285.783517
92.0,92,286.128386
89.0,89,286.508711
91.0,91,286.832574
92.0,92,287.163716
41.0,41,287.317153
91.0,91,287.594723
87.0,87,287.833311
64.0,64,288.015384
94.0,94,288.34864
90.0,90,288.678314
91.0,91,288.972572
77.0,77,289.22722
38.0,38,289.353472
20.0,20,289.409734
93.0,93,289.815623
88.0,88,290.110675
16.0,16,290.157888
18.0,18,290.207608
66.0,66,290.412087
32.0,32,290.502601
38.0,38,290.619599
30.0,30,290.725543
37.0,37,290.860255
31.0,31,291.025726
12.0,12,291.088955
31.0,31,291.260988
43.0,43,291.495335
17.0,17,291.564572
13.0,13,291.621661
28.0,28,291.79942
41.0,41,291.988329
41.0,41,292.137099
11.0,11,292.170269
35.0,35,292.344252
29.0,29,292.400661
37.0,37,292.58129
32.0,32,292.722059
42.0,42,292.955541
32.0,32,293.074011
39.0,39,293.264625
36.0,36,293.393847
34.0,34,293.518591
47.0,47,293.681852
21.0,21,293.751739
35.0,35,293.923656
41.0,41,294.1216
21.0,21,294.240501
28.0,28,294.387465
23.0,23,294.548397
26.0,26,294.686237
17.0,17,294.749926
26.0,26,294.907835
28.0,28,295.060789
20.0,20,295.189606
14.0,14,295.261629
16.0,16,295.362458
13.0,13,295.425774
25.0,25,295.556202
17.0,17,295.621034
26.0,26,295.827017
14.0,14,295.866541
16.0,16,295.926636
21.0,21,295.992864
27.0,27,296.064166
35.0,35,296.187488
14.0,14,296.243984
90.0,90,296.610611
88.0,88,296.90563
90.0,90,297.182195
93.0,93,297.455147
12.0,12,297.488625
89.0,89,297.739126
21.0,21,297.790821
44.0,44,297.994789
20.0,20,298.056581
18.0,18,298.167115
17.0,17,298.228358
13.0,13,298.271009
13.0,13,298.309347
15.0,15,298.348804
16.0,16,298.398494
15.0,15,298.492719
13.0,13,298.583206
13.0,13,298.649299
31.0,31,298.729348
36.0,36,298.850044
17.0,17,298.943536
18.0,18,299.007321
31.0,31,299.102328
14.0,14,299.148382
17.0,17,299.1885
32.0,32,299.322045
16.0,16,299.387786
12.0,12,299.435799
19.0,19,299.512454
30.0,30,299.673393
11.0,11,299.756666
18.0,18,299.889951
29.0,29,299.993606
15.0,15,300.044227
13.0,13,300.078843
89.0,89,300.478563
15.0,15,300.542801
9.0,9,300.573774
14.0,14,300.619572
90.0,90,301.017988
12.0,12,301.073225
20.0,20,301.191786
22.0,22,301.286581
93.0,93,301.678438
91.0,91,301.970744
25.0,25,302.041631
88.0,88,302.350854
90.0,90,302.607014
97.0,97,302.897457
92.0,92,303.219372
94.0,94,303.478127
18.0,18,303.523319
91.0,91,303.823143
90.0,90,304.096548
89.0,89,304.375598
86.0,86,304.630591
89.0,89,304.951569
89.0,89,305.230658
24.0,24,305.299856
92.0,92,305.578409
19.0,19,305.628631
21.0,21,305.690629
29.0,29,305.776719
23.0,23,305.84405
86.0,86,306.10997
23.0,23,306.177059
17.0,17,306.228194
88.0,88,306.554164
19.0,19,306.664935
89.0,89,307.076106
86.0,86,307.440096
33.0,33,307.568953
23.0,23,307.712932
21.0,21,307.802257
90.0,90,308.272846
88.0,88,308.742799
89.0,89,309.217344
82.0,82,310.502829
93.0,93,310.822058
14.0,14,310.864756
28.0,28,310.952451
88.0,88,311.219862
89.0,89,311.531551
88.0,88,311.928884
81.0,81,312.355292
96.0,96,312.6994
38.0,38,312.828874
83.0,83,313.105872
92.0,92,313.418134
94.0,94,313.766901
14.0,14,313.819907
96.0,96,314.314569
85.0,85,314.795851
90.0,90,315.124004
91.0,91,315.503499
87.0,87,315.914435
88.0,88,316.278259
23.0,23,316.350432
25.0,25,316.466058
23.0,23,316.597926
30.0,30,316.724199
31.0,31,316.853156
19.0,19,316.957655
31.0,31,317.084287
16.0,16,317.145188
29.0,29,317.316106
23.0,23,317.407608
18.0,18,317.490935
31.0,31,317.643725
19.0,19,317.715325
21.0,21,317.79177
19.0,19,317.872024
21.0,21,317.963369
19.0,19,318.048228
26.0,26,318.163241
12.0,12,318.221969
21.0,21,318.279256
24.0,24,318.354107
30.0,30,318.530756
18.0,18,318.647567
22.0,22,318.793371
20.0,20,318.890648
15.0,15,318.93446
16.0,16,318.986734
16.0,16,319.066877
15.0,15,319.124485
16.0,16,319.195123
19.0,19,319.286639
16.0,16,319.345011
19.0,19,319.445814
14.0,14,319.510304
16.0,16,319.585694
23.0,23,319.681414
37.0,37,319.792332
57.0,57,320.12391
33.0,33,320.306316
29.0,29,320.429502
19.0,19,320.521607
16.0,16,320.573572
18.0,18,320.618693
28.0,28,320.711271
13.0,13,320.761615
20.0,20,320.821813
11.0,11,320.849704
16.0,16,320.906978
59.0,59,321.232372
18.0,18,321.315964
14.0,14,321.398216
18.0,18,321.482351
20.0,20,321.571209
29.0,29,321.716195
34.0,34,321.87071
16.0,16,321.954157
24.0,24,322.038737
16.0,16,322.084357
24.0,24,322.199162
89.0,89,322.643454
23.0,23,322.768927
67.0,67,323.109743
89.0,89,323.614956
96.0,96,324.087431
92.0,92,324.455694
95.0,95,324.792221
93.0,93,325.133473
93.0,93,325.427162
95.0,95,325.749996
86.0,86,326.153548
94.0,94,326.585669
42.0,42,326.74408
13.0,13,326.776096
89.0,89,327.167779
88.0,88,327.535959
90.0,90,327.91781
89.0,89,328.289976
90.0,90,328.7913
94.0,94,329.35863
92.0,92,329.892593
59.0,59,330.161998
39.0,39,330.335174
91.0,91,330.818259
89.0,89,331.312515
34.0,34,331.507977
90.0,90,331.980766
40.0,40,332.213459
79.0,79,332.547213
95.0,95,332.925038
91.0,91,333.216652
87.0,87,333.490588
91.0,91,333.782939
89.0,89,334.207935
57.0,57,334.368083
93.0,93,334.636954
94.0,94,335.004821
93.0,93,335.475685
92.0,92,336.013141
91.0,91,336.438073
64.0,64,336.648242
89.0,89,337.096568
93.0,93,337.463403
86.0,86,337.756639
94.0,94,338.184435
98.0,98,338.607955
93.0,93,339.068427
93.0,93,339.523336
90.0,90,339.995206
32.0,32,340.163496
94.0,94,340.482073
96.0,96,340.86727
41.0,41,340.992171
98.0,98,341.429211
91.0,91,341.784662
97.0,97,342.167856
95.0,95,342.468536
94.0,94,342.82174
58.0,58,342.991095
81.0,81,343.227609
56.0,56,343.484927
67.0,67,343.852094
83.0,83,344.336068
50.0,50,344.628804
89.0,89,345.106947
90.0,90,345.568872
83.0,83,345.941532
92.0,92,346.346184
13.0,13,346.391394
68.0,68,346.695394
33.0,33,346.859025
31.0,31,346.975395
13.0,13,347.042107
64.0,64,347.428065
94.0,94,347.887068
55.0,55,348.210001
44.0,44,348.426195
29.0,29,348.542683
41.0,41,348.725835
91.0,91,349.197756
34.0,34,349.348663
91.0,91,349.849499
93.0,93,350.356767
94.0,94,350.785029
92.0,92,351.210677
89.0,89,351.486363
85.0,85,351.759346
91.0,91,352.131176
78.0,78,352.414235
87.0,87,352.794779
88.0,88,353.055312
87.0,87,353.388757
87.0,87,353.674592
92.0,92,354.715919
92.0,92,354.983218
34.0,34,355.094238
87.0,87,355.348321
65.0,65,355.566288
89.0,89,355.860461
94.0,94,356.140202
34.0,34,356.248649
58.0,58,356.457994
46.0,46,356.694132
44.0,44,356.946363
38.0,38,357.154346
35.0,35,357.333071
78.0,78,357.593527
94.0,94,357.885329
91.0,91,358.226199
88.0,88,358.538849
79.0,79,358.781459
47.0,47,358.909118
93.0,93,359.221042
35.0,35,359.320958
92.0,92,359.730698
92.0,92,360.12334
91.0,91,360.395619
89.0,89,360.680376
85.0,85,360.935228
80.0,80,361.304431
90.0,90,361.557997
53.0,53,361.724756
56.0,56,362.02431
89.0,89,362.456458
85.0,85,362.877302
91.0,91,363.237886
40.0,40,363.444629
92.0,92,363.774993
99.0,99,364.240528
102.0,102,364.771619
89.0,89,365.24411
100.0,100,365.631201
93.0,93,365.986544
99.0,99,366.464353
69.0,69,366.660165
38.0,38,366.851393
53.0,53,367.103338
89.0,89,367.547006
38.0,38,367.66159
90.0,90,368.155774
98.0,98,368.686409
38.0,38,368.81994
94.0,94,369.141791
90.0,90,369.468594
89.0,89,369.794231
93.0,93,370.179566
91.0,91,370.581293
89.0,89,371.059025
89.0,89,371.506774
91.0,91,371.992228
86.0,86,372.494681
88.0,88,372.975623
91.0,91,373.389181
90.0,90,373.832188
97.0,97,374.28207
90.0,90,374.744982
96.0,96,375.152979
90.0,90,375.566321
47.0,47,375.794158
98.0,98,376.246306
95.0,95,376.616512
91.0,91,377.050664
97.0,97,377.461372
68.0,68,377.875478
90.0,90,378.172395
57.0,57,378.353715
89.0,89,378.823433
88.0,88,379.294971
56.0,56,379.581395
57.0,57,379.800475
93.0,93,380.197251
48.0,48,380.433766
89.0,89,380.903924
88.0,88,381.325967
85.0,85,381.731303
90.0,90,382.061285
87.0,87,382.380348
89.0,89,382.803288
58.0,58,383.006449
98.0,98,383.337635
94.0,94,383.615784
96.0,96,383.877454
93.0,93,384.153175
95.0,95,384.393833
89.0,89,384.627507
88.0,88,384.886295
97.0,97,385.280136
68.0,68,385.617151
34.0,34,385.759028
31.0,31,385.903457
66.0,66,386.145351
90.0,90,386.523604
17.0,17,386.599506
71.0,71,386.965123
26.0,26,387.049188
73.0,73,387.417317
67.0,67,387.762136
48.0,48,387.989
43.0,43,388.133632
81.0,81,388.532102
61.0,61,388.891882
36.0,36,389.042428
87.0,87,389.35625
67.0,67,389.589156
46.0,46,389.712898
94.0,94,390.02153
95.0,95,390.396359
101.0,101,390.977999
98.0,98,391.358982
103.0,103,391.757004
42.0,42,391.932463
91.0,91,392.227895
70.0,70,392.456493
95.0,95,392.962335
93.0,93,393.340439
93.0,93,393.691333
82.0,82,393.95279
33.0,33,394.094475
97.0,97,394.478393
77.0,77,394.83139
96.0,96,395.24528
74.0,74,395.441555
94.0,94,396.394762
49.0,49,396.574568
101.0,101,396.886014
100.0,100,397.337049
98.0,98,397.812809
90.0,90,398.24264
99.0,99,398.696206
71.0,71,399.113969
99.0,99,399.58942
95.0,95,400.129361
97.0,97,400.577394
94.0,94,400.893466
70.0,70,401.107441
82.0,82,401.417402
88.0,88,401.808809
66.0,66,402.102269
94.0,94,402.394661
91.0,91,402.7757
95.0,95,403.144626
45.0,45,403.375719
34.0,34,403.527289
33.0,33,403.616072
89.0,89,403.869914
75.0,75,404.073132
64.0,64,404.242567
50.0,50,404.400977
75.0,75,404.664491
87.0,87,404.997551
38.0,38,405.108907
25.0,25,405.20529
89.0,89,405.439189
48.0,48,405.59986
35.0,35,405.727057
34.0,34,405.853366
81.0,81,406.254064
45.0,45,406.455374
78.0,78,406.817105
72.0,72,407.181312
59.0,59,407.530949
83.0,83,407.854159
76.0,76,408.076308
19.0,19,408.13406
96.0,96,408.405284
103.0,103,408.789919
100.0,100,409.351431
105.0,105,409.835407
102.0,102,410.213886
101.0,101,410.515491
102.0,102,411.124434
107.0,107,411.657858
22.0,22,411.71964
111.0,111,412.132057
105.0,105,412.502369
57.0,57,412.816975
25.0,25,412.953243
93.0,93,413.342555
101.0,101,413.907238
93.0,93,414.338903
100.0,100,414.853011
90.0,90,415.249393
92.0,92,415.632641
60.0,60,415.85563
93.0,93,416.338037
92.0,92,416.860897
93.0,93,417.392921
98.0,98,417.90381
100.0,100,418.38959
87.0,87,418.766549
107.0,107,419.22428
91.0,91,419.498029
102.0,102,419.770178
121.0,121,420.137192
170.0,170,420.678257
138.0,138,421.158731
94.0,94,421.569043
100.0,100,422.111231
121.0,121,422.487356
107.0,107,422.797932
91.0,91,423.059417
98.0,98,423.366473
94.0,94,423.706752
99.0,99,424.136568
51.0,51,424.283612
101.0,101,424.723443
96.0,96,425.145703
97.0,97,425.553286
98.0,98,425.998692
91.0,91,426.37702
98.0,98,426.706769
19.0,19,426.824094
101.0,101,427.384375
105.0,105,427.774896
53.0,53,427.930795
45.0,45,428.062822
104.0,104,428.378696
105.0,105,428.767179
99.0,99,429.124903
103.0,103,429.535707
191.0,191,430.236098
115.0,115,430.573246
98.0,98,431.03281
85.0,85,431.432
16.0,16,431.503015
32.0,32,431.613666
96.0,96,431.913342
92.0,92,432.207251
93.0,93,432.539213
97.0,97,432.871381
81.0,81,433.134032
79.0,79,433.378384
80.0,80,433.740658
89.0,89,434.012623
120.0,120,434.497662
99.0,99,435.019239
93.0,93,435.500434
91.0,91,435.906844
106.0,106,436.401539
95.0,95,436.84152
72.0,72,437.954268
93.0,93,438.311445
36.0,36,438.406714
42.0,42,438.633003
19.0,19,438.721889
111.0,111,439.013258
105.0,105,439.310761
118.0,118,439.746867
127.0,127,440.387887
108.0,108,440.778474
116.0,116,441.091317
119.0,119,441.488979
113.0,113,441.913064
109.0,109,442.249057
104.0,104,442.551029
125.0,125,442.93237
59.0,59,443.128937
78.0,78,443.480065
94.0,94,443.719382
96.0,96,444.106207
73.0,73,444.338029
90.0,90,444.720526
43.0,43,444.884654
72.0,72,445.122972
64.0,64,445.302443
115.0,115,445.648969
78.0,78,445.854062
79.0,79,446.070068
88.0,88,446.365112
58.0,58,446.53368
71.0,71,446.744507
92.0,92,447.086658
75.0,75,447.325765
73.0,73,447.554865
50.0,50,447.713382
88.0,88,447.985401
83.0,83,448.240746
88.0,88,448.4881
126.0,126,448.836328
82.0,82,449.128304
47.0,47,449.288604
91.0,91,449.62187
111.0,111,450.078045
110.0,110,450.655537
375.0,375,452.152717
95.0,95,452.527694
102.0,102,452.957747
24.0,24,453.045949
98.0,98,453.397405
78.0,78,453.670532
97.0,97,453.958563
93.0,93,454.412762
79.0,79,454.689392
95.0,95,455.001327
90.0,90,455.278871
93.0,93,455.577285
94.0,94,455.839414
61.0,61,456.019983
84.0,84,456.26853
87.0,87,456.595071
92.0,92,456.970061
90.0,90,457.313329
66.0,66,457.626756
90.0,90,457.992557
94.0,94,458.419447
93.0,93,458.816134
85.0,85,459.153308
90.0,90,459.478536
75.0,75,459.769851
84.0,84,460.10499
80.0,80,460.356434
94.0,94,460.677687
64.0,64,460.986741
500.0,500,463.158573
77.0,77,463.507857
87.0,87,463.897904
97.0,97,464.364864
92.0,92,464.822149
131.0,131,465.316078
94.0,94,465.718251
48.0,48,465.924153
50.0,50,466.100421
93.0,93,466.4231
34.0,34,466.527296
94.0,94,466.835423
73.0,73,467.119173
43.0,43,467.267043
97.0,97,467.611186
100.0,100,467.977862
94.0,94,468.38508
97.0,97,468.938998
95.0,95,469.428393
98.0,98,469.824088
91.0,91,470.23053
21.0,21,470.300875
96.0,96,470.684084
18.0,18,470.749237
92.0,92,471.101685
88.0,88,471.521808
48.0,48,471.772813
32.0,32,471.903133
93.0,93,472.331017
92.0,92,472.796884
21.0,21,472.89724
89.0,89,473.44502
30.0,30,473.580248
88.0,88,473.998094
92.0,92,474.349403
96.0,96,474.731511
87.0,87,475.054298
67.0,67,475.328712
91.0,91,475.678513
99.0,99,478.856676
39.0,39,479.015069
92.0,92,479.371063
92.0,92,479.764046
100.0,100,480.136052
14.0,14,480.186791
62.0,62,480.42393
87.0,87,480.743918
102.0,102,481.126475
47.0,47,481.300078
123.0,123,481.758825
56.0,56,481.96534
55.0,55,482.187222
96.0,96,482.553909
114.0,114,482.979512
136.0,136,483.49061
143.0,143,484.031988
126.0,126,484.501076
477.0,477,486.35098
310.0,310,487.571488
417.0,417,489.160588
292.0,292,490.323807
88.0,88,490.677861
101.0,101,491.085048
93.0,93,491.455361
99.0,99,491.851571
98.0,98,492.236358
51.0,51,492.437357
90.0,90,492.797997
93.0,93,493.14775
14.0,14,493.202409
90.0,90,493.549943
95.0,95,493.916011
42.0,42,494.074876
100.0,100,494.486308
107.0,107,494.902116
66.0,66,495.167895
55.0,55,495.379777
37.0,37,495.52477
95.0,95,495.886976
95.0,95,496.254018
91.0,91,496.617592
90.0,90,496.945053
100.0,100,497.314335
62.0,62,497.555208
92.0,92,497.881022
91.0,91,498.199628
46.0,46,498.355045
92.0,92,498.715987
38.0,38,498.867323
49.0,49,499.054954
35.0,35,499.197213
18.0,18,499.259568
95.0,95,499.638272
47.0,47,499.837967
21.0,21,499.923474
31.0,31,500.04784
40.0,40,500.197156
22.0,22,500.278641
49.0,49,500.484552
34.0,34,500.626776
88.0,88,500.970413
46.0,46,501.134769
23.0,23,501.229526
39.0,39,501.380026
43.0,43,501.545379
87.0,87,501.870487
104.0,104,502.270898
105.0,105,502.687593
38.0,38,502.838333
97.0,97,503.214228
100.0,100,503.60458
50.0,50,503.803598
93.0,93,504.170346
47.0,47,504.357277
52.0,52,504.561995
91.0,91,504.945698
88.0,88,505.285883
54.0,54,505.482984
91.0,91,505.840628
53.0,53,506.049044
92.0,92,506.444384
85.0,85,506.790991
11.0,11,506.843317
46.0,46,507.040874
93.0,93,507.408034
92.0,92,507.772873
89.0,89,508.137423
30.0,30,508.262305
87.0,87,508.614659
49.0,49,508.811056
91.0,91,509.170921
92.0,92,509.541224
14.0,14,509.602845
45.0,45,509.775038
56.0,56,509.998121
31.0,31,510.11216
31.0,31,510.240898
29.0,29,510.357713
34.0,34,510.492144
32.0,32,510.606417
85.0,85,510.937861
28.0,28,511.047446
34.0,34,511.195466
26.0,26,511.305973
29.0,29,511.423674
33.0,33,511.560173
84.0,84,511.935837
12.0,12,511.98791
95.0,95,512.38086
100.0,100,512.799619
91.0,91,513.161861
98.0,98,513.559361
57.0,57,513.779513
141.0,141,514.351058
121.0,121,514.848303
97.0,97,515.231955
101.0,101,515.628889
98.0,98,516.016732
52.0,52,516.217144
90.0,90,516.565415
52.0,52,516.757021
36.0,36,516.902661
13.0,13,516.963718
84.0,84,517.299363
88.0,88,517.656365
54.0,54,518.697878
114.0,114,519.169138
93.0,93,519.560515
16.0,16,519.623567
92.0,92,520.008364
107.0,107,520.451647
38.0,38,520.60518
98.0,98,521.012096
100.0,100,521.402625
93.0,93,521.799888
100.0,100,522.209383
96.0,96,522.587688
14.0,14,522.637774
41.0,41,522.815938
107.0,107,523.263107
108.0,108,523.699128
98.0,98,524.104257
96.0,96,524.496784
107.0,107,524.932307
320.0,320,526.213802
111.0,111,526.635972
353.0,353,528.077161
135.0,135,528.600507
55.0,55,528.816058
128.0,128,529.333343
102.0,102,529.76136
284.0,284,530.886751
164.0,164,531.518063
99.0,99,531.898525
104.0,104,532.305791
58.0,58,532.530272
25.0,25,532.635231
13.0,13,532.691676
127.0,127,533.189038
20.0,20,533.264312
108.0,108,533.68591
127.0,127,534.188424
118.0,118,534.657599
330.0,330,536.08571
52.0,52,536.30611
116.0,116,536.788689
100.0,100,537.190676
91.0,91,537.571777
49.0,49,537.755645
112.0,112,538.202516
95.0,95,538.611563
95.0,95,539.021706
130.0,130,539.615021
197.0,197,540.41504
215.0,215,541.311823
109.0,109,541.754867
269.0,269,542.837608
10.0,10,542.874083
95.0,95,543.27743
45.0,45,543.474462
146.0,146,544.086317
108.0,108,544.521328
83.0,83,544.874596
89.0,89,545.241773
80.0,80,545.563712
34.0,34,545.702031
36.0,36,545.855311
41.0,41,546.018069
36.0,36,546.165471
22.0,22,546.257993
111.0,111,546.718062
48.0,48,546.911642
35.0,35,547.046777
39.0,39,547.210855
88.0,88,547.567453
103.0,103,547.993538
149.0,149,548.610931
127.0,127,549.110886
90.0,90,549.489269
119.0,119,549.969421
343.0,343,551.286419
113.0,113,551.742062
112.0,112,552.197515
28.0,28,552.299517
138.0,138,552.831823
136.0,136,553.347766
243.0,243,554.309069
215.0,215,555.101359
116.0,116,555.563863
220.0,220,556.447053
143.0,143,557.022964
129.0,129,557.545014
114.0,114,557.977179
103.0,103,558.355528
129.0,129,558.871862
114.0,114,560.215035
150.0,150,560.807916
264.0,264,561.87428
127.0,127,562.409989
185.0,185,563.126213
104.0,104,563.524554
103.0,103,563.962513
161.0,161,564.601578
250.0,250,565.622778
219.0,219,566.507862
298.0,298,567.698801
150.0,150,568.318784
247.0,247,569.329268
234.0,234,570.294322
16.0,16,570.356709
237.0,237,571.312389
27.0,27,571.421264
214.0,214,572.239058
227.0,227,573.131934
26.0,26,573.241496
225.0,225,574.161515
216.0,216,575.009013
260.0,260,576.05194
16.0,16,576.143415
254.0,254,577.162686
28.0,28,577.280854
296.0,296,578.51556
12.0,12,578.56771
259.0,259,579.613882
268.0,268,580.709717
306.0,306,581.945773
229.0,229,582.86185
128.0,128,583.416756
268.0,268,584.500719
18.0,18,584.563376
296.0,296,585.734526
26.0,26,585.840657
32.0,32,585.95892
124.0,124,586.430602
251.0,251,587.464904
161.0,161,588.135414
245.0,245,589.143359
16.0,16,589.20747
21.0,21,589.296103
244.0,244,590.302903
248.0,248,591.309506
274.0,274,592.363634
266.0,266,593.418665
26.0,26,593.530073
17.0,17,593.598445
122.0,122,594.112403
155.0,155,594.743815
280.0,280,595.877921
130.0,130,596.420474
104.0,104,596.840663
98.0,98,597.241614
18.0,18,597.313247
113.0,113,597.761175
30.0,30,597.878343
120.0,120,598.371938
112.0,112,598.816402
30.0,30,598.935112
108.0,108,599.374186
28.0,28,599.489411
96.0,96,599.861974
106.0,106,600.280159
102.0,102,601.999892
100.0,100,602.415539
100.0,100,602.812909
105.0,105,603.250235
121.0,121,603.723127
40.0,40,603.885416
102.0,102,604.297096
102.0,102,604.699785
19.0,19,604.772455
99.0,99,605.169294
20.0,20,605.246742
103.0,103,605.675068
107.0,107,606.100737
101.0,101,606.511257
98.0,98,606.895305
104.0,104,607.327097
101.0,101,607.738455
102.0,102,608.165123
15.0,15,608.20945
18.0,18,608.274314
22.0,22,608.366085
14.0,14,608.424327
14.0,14,608.484414
102.0,102,608.874892
96.0,96,609.241745
92.0,92,609.618154
16.0,16,609.685129
16.0,16,609.745103
13.0,13,609.804561
14.0,14,609.857153
12.0,12,609.902772
13.0,13,609.951868
17.0,17,610.021921
16.0,16,610.100389
13.0,13,610.149813
15.0,15,610.211003
13.0,13,610.260706
14.0,14,610.316101
14.0,14,610.373601
15.0,15,610.435846
15.0,15,610.489336
13.0,13,610.553094
14.0,14,610.605218
15.0,15,610.678996
15.0,15,610.737593
14.0,14,610.791523
13.0,13,610.844584
15.0,15,610.901866
13.0,13,610.950876
17.0,17,611.027164
13.0,13,611.076245
15.0,15,611.137309
14.0,14,611.188491
15.0,15,611.267564
15.0,15,611.334441
17.0,17,611.40257
18.0,18,611.472464
16.0,16,611.535591
15.0,15,611.59519
17.0,17,611.671754
15.0,15,611.730844
17.0,17,611.811092
16.0,16,611.876477
15.0,15,611.938728
16.0,16,611.996578
16.0,16,612.065705
17.0,17,612.129788
15.0,15,612.19642
13.0,13,612.249408
15.0,15,612.320585
14.0,14,612.379916
13.0,13,612.426506
13.0,13,612.47841
15.0,15,612.547697
18.0,18,612.620648
18.0,18,612.706431
15.0,15,612.763058
17.0,17,612.833957
13.0,13,612.87861
15.0,15,612.945415
14.0,14,613.001739
15.0,15,613.069657
14.0,14,613.140974
16.0,16,613.204818
13.0,13,613.258351
15.0,15,613.325686
15.0,15,613.381427
14.0,14,613.442439
17.0,17,613.509764
13.0,13,613.561531
13.0,13,613.623133
13.0,13,613.680827
16.0,16,613.745629
17.0,17,613.814276
15.0,15,613.875406
15.0,15,613.93856
15.0,15,613.98807
11.0,11,614.037295
15.0,15,614.094857
15.0,15,614.155521
16.0,16,614.21211
15.0,15,614.268931
12.0,12,614.316065
16.0,16,614.380128
16.0,16,614.45115
14.0,14,614.512044
14.0,14,614.566071
16.0,16,614.624323
15.0,15,614.700701
16.0,16,614.769214
15.0,15,614.824877
15.0,15,614.890203
15.0,15,614.953361
13.0,13,615.015906
15.0,15,615.069607
16.0,16,615.132329
17.0,17,615.207172
15.0,15,615.264631
17.0,17,615.338
13.0,13,615.390576
15.0,15,615.454617
13.0,13,615.513003
13.0,13,615.564358
18.0,18,615.645082
15.0,15,615.720742
13.0,13,615.790953
15.0,15,615.850562
15.0,15,615.914615
14.0,14,615.963594
13.0,13,616.023725
14.0,14,616.080775
14.0,14,616.142281
14.0,14,616.196554
16.0,16,616.262454
14.0,14,616.324397
13.0,13,616.371985
12.0,12,616.42413
13.0,13,616.475367
15.0,15,616.543571
11.0,11,616.584157
14.0,14,616.636945
14.0,14,616.69516
14.0,14,616.749101
16.0,16,616.804445
12.0,12,616.85102
11.0,11,616.898945
13.0,13,616.949519
15.0,15,617.008564
12.0,12,617.058116
14.0,14,617.117033
13.0,13,617.170155
13.0,13,617.215036
13.0,13,617.26407
11.0,11,617.318505
13.0,13,617.378445
12.0,12,617.423752
11.0,11,617.474807
13.0,13,617.527623
10.0,10,617.571646
15.0,15,617.63283
15.0,15,617.688148
12.0,12,617.737074
12.0,12,617.784966
12.0,12,617.832424
15.0,15,617.895073
14.0,14,617.96058
15.0,15,618.012425
11.0,11,618.059548
12.0,12,618.103882
11.0,11,618.164146
12.0,12,618.210811
13.0,13,618.259046
11.0,11,618.304446
12.0,12,618.355559
12.0,12,618.404366
14.0,14,618.454614
13.0,13,618.512913
14.0,14,618.567256
13.0,13,618.615259
12.0,12,618.660362
11.0,11,618.706852
15.0,15,618.768345
14.0,14,618.819944
13.0,13,618.874858
14.0,14,618.928638
15.0,15,618.997822
12.0,12,619.046583
15.0,15,619.111828
15.0,15,619.162614
12.0,12,619.217218
14.0,14,619.275181
14.0,14,619.333069
13.0,13,619.387124
13.0,13,619.444241
12.0,12,619.491083
12.0,12,619.541469
12.0,12,619.590154
13.0,13,619.644121
14.0,14,619.711315
14.0,14,619.76973
14.0,14,619.825935
14.0,14,619.879079
14.0,14,619.935363
14.0,14,619.98657
11.0,11,620.033571
15.0,15,620.095483
14.0,14,620.145262
11.0,11,620.19208
15.0,15,620.251519
13.0,13,620.300596
14.0,14,620.353219
12.0,12,620.399305
14.0,14,620.457915
12.0,12,620.504827
14.0,14,620.557644
12.0,12,620.603235
13.0,13,620.655195
13.0,13,620.707726
11.0,11,620.764265
13.0,13,620.816428
16.0,16,620.885631
12.0,12,620.941303
12.0,12,620.994224
15.0,15,621.059351
15.0,15,621.114295
15.0,15,621.179504
14.0,14,621.235648
15.0,15,621.291013
15.0,15,621.349095
15.0,15,621.41938
14.0,14,621.472876
15.0,15,621.533061
15.0,15,621.596766
14.0,14,621.647865
15.0,15,621.709987
16.0,16,621.77041
13.0,13,621.816635
14.0,14,621.879298
15.0,15,621.939423
15.0,15,621.997485
12.0,12,622.047245
15.0,15,622.114179
12.0,12,622.161899
15.0,15,622.224763
13.0,13,622.271102
13.0,13,622.325163
14.0,14,622.383974
14.0,14,622.436184
15.0,15,622.50053
13.0,13,622.560097
15.0,15,622.621788
15.0,15,622.680134
15.0,15,622.742102
14.0,14,622.793514
13.0,13,622.844478
15.0,15,622.90061
15.0,15,622.96134
13.0,13,623.016557
12.0,12,623.059588
15.0,15,623.117718
13.0,13,623.165123
13.0,13,623.219064
18.0,18,623.285253
15.0,15,623.340978
12.0,12,623.385755
19.0,19,623.454717
15.0,15,623.515177
13.0,13,623.568403
15.0,15,623.624018
14.0,14,623.68652
12.0,12,623.735252
12.0,12,623.779222
15.0,15,623.83291
17.0,17,623.907972
13.0,13,623.95419
11.0,11,623.99585
16.0,16,624.05934
17.0,17,624.128604
15.0,15,624.191014
13.0,13,624.242401
14.0,14,624.293976
12.0,12,624.342838
15.0,15,624.403278
11.0,11,624.444588
15.0,15,624.507347
14.0,14,624.568795
14.0,14,624.630738
13.0,13,624.688039
15.0,15,624.746524
13.0,13,624.803343
15.0,15,624.86113
14.0,14,624.917238
15.0,15,624.979776
13.0,13,625.029602
12.0,12,625.079244
13.0,13,625.130818
13.0,13,625.191989
14.0,14,625.24513
13.0,13,625.296907
14.0,14,625.355291
14.0,14,625.410541
14.0,14,625.476163
15.0,15,625.537029
13.0,13,625.59218
15.0,15,625.651968
16.0,16,625.722409
15.0,15,625.769766
13.0,13,625.836153
14.0,14,625.879909
15.0,15,625.949859
15.0,15,626.008821
13.0,13,626.09325
13.0,13,626.144431
15.0,15,626.240834
13.0,13,626.29324
12.0,12,626.343761
14.0,14,626.39052
15.0,15,626.443128
13.0,13,626.492293
15.0,15,626.550147
12.0,12,626.594122
15.0,15,626.679887
13.0,13,626.743305
16.0,16,626.797393
16.0,16,626.855232
21.0,21,626.949383
16.0,16,627.010589
18.0,18,627.081811
20.0,20,627.17479
14.0,14,627.235307
28.0,28,627.340228
18.0,18,627.401803
26.0,26,627.513106
23.0,23,627.608669
16.0,16,627.66943
18.0,18,627.732562
15.0,15,627.785443
23.0,23,627.867074
18.0,18,627.935437
14.0,14,627.984276
15.0,15,628.039875
41.0,41,628.216614
37.0,37,628.398456
31.0,31,628.500096
14.0,14,628.548539
23.0,23,628.645118
22.0,22,628.72273
26.0,26,628.831507
90.0,90,629.179306
16.0,16,629.257844
68.0,68,629.624906
92.0,92,629.961532
16.0,16,630.029856
18.0,18,630.117798
90.0,90,630.48562
18.0,18,630.555277
43.0,43,630.696655
14.0,14,630.756483
14.0,14,630.809982
39.0,39,630.964628
18.0,18,631.031624
32.0,32,631.236355
45.0,45,631.479764
39.0,39,631.626257
22.0,22,631.701575
18.0,18,631.779718
18.0,18,631.844494
28.0,28,631.939636
37.0,37,632.072908
42.0,42,632.284925
88.0,88,632.627373
96.0,96,633.006941
88.0,88,633.339832
37.0,37,633.488419
87.0,87,633.843283
88.0,88,634.26261
92.0,92,634.575283
25.0,25,634.675834
32.0,32,634.780057
90.0,90,635.137005
71.0,71,635.465932
88.0,88,635.763483
92.0,92,636.088017
90.0,90,636.424878
86.0,86,636.745322
19.0,19,636.817878
90.0,90,637.218904
95.0,95,637.64419
16.0,16,637.69541
95.0,95,638.049786
94.0,94,638.361653
87.0,87,638.690206
90.0,90,639.082575
59.0,59,639.342333
86.0,86,639.710247
87.0,87,640.030263
91.0,91,640.385899
11.0,11,640.426479
15.0,15,640.486435
90.0,90,640.861345
92.0,92,641.224091
92.0,92,641.672166
97.0,97,642.039899
90.0,90,643.180563
95.0,95,643.549924
91.0,91,643.92642
15.0,15,643.97851
92.0,92,644.306092
91.0,91,644.744345
96.0,96,645.210796
95.0,95,645.666005
93.0,93,645.994199
14.0,14,646.102855
16.0,16,646.193841
14.0,14,646.264242
17.0,17,646.360902
23.0,23,646.429856
35.0,35,646.612417
93.0,93,646.982758
95.0,95,647.395547
99.0,99,647.867154
93.0,93,648.287462
99.0,99,648.62882
96.0,96,648.9299
96.0,96,649.274902
99.0,99,649.749068
96.0,96,650.069399
21.0,21,650.14463
36.0,36,650.294737
95.0,95,650.681306
95.0,95,651.084343
97.0,97,651.486626
87.0,87,651.827575
101.0,101,652.283993
93.0,93,652.746655
15.0,15,652.821945
14.0,14,652.89086
92.0,92,653.284503
92.0,92,653.655658
92.0,92,653.993571
92.0,92,654.396234
100.0,100,654.861562
99.0,99,655.269405
92.0,92,655.632651
27.0,27,655.745167
90.0,90,656.200088
88.0,88,656.626026
89.0,89,657.033908
90.0,90,657.41882
77.0,77,657.800992
88.0,88,658.193543
94.0,94,658.574902
13.0,13,658.613685
42.0,42,658.82428
81.0,81,659.113408
77.0,77,659.386086
91.0,91,659.801873
12.0,12,659.850534
85.0,85,660.249449
72.0,72,660.487808
45.0,45,660.681567
80.0,80,661.026676
91.0,91,661.382307
45.0,45,661.572291
92.0,92,661.951664
14.0,14,662.058555
92.0,92,662.387171
93.0,93,662.731345
94.0,94,663.074239
93.0,93,663.552024
13.0,13,663.600791
89.0,89,663.968073
28.0,28,664.078556
94.0,94,664.528976
41.0,41,664.701626
89.0,89,665.094474
93.0,93,665.47405
90.0,90,665.877055
32.0,32,666.037129
11.0,11,666.089019
86.0,86,666.539876
11.0,11,666.58992
19.0,19,666.654475
89.0,89,667.032775
88.0,88,667.420609
32.0,32,667.539348
13.0,13,667.585293
12.0,12,667.629234
89.0,89,667.970877
89.0,89,668.436089
92.0,92,668.749157
13.0,13,668.80403
13.0,13,668.845563
95.0,95,669.152973
92.0,92,669.550514
86.0,86,669.902122
83.0,83,670.230023
83.0,83,670.547941
77.0,77,670.811132
82.0,82,671.140619
83.0,83,671.439044
76.0,76,671.911625
91.0,91,672.351388
77.0,77,672.688308
89.0,89,673.154596
80.0,80,673.451675
78.0,78,673.765316
87.0,87,674.070692
18.0,18,674.129232
36.0,36,674.254542
89.0,89,674.660794
88.0,88,675.019856
77.0,77,675.312376
91.0,91,675.68674
14.0,14,675.753141
13.0,13,675.797961
93.0,93,676.182727
90.0,90,676.541109
93.0,93,676.914591
87.0,87,677.269431
87.0,87,677.595184
91.0,91,677.982635
20.0,20,678.05754
89.0,89,678.375429
90.0,90,678.710295
92.0,92,679.04881
94.0,94,679.561239
94.0,94,680.006179
95.0,95,680.425012
95.0,95,680.80982
92.0,92,681.125402
95.0,95,681.463821
96.0,96,681.96997
84.0,84,682.292062
97.0,97,682.700481
85.0,85,682.9838
78.0,78,683.350787
46.0,46,683.521784
60.0,60,683.762417
74.0,74,684.155909
20.0,20,684.219714
83.0,83,684.558283
54.0,54,684.750155
56.0,56,685.664304
43.0,43,685.855135
10.0,10,685.922512
10.0,10,685.960847
62.0,62,686.201063
39.0,39,686.327543
28.0,28,686.423759
33.0,33,686.618561
77.0,77,686.941848
59.0,59,687.15803
87.0,87,687.447291
29.0,29,687.548465
42.0,42,687.704208
89.0,89,688.000196
20.0,20,688.065904
32.0,32,688.168703
29.0,29,688.271504
29.0,29,688.432102
29.0,29,688.572331
31.0,31,688.673942
28.0,28,688.771801
13.0,13,688.828157
79.0,79,689.17195
28.0,28,689.33467
24.0,24,689.446732
73.0,73,689.822881
41.0,41,689.963802
52.0,52,690.128642
12.0,12,690.162012
64.0,64,690.366556
59.0,59,690.558393
71.0,71,690.788643
53.0,53,690.961587
71.0,71,691.186651
26.0,26,691.28192
41.0,41,691.421073
65.0,65,691.659652
20.0,20,691.725038
12.0,12,691.762402
34.0,34,691.873862
16.0,16,691.92976
33.0,33,692.027314
37.0,37,692.135273
42.0,42,692.266905
50.0,50,692.430118
26.0,26,692.513498
24.0,24,692.622136
52.0,52,692.872534
38.0,38,693.022037
33.0,33,693.144776
87.0,87,693.46224
54.0,54,693.712254
89.0,89,694.016778
88.0,88,694.39252
23.0,23,694.471028
87.0,87,694.758662
87.0,87,695.153942
89.0,89,695.478724
14.0,14,695.523074
57.0,57,695.703282
34.0,34,695.812025
19.0,19,695.869519
93.0,93,696.280298
94.0,94,696.705161
52.0,52,696.888403
90.0,90,697.318509
95.0,95,697.655502
91.0,91,698.024196
92.0,92,698.319778
90.0,90,698.674248
73.0,73,698.947346
12.0,12,698.993821
99.0,99,699.312111
102.0,102,699.690357
98.0,98,700.115647
98.0,98,700.571878
97.0,97,700.948603
97.0,97,701.343017
41.0,41,701.567791
92.0,92,701.950689
94.0,94,702.413337
93.0,93,702.795861
95.0,95,703.191007
93.0,93,703.562051
98.0,98,703.919226
98.0,98,704.313144
97.0,97,704.679189
96.0,96,705.028468
102.0,102,705.51595
105.0,105,705.951216
101.0,101,706.350212
101.0,101,706.76618
101.0,101,707.137477
101.0,101,707.495471
105.0,105,707.852486
101.0,101,708.266715
100.0,100,708.742729
96.0,96,709.191349
100.0,100,709.542283
84.0,84,709.880506
82.0,82,710.235995
94.0,94,710.570239
56.0,56,710.799293
96.0,96,711.153244
96.0,96,711.551306
96.0,96,711.929392
97.0,97,712.336303
96.0,96,712.679387
97.0,97,712.984798
88.0,88,713.246788
37.0,37,713.370679
30.0,30,713.474465
56.0,56,713.648541
36.0,36,713.763664
33.0,33,713.897337
42.0,42,714.046802
43.0,43,714.188807
46.0,46,714.351948
28.0,28,714.437949
91.0,91,714.804326
34.0,34,714.964746
37.0,37,715.101298
53.0,53,715.285993
17.0,17,715.344186
34.0,34,715.471529
52.0,52,715.71948
32.0,32,715.849133
32.0,32,716.026417
30.0,30,716.150331
52.0,52,716.380736
38.0,38,716.54817
26.0,26,716.663536
36.0,36,716.811155
36.0,36,717.004941
49.0,49,717.221202
79.0,79,717.487555
32.0,32,717.595978
87.0,87,717.996439
52.0,52,718.219574
90.0,90,718.63008
91.0,91,718.953407
89.0,89,719.236643
79.0,79,719.568289
42.0,42,719.709795
56.0,56,719.915426
41.0,41,720.133358
10.0,10,720.171058
51.0,51,720.350451
25.0,25,720.475385
57.0,57,720.777153
33.0,33,720.915291
89.0,89,721.322453
37.0,37,721.476292
13.0,13,721.519053
90.0,90,721.838686
94.0,94,722.134685
91.0,91,722.481949
86.0,86,722.861627
70.0,70,723.210849
91.0,91,723.597743
92.0,92,724.035786
69.0,69,724.304637
90.0,90,724.715242
90.0,90,725.946615
48.0,48,726.122606
34.0,34,726.242587
91.0,91,726.578246
91.0,91,726.944056
94.0,94,727.261482
73.0,73,727.642528
66.0,66,727.916181
92.0,92,728.262766
104.0,104,728.708221
129.0,129,729.191341
97.0,97,729.607607
94.0,94,729.985645
94.0,94,730.324809
95.0,95,730.709182
86.0,86,731.048415
88.0,88,731.493633
90.0,90,731.845025
95.0,95,732.217709
75.0,75,732.522117
40.0,40,732.682298
157.0,157,733.335588
97.0,97,733.712346
65.0,65,733.971436
147.0,147,734.620405
118.0,118,735.108266
109.0,109,735.579154
168.0,168,736.275815
213.0,213,737.140749
79.0,79,737.485568
193.0,193,738.290987
82.0,82,738.728784
69.0,69,738.98773
183.0,183,739.672203
140.0,140,740.387336
125.0,125,740.881161
73.0,73,741.169423
113.0,113,741.595135
12.0,12,741.637935
76.0,76,741.921989
180.0,180,742.570404
147.0,147,743.089701
70.0,70,743.401228
145.0,145,743.93727
181.0,181,744.69046
146.0,146,745.221602
173.0,173,745.917406
90.0,90,746.311144
92.0,92,746.699754
94.0,94,747.124783
87.0,87,747.488402
180.0,180,748.275375
125.0,125,748.80052
30.0,30,748.947179
149.0,149,749.527133
92.0,92,749.928573
92.0,92,750.307127
180.0,180,750.951193
9.0,9,750.995312
95.0,95,751.438195
84.0,84,751.712473
14.0,14,751.7527
33.0,33,751.883372
101.0,101,752.277856
92.0,92,752.673335
100.0,100,753.130838
122.0,122,753.614104
94.0,94,753.976429
91.0,91,754.344254
94.0,94,754.704194
99.0,99,755.128812
93.0,93,755.489313
101.0,101,755.920583
96.0,96,756.284472
92.0,92,756.619969
92.0,92,757.073754
94.0,94,757.499255
92.0,92,757.852121
60.0,60,758.101747
49.0,49,758.385098
98.0,98,758.82519
91.0,91,759.102898
78.0,78,759.479443
103.0,103,759.952634
92.0,92,760.375182
104.0,104,760.747389
98.0,98,761.187537
116.0,116,761.690315
100.0,100,762.035393
141.0,141,762.529601
174.0,174,763.095868
107.0,107,763.553697
107.0,107,764.071479
98.0,98,764.446424
157.0,157,765.10592
118.0,118,765.56837
110.0,110,766.063562
102.0,102,766.50614
129.0,129,768.10661
128.0,128,768.770198
112.0,112,769.294153
159.0,159,769.951757
118.0,118,770.421472
164.0,164,771.135966
166.0,166,771.78116
162.0,162,772.392054
118.0,118,772.852574
170.0,170,773.747824
123.0,123,774.249225
171.0,171,774.973784
141.0,141,775.533963
160.0,160,776.15869
13.0,13,776.19614
164.0,164,776.873081
12.0,12,776.916607
158.0,158,777.5751
150.0,150,778.163758
116.0,116,778.642517
156.0,156,779.257019
98.0,98,779.712429
144.0,144,780.209227
11.0,11,780.249415
91.0,91,780.603199
93.0,93,780.956345
87.0,87,781.304147
93.0,93,781.732494
89.0,89,782.195354
13.0,13,782.233033
91.0,91,782.634567
58.0,58,782.86051
58.0,58,783.06784
54.0,54,783.255965
12.0,12,783.302237
54.0,54,783.515784
60.0,60,783.762216
50.0,50,783.989518
93.0,93,784.436379
64.0,64,784.699707
90.0,90,785.084564
53.0,53,785.333076
91.0,91,785.737631
52.0,52,785.925382
42.0,42,786.063699
89.0,89,786.386451
46.0,46,786.540987
51.0,51,786.707481
38.0,38,786.82093
24.0,24,786.92117
39.0,39,787.053055
11.0,11,787.118403
46.0,46,787.286538
27.0,27,787.41254
35.0,35,787.597244
26.0,26,787.724252
25.0,25,787.809457
26.0,26,787.928374
24.0,24,788.012904
49.0,49,788.195409
32.0,32,788.324058
41.0,41,788.486745
36.0,36,788.635828
12.0,12,788.689605
29.0,29,788.794095
49.0,49,788.957194
57.0,57,789.158429
47.0,47,789.366187
92.0,92,789.745629
52.0,52,789.993556
94.0,94,790.336255
97.0,97,790.668249
74.0,74,790.971472
91.0,91,791.378927
91.0,91,791.73713
95.0,95,792.166452
90.0,90,792.504831
93.0,93,792.934186
94.0,94,793.263954
92.0,92,793.598664
91.0,91,793.928107
92.0,92,794.285239
91.0,91,794.607095
10.0,10,794.642208
93.0,93,794.964168
90.0,90,795.315347
51.0,51,795.488299
91.0,91,795.888463
89.0,89,796.239222
103.0,103,796.731654
116.0,116,797.21173
142.0,142,797.890608
98.0,98,798.249154
104.0,104,798.816548
96.0,96,799.24523
95.0,95,799.590613
91.0,91,799.934819
94.0,94,800.2891
104.0,104,800.625392
94.0,94,800.99927
147.0,147,801.573708
104.0,104,801.986302
104.0,104,802.407292
105.0,105,802.857045
14.0,14,802.913821
146.0,146,803.446756
129.0,129,803.929423
154.0,154,804.602646
142.0,142,805.130366
98.0,98,805.590978
134.0,134,806.19967
95.0,95,806.527998
137.0,137,807.175105
90.0,90,807.506005
148.0,148,808.095906
70.0,70,808.337212
88.0,88,809.465963
129.0,129,809.992954
127.0,127,810.588744
151.0,151,811.31145
104.0,104,811.734542
95.0,95,812.174879
156.0,156,812.765387
56.0,56,812.95068
91.0,91,813.283369
159.0,159,813.814945
118.0,118,814.275362
15.0,15,814.321682
115.0,115,814.722597
154.0,154,815.241311
110.0,110,815.653927
156.0,156,816.35993
147.0,147,816.979497
151.0,151,817.653464
152.0,152,818.252877
138.0,138,818.785491
144.0,144,819.281096
141.0,141,819.778479
100.0,100,820.164224
100.0,100,820.496678
109.0,109,820.866052
105.0,105,821.246547
138.0,138,821.700351
143.0,143,822.244492
166.0,166,822.871885
174.0,174,823.547159
26.0,26,823.628125
148.0,148,824.133262
149.0,149,824.65084
148.0,148,825.157604
159.0,159,825.814399
157.0,157,826.408057
156.0,156,826.971287
168.0,168,827.684187
166.0,166,828.36677
134.0,134,828.914527
174.0,174,829.631338
159.0,159,830.349981
158.0,158,831.002043
164.0,164,831.608506
158.0,158,832.276431
158.0,158,832.922912
153.0,153,833.582848
174.0,174,834.401577
21.0,21,834.52253
158.0,158,835.205957
155.0,155,835.949088
154.0,154,836.63873
150.0,150,837.176603
157.0,157,837.803825
160.0,160,838.464518
148.0,148,839.040965
148.0,148,839.550241
154.0,154,840.207155
181.0,181,840.90101
184.0,184,841.59242
223.0,223,842.530637
222.0,222,843.400434
230.0,230,844.170128
175.0,175,844.762295
230.0,230,845.7083
157.0,157,846.371768
220.0,220,847.233364
179.0,179,847.880511
158.0,158,848.474304
154.0,154,850.281377
215.0,215,851.238261
204.0,204,852.182738
153.0,153,852.897467
167.0,167,853.608568
183.0,183,854.335263
132.0,132,854.854968
159.0,159,855.554846
130.0,130,856.10309
129.0,129,856.634894
211.0,211,857.559023
131.0,131,858.140002
207.0,207,859.058251
208.0,208,859.909054
133.0,133,860.481369
136.0,136,861.073662
151.0,151,861.644064
176.0,176,862.286323
130.0,130,862.78534
186.0,186,863.58923
170.0,170,864.373572
85.0,85,864.694168
201.0,201,865.596698
200.0,200,866.375881
189.0,189,867.272933
312.0,312,868.543245
163.0,163,869.340296
123.0,123,869.850461
242.0,242,870.69793
94.0,94,871.044534
212.0,212,872.066363
192.0,192,872.800107
170.0,170,873.620093
225.0,225,874.50594
188.0,188,875.213938
347.0,347,876.484492
286.0,286,877.779736
225.0,225,878.784715
335.0,335,880.275234
167.0,167,881.099503
253.0,253,882.35089
187.0,187,883.077275
173.0,173,883.987242
253.0,253,884.907457
94.0,94,885.259392
186.0,186,885.923997
188.0,188,886.672126
178.0,178,887.350163
298.0,298,888.696895
281.0,281,890.035677
224.0,224,890.932544
230.0,230,891.876541
292.0,292,894.495088
184.0,184,895.250952
238.0,238,896.169273
238.0,238,897.243505
289.0,289,898.492888
132.0,132,899.041677
119.0,119,899.552102
202.0,202,900.415283
136.0,136,900.977471
120.0,120,901.45271
124.0,124,901.896812
122.0,122,902.347576
24.0,24,902.428213
97.0,97,902.780651
103.0,103,903.15539
115.0,115,903.550166
116.0,116,903.970799
291.0,291,905.080195
289.0,289,906.230216
169.0,169,906.917935
114.0,114,907.363272
125.0,125,907.842904
20.0,20,907.922658
100.0,100,908.316934
18.0,18,908.390961
120.0,120,908.854095
147.0,147,909.383941
15.0,15,909.440271
16.0,16,909.501555
355.0,355,910.905568
14.0,14,910.963372
391.0,391,912.53233
10.0,10,912.573885
18.0,18,912.642096
170.0,170,913.315594
18.0,18,913.384474
13.0,13,913.449704
15.0,15,913.503736
13.0,13,913.561477
17.0,17,913.62735
13.0,13,913.68938
16.0,16,913.758797
14.0,14,913.822394
500.0,500,915.870523
13.0,13,915.927576
173.0,173,916.586689
24.0,24,916.685031
131.0,131,917.214632
14.0,14,917.271809
18.0,18,917.348642
16.0,16,917.407744
151.0,151,917.994215
113.0,113,918.43276
109.0,109,918.884543
13.0,13,918.939014
16.0,16,919.004967
145.0,145,919.628979
15.0,15,919.680094
18.0,18,919.760393
15.0,15,919.824427
16.0,16,919.895718
14.0,14,919.95092
188.0,188,920.703038
184.0,184,921.433594
250.0,250,922.465603
174.0,174,923.164151
233.0,233,924.09651
124.0,124,924.581439
137.0,137,925.122692
149.0,149,925.70215
246.0,246,926.676043
303.0,303,927.880315
20.0,20,927.96154
197.0,197,928.766399
184.0,184,929.518026
229.0,229,930.444807
330.0,330,931.750085
237.0,237,932.672233
150.0,150,933.275814
192.0,192,935.605747
174.0,174,936.29911
150.0,150,936.913491
144.0,144,937.484446
153.0,153,938.102013
139.0,139,938.659497
141.0,141,939.226776
142.0,142,939.795071
142.0,142,940.342447
120.0,120,940.834302
157.0,157,941.447241
160.0,160,942.077885
194.0,194,942.835374
166.0,166,943.485372
134.0,134,943.996924
119.0,119,944.456587
121.0,121,944.915941
124.0,124,945.405349
118.0,118,945.871236
124.0,124,946.342839
125.0,125,946.831794
138.0,138,947.37258
138.0,138,947.91353
123.0,123,948.386768
147.0,147,948.96215
190.0,190,949.745465
266.0,266,950.798813
116.0,116,951.270868
122.0,122,951.757756
138.0,138,952.306157
129.0,129,952.820398
84.0,84,953.186486
138.0,138,953.735913
123.0,123,954.219319
20.0,20,954.2983
115.0,115,954.758902
117.0,117,955.250915
125.0,125,955.773877
147.0,147,956.374594
143.0,143,956.989532
130.0,130,957.530187
135.0,135,958.107495
122.0,122,958.604372
134.0,134,959.16377
125.0,125,959.678592
126.0,126,960.221904
119.0,119,960.703109
130.0,130,961.224767
129.0,129,961.736464
121.0,121,962.214816
125.0,125,962.719805
111.0,111,963.170821
124.0,124,963.688135
131.0,131,964.219546
18.0,18,964.290054
17.0,17,964.361883
16.0,16,964.425859
135.0,135,964.985107
116.0,116,965.452026
109.0,109,965.887573
16.0,16,965.950647
104.0,104,966.379142
16.0,16,966.441658
16.0,16,966.504499
15.0,15,966.557592
109.0,109,967.001304
108.0,108,967.437982
17.0,17,967.499381
98.0,98,967.890962
17.0,17,967.967638
101.0,101,968.364558
108.0,108,968.800159
109.0,109,969.253241
111.0,111,969.699082
16.0,16,969.76779
117.0,117,970.248461
112.0,112,970.70754
117.0,117,971.153668
123.0,123,971.668589
118.0,118,972.164516
136.0,136,972.758563
118.0,118,973.245477
141.0,141,973.80941
130.0,130,974.364251
121.0,121,974.858044
126.0,126,975.376835
500.0,500,978.729522
343.0,343,980.150035
500.0,500,982.184412
145.0,145,982.754899
23.0,23,982.844134
20.0,20,982.92012
267.0,267,983.961479
304.0,304,985.150208
302.0,302,986.314648
211.0,211,987.172157
193.0,193,987.95317
263.0,263,989.009367
305.0,305,990.231972
316.0,316,991.492381
359.0,359,992.923244
22.0,22,993.001337
269.0,269,994.060912
329.0,329,995.363046
16.0,16,995.429145
20.0,20,995.512636
16.0,16,995.574631
500.0,500,997.571462
500.0,500,999.59952
18.0,18,999.680238
21.0,21,999.761125
13.0,13,999.808673
153.0,153,1000.420052
23.0,23,1000.510726
193.0,193,1001.285093
18.0,18,1001.354113
500.0,500,1003.374686
14.0,14,1003.443826
24.0,24,1003.543816
500.0,500,1005.592223
271.0,271,1006.668183
424.0,424,1008.407171
438.0,438,1010.144825
187.0,187,1010.86268
500.0,500,1012.810949
295.0,295,1013.96557
500.0,500,1015.899406
99.0,99,1016.320015
