#{"t_start": 1758207064.6944501, "env_id": "None"}
r,l,t
32.0,32,2.248837
32.0,32,2.280732
32.0,32,2.31234
14.0,14,2.326243
44.0,44,2.372395
25.0,25,2.397065
19.0,19,2.415848
52.0,52,2.471148
23.0,23,2.493863
17.0,17,2.510654
12.0,12,2.522548
28.0,28,2.554548
12.0,12,2.566439
29.0,29,2.594982
20.0,20,2.614722
50.0,50,2.667904
26.0,26,2.693586
60.0,60,2.756638
12.0,12,2.768555
24.0,24,2.793518
29.0,29,2.822082
14.0,14,2.835886
22.0,22,2.861566
15.0,15,2.876326
20.0,20,2.895981
31.0,31,2.926526
16.0,16,2.942268
33.0,33,2.978743
19.0,19,2.997649
14.0,14,3.011568
32.0,32,3.043332
16.0,16,3.063109
29.0,29,3.091625
25.0,25,3.116208
20.0,20,3.135999
9.0,9,3.144926
22.0,22,3.169264
16.0,16,3.185102
19.0,19,3.203841
31.0,31,3.234374
24.0,24,3.258022
16.0,16,3.276225
28.0,28,3.308501
16.0,16,3.324473
16.0,16,3.340185
16.0,16,3.355886
18.0,18,3.376923
18.0,18,3.394612
22.0,22,3.416144
10.0,10,3.426037
95.0,95,3.520988
15.0,15,3.535712
16.0,16,3.551385
21.0,21,3.574122
14.0,14,3.58784
16.0,16,3.603523
17.0,17,3.620875
9.0,9,3.630117
16.0,16,3.64642
25.0,25,3.675738
15.0,15,3.691246
14.0,14,3.705522
79.0,79,3.789835
21.0,21,3.8114
15.0,15,3.826772
20.0,20,3.847491
19.0,19,3.867126
14.0,14,3.886053
15.0,15,3.900774
29.0,29,3.929176
9.0,9,3.938143
20.0,20,3.958024
29.0,29,3.993971
16.0,16,4.009792
28.0,28,4.037225
50.0,50,4.086167
19.0,19,4.109066
26.0,26,4.13501
16.0,16,4.151415
22.0,22,4.17305
24.0,24,4.199433
10.0,10,4.209294
27.0,27,4.235748
33.0,33,4.268074
10.0,10,4.277931
16.0,16,4.293614
12.0,12,4.308006
13.0,13,4.320783
66.0,66,6.424454
33.0,33,6.45717
32.0,32,6.492555
51.0,51,6.542598
49.0,49,6.595219
17.0,17,6.611906
23.0,23,6.634554
38.0,38,6.671835
25.0,25,6.700362
16.0,16,6.716133
82.0,82,6.800453
29.0,29,6.828939
23.0,23,6.851569
34.0,34,6.884909
51.0,51,6.938863
38.0,38,6.982815
16.0,16,7.00308
26.0,26,7.028601
38.0,38,7.065921
28.0,28,7.093458
16.0,16,7.113172
22.0,22,7.134839
21.0,21,7.155824
25.0,25,7.180402
21.0,21,7.201276
37.0,37,7.242685
39.0,39,7.282504
27.0,27,7.31303
30.0,30,7.342549
27.0,27,7.36906
15.0,15,7.383849
20.0,20,7.403562
28.0,28,7.434889
29.0,29,7.463395
58.0,58,7.524197
19.0,19,7.542913
27.0,27,7.569422
60.0,60,7.632348
24.0,24,7.656178
33.0,33,7.688655
30.0,30,7.718085
27.0,27,7.749361
57.0,57,7.808072
42.0,42,7.854873
19.0,19,7.873609
25.0,25,7.898198
46.0,46,7.947742
39.0,39,7.986038
41.0,41,8.026234
28.0,28,8.057728
30.0,30,8.087279
12.0,12,8.099099
12.0,12,8.110914
65.0,65,8.177647
19.0,19,8.196448
31.0,31,8.227842
17.0,17,8.247761
16.0,16,8.263836
45.0,45,8.308035
11.0,11,8.318867
27.0,27,8.345371
10.0,10,8.359127
29.0,29,8.387586
19.0,19,8.406618
18.0,18,8.424284
33.0,33,8.460475
85.0,85,10.261631
46.0,46,10.306975
79.0,79,10.388877
36.0,36,10.424217
23.0,23,10.45072
18.0,18,10.468439
13.0,13,10.481355
30.0,30,10.510839
14.0,14,10.526439
13.0,13,10.543878
39.0,39,10.582175
32.0,32,10.613606
35.0,35,10.652019
14.0,14,10.6658
20.0,20,10.685476
18.0,18,10.703295
15.0,15,10.718104
84.0,84,10.804452
73.0,73,10.879817
29.0,29,10.908578
29.0,29,10.937062
37.0,37,10.977389
109.0,109,11.088887
51.0,51,11.95696
31.0,31,11.987352
33.0,33,12.023481
17.0,17,12.040019
22.0,22,12.061481
73.0,73,12.136411
19.0,19,12.154872
38.0,38,12.191757
27.0,27,12.222433
48.0,48,12.269011
61.0,61,12.332138
15.0,15,12.346729
32.0,32,12.377761
34.0,34,12.414718
85.0,85,12.497285
49.0,49,12.549722
47.0,47,12.59529
14.0,14,12.608901
64.0,64,12.674963
61.0,61,12.738589
57.0,57,12.793966
18.0,18,12.811483
18.0,18,12.833408
93.0,93,12.927423
15.0,15,12.942095
79.0,79,13.019111
34.0,34,13.056594
27.0,27,13.082921
106.0,106,14.86423
95.0,95,14.96049
95.0,95,15.056523
50.0,50,15.105106
16.0,16,15.124722
25.0,25,15.149075
131.0,131,15.279982
65.0,65,15.347238
39.0,39,15.386695
76.0,76,15.465874
49.0,49,15.513493
13.0,13,15.53015
95.0,95,15.622278
59.0,59,15.683752
25.0,25,15.708157
103.0,103,15.812053
107.0,107,15.919694
14.0,14,15.933328
49.0,49,15.984908
93.0,93,16.079269
71.0,71,16.152339
118.0,118,16.273465
50.0,50,16.322051
30.0,30,16.351208
229.0,229,16.585104
94.0,94,16.680127
96.0,96,16.777687
43.0,43,16.819464
97.0,97,18.58941
80.0,80,18.671611
131.0,131,18.80276
425.0,425,19.231737
123.0,123,19.354969
133.0,133,19.492
127.0,127,19.619308
123.0,123,19.742795
45.0,45,19.791027
98.0,98,19.886064
115.0,115,20.005186
189.0,189,20.192381
295.0,295,21.63467
98.0,98,23.406698
272.0,272,23.685538
215.0,215,23.90184
134.0,134,24.037222
410.0,410,24.450421
151.0,151,24.605575
328.0,328,24.935652
129.0,129,25.064686
210.0,210,25.276368
187.0,187,26.93913
290.0,290,27.239441
208.0,208,27.449556
109.0,109,27.559452
162.0,162,27.725105
109.0,109,27.834899
168.0,168,28.005724
240.0,240,28.248884
444.0,444,28.69577
500.0,500,30.300234
296.0,296,30.596209
363.0,363,32.460542
220.0,220,32.686914
221.0,221,32.910032
235.0,235,33.146276
233.0,233,33.378107
97.0,97,33.476243
240.0,240,34.824052
445.0,445,35.273665
500.0,500,35.779574
476.0,476,36.265496
500.0,500,36.77089
358.0,358,38.236574
148.0,148,38.383673
247.0,247,38.636587
216.0,216,38.854451
309.0,309,39.1658
130.0,130,39.295743
264.0,264,40.831887
119.0,119,40.9549
359.0,359,42.42928
251.0,251,42.686394
500.0,500,43.187039
376.0,376,43.567178
249.0,249,43.816333
188.0,188,44.006317
500.0,500,45.613885
500.0,500,46.121422
279.0,279,46.400646
162.0,162,46.566359
418.0,418,46.987921
291.0,291,47.281676
500.0,500,48.884959
500.0,500,50.867252
390.0,390,51.27116
355.0,355,51.631619
500.0,500,52.134279
154.0,154,52.291724
215.0,215,53.612042
500.0,500,54.117878
500.0,500,54.619146
500.0,500,55.125371
500.0,500,57.082481
500.0,500,57.588466
500.0,500,58.094346
500.0,500,60.091737
500.0,500,62.275892
500.0,500,62.78148
500.0,500,63.285329
500.0,500,63.791816
500.0,500,65.965956
500.0,500,66.467607
500.0,500,66.972435
500.0,500,67.477904
500.0,500,69.6499
500.0,500,71.643613
500.0,500,72.151326
500.0,500,72.658332
500.0,500,73.163633
500.0,500,75.31897
500.0,500,75.820252
500.0,500,76.326934
500.0,500,76.835714
500.0,500,78.984641
500.0,500,79.487545
500.0,500,81.483605
500.0,500,81.989237
500.0,500,83.578956
500.0,500,84.083967
500.0,500,84.589435
500.0,500,85.094978
500.0,500,86.912239
500.0,500,87.41803
500.0,500,87.923734
500.0,500,88.431472
500.0,500,92.087957
500.0,500,92.592396
500.0,500,93.094199
500.0,500,93.598229
500.0,500,95.7806
500.0,500,96.290029
500.0,500,96.794863
500.0,500,97.301471
500.0,500,99.485038
500.0,500,99.99164
500.0,500,101.986731
500.0,500,102.493181
500.0,500,104.660076
500.0,500,105.167843
500.0,500,105.669353
500.0,500,106.176098
500.0,500,108.116407
500.0,500,108.622632
500.0,500,109.128489
500.0,500,109.632466
500.0,500,112.708385
500.0,500,113.212828
500.0,500,113.717816
500.0,500,114.222374
500.0,500,114.724586
500.0,500,116.325429
500.0,500,116.8312
500.0,500,117.337453
500.0,500,117.844208
500.0,500,119.443813
500.0,500,121.441351
500.0,500,121.946784
500.0,500,122.451889
500.0,500,124.042774
500.0,500,124.548096
500.0,500,125.053518
500.0,500,125.55935
500.0,500,127.602753
500.0,500,128.107666
500.0,500,128.61234
500.0,500,130.598363
500.0,500,132.77094
500.0,500,133.274626
500.0,500,133.781935
500.0,500,134.287432
500.0,500,136.45819
500.0,500,136.957902
500.0,500,137.46244
500.0,500,137.966625
500.0,500,140.118623
500.0,500,142.130895
500.0,500,142.635696
500.0,500,143.12997
500.0,500,145.278981
500.0,500,145.780021
500.0,500,146.285485
500.0,500,146.790004
500.0,500,149.242066
500.0,500,149.746841
500.0,500,150.249464
500.0,500,152.2386
500.0,500,153.836235
500.0,500,154.341048
500.0,500,154.846328
500.0,500,155.350603
500.0,500,155.851856
500.0,500,157.433479
500.0,500,157.937057
500.0,500,158.43765
500.0,500,158.942839
500.0,500,162.024283
500.0,500,162.529581
500.0,500,163.03493
500.0,500,163.536627
500.0,500,165.123662
500.0,500,165.624888
500.0,500,166.127416
500.0,500,166.633693
500.0,500,168.229623
500.0,500,168.73317
500.0,500,170.72518
500.0,500,171.226346
500.0,500,172.822665
500.0,500,173.328472
500.0,500,173.830127
500.0,500,174.334861
500.0,500,175.929981
500.0,500,176.432561
500.0,500,176.937553
500.0,500,177.441948
500.0,500,180.528692
500.0,500,181.033476
500.0,500,181.538669
500.0,500,182.03963
500.0,500,183.638422
500.0,500,184.144187
500.0,500,184.644811
500.0,500,185.149364
500.0,500,186.853999
500.0,500,187.354167
500.0,500,189.348834
500.0,500,189.850796
500.0,500,191.464816
500.0,500,191.970416
500.0,500,192.475848
500.0,500,192.981078
500.0,500,195.039128
500.0,500,195.533531
500.0,500,196.026952
500.0,500,196.523821
500.0,500,198.477358
500.0,500,200.62132
500.0,500,201.115947
500.0,500,201.61435
500.0,500,202.119803
500.0,500,204.287422
500.0,500,204.792903
500.0,500,205.297864
500.0,500,205.798656
500.0,500,207.737903
500.0,500,209.723168
500.0,500,210.228618
500.0,500,210.733829
500.0,500,212.32918
500.0,500,212.835263
500.0,500,213.340219
500.0,500,213.846211
500.0,500,215.437757
500.0,500,215.945701
500.0,500,216.452384
500.0,500,218.442219
500.0,500,220.033435
500.0,500,220.539056
500.0,500,221.044406
500.0,500,221.550055
500.0,500,223.374772
500.0,500,223.877358
500.0,500,224.383345
500.0,500,224.889893
500.0,500,226.954448
500.0,500,228.94596
500.0,500,229.451969
500.0,500,229.958597
500.0,500,231.567399
500.0,500,232.073121
500.0,500,232.579374
500.0,500,233.0873
500.0,500,234.700018
500.0,500,235.209561
500.0,500,235.71466
500.0,500,237.708648
500.0,500,238.214849
500.0,500,239.832063
500.0,500,240.336541
500.0,500,240.837217
500.0,500,241.343076
500.0,500,242.979517
500.0,500,243.485236
500.0,500,243.990358
500.0,500,244.497625
500.0,500,248.141385
500.0,500,248.642797
500.0,500,249.147772
500.0,500,249.652726
500.0,500,251.251495
500.0,500,251.753306
500.0,500,252.258662
500.0,500,252.764695
500.0,500,254.357666
500.0,500,254.862066
500.0,500,256.852788
500.0,500,257.357048
500.0,500,258.952654
500.0,500,259.453769
500.0,500,259.960029
500.0,500,260.465837
500.0,500,262.064995
500.0,500,262.567584
500.0,500,263.074109
500.0,500,263.580245
500.0,500,266.663242
500.0,500,267.168876
500.0,500,267.670171
500.0,500,268.175332
500.0,500,270.377302
500.0,500,270.879848
500.0,500,271.386135
500.0,500,271.891981
500.0,500,274.084541
500.0,500,274.589375
500.0,500,276.584553
500.0,500,277.090729
500.0,500,279.277274
500.0,500,279.787606
500.0,500,280.293603
500.0,500,280.798663
500.0,500,281.303444
500.0,500,283.469508
500.0,500,283.97574
500.0,500,284.482139
500.0,500,286.469853
500.0,500,288.643976
500.0,500,289.147517
500.0,500,289.653055
500.0,500,290.159346
500.0,500,292.340275
500.0,500,292.846322
500.0,500,293.347246
500.0,500,293.852902
500.0,500,296.029015
500.0,500,298.033233
500.0,500,298.536225
500.0,500,299.042992
500.0,500,301.215584
500.0,500,301.721259
500.0,500,302.227621
500.0,500,302.732924
500.0,500,304.918805
500.0,500,305.419639
500.0,500,305.924936
500.0,500,307.918718
500.0,500,310.095141
500.0,500,310.601753
500.0,500,311.107755
500.0,500,311.614075
500.0,500,313.790182
500.0,500,314.296342
500.0,500,314.803631
500.0,500,315.309724
500.0,500,317.488375
500.0,500,319.478684
500.0,500,319.984983
500.0,500,320.486764
500.0,500,322.664867
500.0,500,323.172175
500.0,500,323.676322
500.0,500,324.182046
500.0,500,324.686701
500.0,500,326.863762
500.0,500,327.368769
500.0,500,329.358454
500.0,500,329.863863
500.0,500,332.044029
500.0,500,332.545481
500.0,500,333.051061
500.0,500,333.555958
500.0,500,335.732006
500.0,500,336.236611
500.0,500,336.741897
500.0,500,337.246969
500.0,500,340.909664
500.0,500,341.413806
500.0,500,341.921352
500.0,500,342.425892
500.0,500,344.598567
500.0,500,345.103613
500.0,500,345.608682
500.0,500,346.113352
500.0,500,348.282422
500.0,500,348.786361
500.0,500,350.774994
500.0,500,351.280028
500.0,500,353.451262
500.0,500,353.955565
500.0,500,354.456185
500.0,500,354.960516
500.0,500,357.132708
500.0,500,357.639299
500.0,500,358.143816
500.0,500,358.650426
500.0,500,362.316669
500.0,500,362.821764
500.0,500,363.325176
500.0,500,363.82952
500.0,500,366.001344
500.0,500,366.507977
500.0,500,367.012841
500.0,500,367.517153
500.0,500,369.680807
500.0,500,370.193492
500.0,500,372.181244
500.0,500,372.685989
500.0,500,373.190391
500.0,500,375.365473
500.0,500,375.865848
500.0,500,376.370378
500.0,500,376.874672
500.0,500,379.052465
500.0,500,379.557614
500.0,500,380.061759
500.0,500,382.049522
500.0,500,384.224986
500.0,500,384.730628
500.0,500,385.235542
500.0,500,385.735968
500.0,500,387.911229
500.0,500,388.415383
500.0,500,388.919926
500.0,500,389.424492
500.0,500,391.595224
500.0,500,393.580257
500.0,500,394.087597
500.0,500,394.59395
500.0,500,396.768579
500.0,500,397.271617
500.0,500,397.776857
500.0,500,398.283096
500.0,500,400.461153
500.0,500,400.966838
500.0,500,401.471465
500.0,500,403.471511
500.0,500,405.649796
500.0,500,406.155202
500.0,500,406.661001
500.0,500,407.162262
500.0,500,409.342936
500.0,500,409.848486
500.0,500,410.353503
500.0,500,410.858439
500.0,500,413.034303
500.0,500,415.017794
500.0,500,415.522841
500.0,500,416.028581
500.0,500,416.534056
500.0,500,418.709837
500.0,500,419.210487
500.0,500,419.715079
500.0,500,420.220396
500.0,500,422.393891
500.0,500,422.900245
500.0,500,424.892033
500.0,500,425.398244
500.0,500,427.573996
500.0,500,428.078717
500.0,500,428.583635
500.0,500,429.084066
500.0,500,431.269025
500.0,500,431.773426
500.0,500,432.278254
500.0,500,432.781893
500.0,500,436.446912
500.0,500,436.952591
500.0,500,437.458294
500.0,500,437.966311
500.0,500,440.150058
500.0,500,440.654969
500.0,500,441.155885
500.0,500,441.667211
500.0,500,443.848917
500.0,500,444.35541
500.0,500,446.350559
500.0,500,446.855458
500.0,500,449.032281
500.0,500,449.537294
500.0,500,450.043574
500.0,500,450.553773
500.0,500,452.726542
500.0,500,453.232638
500.0,500,453.733882
500.0,500,454.238108
500.0,500,457.890274
500.0,500,458.393464
500.0,500,458.899186
500.0,500,459.405488
500.0,500,459.910709
500.0,500,462.086877
500.0,500,462.591424
500.0,500,463.093561
500.0,500,463.599617
500.0,500,465.77755
500.0,500,467.771143
500.0,500,468.277014
500.0,500,468.783444
500.0,500,470.958196
500.0,500,471.465019
500.0,500,471.970763
500.0,500,472.475563
500.0,500,474.643753
500.0,500,475.147492
500.0,500,475.652639
500.0,500,477.635323
500.0,500,479.815704
500.0,500,480.32152
500.0,500,480.827042
500.0,500,481.332986
500.0,500,483.514727
500.0,500,484.020627
500.0,500,484.526655
500.0,500,485.028182
500.0,500,487.197508
500.0,500,489.198895
500.0,500,489.699837
500.0,500,490.205242
500.0,500,492.264013
500.0,500,492.768149
500.0,500,493.273394
500.0,500,493.77813
500.0,500,495.380578
500.0,500,495.886915
500.0,500,496.392544
500.0,500,498.375858
500.0,500,499.973424
500.0,500,500.478957
500.0,500,500.983528
500.0,500,501.488372
500.0,500,503.190963
500.0,500,503.699407
500.0,500,504.205168
500.0,500,504.71061
500.0,500,505.215833
500.0,500,508.818431
500.0,500,509.324091
500.0,500,509.828772
500.0,500,510.333375
500.0,500,511.935964
500.0,500,512.440159
500.0,500,512.944884
500.0,500,513.446077
500.0,500,515.049123
500.0,500,515.554878
500.0,500,517.542302
500.0,500,518.047872
500.0,500,519.761218
500.0,500,520.266636
500.0,500,520.768453
500.0,500,521.274251
500.0,500,523.454729
500.0,500,523.961282
500.0,500,524.467178
500.0,500,524.972026
500.0,500,528.635275
500.0,500,529.141013
500.0,500,529.645669
500.0,500,530.146354
500.0,500,532.256715
500.0,500,532.760669
500.0,500,533.263994
500.0,500,533.763073
500.0,500,535.369506
500.0,500,535.878063
500.0,500,537.88593
500.0,500,538.631075
500.0,500,541.277291
500.0,500,542.168353
500.0,500,542.86962
500.0,500,543.759771
500.0,500,546.38747
500.0,500,547.329997
500.0,500,548.26254
500.0,500,549.139661
500.0,500,552.602363
500.0,500,555.559724
500.0,500,556.447855
500.0,500,557.356438
500.0,500,558.273413
500.0,500,561.309507
500.0,500,562.212617
500.0,500,563.118808
500.0,500,564.057978
500.0,500,567.090233
500.0,500,570.533748
500.0,500,571.440011
500.0,500,572.376967
500.0,500,575.173876
500.0,500,576.061228
500.0,500,576.973254
500.0,500,577.889127
500.0,500,581.115718
500.0,500,581.992213
500.0,500,582.88746
500.0,500,586.388051
500.0,500,589.527706
500.0,500,590.414142
500.0,500,591.312878
500.0,500,592.213632
500.0,500,595.301267
500.0,500,596.170054
500.0,500,597.058713
500.0,500,597.949756
500.0,500,600.933
500.0,500,604.367009
500.0,500,605.261109
500.0,500,606.163024
500.0,500,609.164036
500.0,500,610.05767
500.0,500,610.953169
500.0,500,611.870409
500.0,500,615.011816
500.0,500,615.930027
500.0,500,616.83089
500.0,500,620.317888
500.0,500,623.216906
500.0,500,624.135958
500.0,500,625.045423
500.0,500,625.97336
500.0,500,626.899539
500.0,500,629.562155
500.0,500,630.447883
500.0,500,631.334781
500.0,500,632.242936
500.0,500,637.427783
500.0,500,638.31986
500.0,500,639.220345
500.0,500,640.117699
500.0,500,642.785637
500.0,500,643.694312
500.0,500,644.552593
500.0,500,645.430822
500.0,500,648.385556
500.0,500,649.297085
500.0,500,652.686957
500.0,500,653.496468
