#{"t_start": 1756059204.8506725, "env_id": "None"}
r,l,t
-259.74957,74,12.604928
-1070.1465,142,29.917564
-585.7721,109,41.987161
-553.1946,95,52.524853
-478.34708,118,66.463355
-674.61835,115,79.430058
-654.48785,116,93.460521
-681.488,144,108.119222
-410.8898,119,123.030499
-678.7635,154,141.407087
-404.725,134,154.185961
-285.3686,142,170.190656
-337.3173,202,192.960227
-253.00679,165,211.090243
-283.15558,103,221.909047
-211.17097,148,236.552673
-254.14761,150,250.532424
-294.49817,155,267.743218
27.092766,105,279.17538
-200.91498,151,298.232953
-169.61218,133,310.460784
-46.158817,236,329.047103
-230.56334,154,335.05609
195.8621,538,336.137626
-82.72627,226,336.484665
-15.51284,91,336.624943
-291.25607,135,336.837057
-57.934776,251,337.292492
-37.459618,323,337.903094
-206.54219,261,338.338841
3.7630844,108,338.547104
-58.882553,235,338.94113
-262.9156,206,339.336731
-182.83643,203,339.683098
-170.86697,137,339.933612
-188.52213,202,340.298022
247.32939,306,340.848213
241.41396,547,341.819175
-80.759155,499,342.58461
-141.58723,184,342.899608
-254.07744,243,343.350786
-191.90971,302,343.909467
-85.583015,218,344.316366
-216.46536,144,344.576089
10.841064,230,344.917002
-201.00955,187,345.198769
-5.946846,125,345.403569
-46.937164,328,345.897727
-18.570976,166,346.176856
-4.375389,197,346.560191
10.586197,276,346.971851
-17.21695,130,347.15992
-12.742279,189,347.448072
50.342987,139,347.717575
-69.257805,88,347.880267
14.596901,169,348.164717
-33.4312,135,348.444786
28.528732,106,348.617006
-134.11061,140,348.824558
-70.060455,83,348.95286
53.105774,175,349.202655
-56.160496,102,349.389868
-8.160362,77,349.543987
-191.41711,117,349.746466
-2.5222092,148,350.045433
-180.3947,130,350.275301
-18.190063,165,350.570083
27.008072,142,350.794306
20.036133,92,350.978071
17.791931,196,351.308177
-209.26277,92,351.458027
-54.766094,84,351.596219
30.678741,137,351.819012
-52.255543,85,351.975008
-146.39085,79,352.11206
-117.52931,90,352.265732
-3.1862488,120,352.456154
-166.90704,73,352.563681
-131.5917,122,352.752353
-165.94955,87,352.94575
-124.019424,123,353.154563
68.53453,138,353.365891
-12.891182,90,353.531561
-33.8368,85,353.658303
9.854996,190,354.064029
14.975311,93,354.24201
41.221725,133,354.489504
-5.630638,93,354.648865
-182.2152,112,354.849634
10.896568,77,354.999343
-28.345871,94,355.178529
-213.79498,135,355.423627
-198.4979,119,355.650844
-21.35994,112,355.835585
-128.92795,133,356.063178
19.313393,151,356.284827
9.011215,188,356.55596
37.92157,129,356.769926
-50.917168,108,356.972687
20.666954,198,357.309436
-38.265137,101,357.496348
-89.629906,104,357.688069
-39.376,180,358.019399
69.366196,123,358.250594
-237.1113,91,358.423589
28.91156,85,358.556022
-57.12327,78,358.700818
70.16667,112,358.929243
-4.337204,98,359.083435
15.229286,174,359.343827
52.474,141,359.600803
29.852615,90,359.737944
-6.8659973,161,359.995321
243.33215,340,360.623046
297.9594,582,361.542475
59.39331,153,361.796874
18.058945,160,362.049868
30.649948,188,362.381958
252.78024,300,362.891406
32.479156,145,363.140945
38.99942,141,363.358768
68.91426,139,363.56827
-28.784416,102,363.740954
-22.961975,130,363.930655
-50.05258,101,364.331002
-71.78049,89,364.46565
-40.38365,75,364.581518
-45.29302,84,364.711578
6.7497787,74,364.834385
-1.0728226,78,364.947169
-16.572884,118,365.144703
-25.930756,117,365.351556
27.92405,176,365.647468
19.34105,115,365.820412
241.75853,231,366.211199
37.689163,156,366.452697
55.929092,159,366.758648
271.09058,217,367.086391
-7.931343,220,367.50322
13.960983,240,367.892329
-42.642063,116,368.074215
-45.004967,110,368.248512
39.690994,127,368.451241
38.077713,140,368.672101
218.0321,310,369.21159
-14.144798,166,369.488711
-20.250153,93,369.673092
4.3188095,154,369.929041
41.665024,142,370.14564
-7.428566,114,370.329997
17.52964,138,370.612853
53.923294,146,370.827989
-12.347939,102,370.986936
52.216156,198,371.288184
60.717255,133,371.496196
30.257034,164,371.816543
26.48841,157,372.087365
1.7586288,159,372.337326
0.6408539,156,372.58315
24.49054,155,372.825592
-5.87117,159,373.149008
11.812675,179,373.503425
-2.8010788,214,373.844334
-23.07125,223,374.240709
235.64445,326,374.798722
-146.9307,74,374.90679
-86.76924,1000,376.531377
3.6607895,316,377.043527
-137.39287,1000,378.719198
-27.213676,342,379.239692
67.30147,157,379.461107
-28.595062,306,379.955171
-14.202942,94,380.11183
18.16954,132,380.318445
29.198608,95,380.457587
10.9693985,186,380.748485
3.9054184,144,380.970703
-2.523178,114,381.142719
-61.11001,161,381.395389
-16.991241,115,381.591339
-51.685867,96,381.737579
-96.8468,70,381.870835
-38.95249,94,382.023542
-74.60923,93,382.16222
35.046738,76,382.293805
-54.80249,97,382.460786
25.279251,129,382.668951
23.560005,126,382.865942
-2.9634857,152,383.097171
11.418991,125,383.313961
-133.17595,92,383.465527
53.756012,97,383.622977
-82.80962,86,383.751092
-3.899063,145,383.969771
24.650093,157,384.208255
-89.18074,71,384.340102
1.9185715,128,384.526459
30.636932,101,384.672367
-18.94075,106,384.838653
15.326111,89,384.970502
11.021332,112,385.137794
-52.434696,71,385.244529
18.581528,94,385.401973
47.648712,105,385.568952
5.0280457,86,385.698911
5.9796753,108,385.862164
-190.13275,87,385.99041
-7.4181824,94,386.131414
-0.9464874,102,386.27708
45.735672,160,386.528688
12.990593,117,386.711129
-16.14936,118,386.890643
-39.737423,104,387.046216
-5.693695,120,387.22363
-133.19191,69,387.326026
-162.80533,73,387.444859
0.032539368,100,387.616119
-62.996613,78,387.764858
-3.9915771,88,387.921754
-1.9629211,89,388.052384
18.86345,139,388.299478
-55.625175,85,388.464644
1.0151443,118,388.68523
-17.743576,107,388.876676
-26.186295,92,389.025156
-21.56028,122,389.224513
-16.334908,121,389.413729
-67.35068,89,389.605868
8.899185,96,389.753108
-25.368416,115,389.940669
-7.1493683,96,390.091816
-69.6066,82,390.226458
-14.9741745,116,390.415402
-41.801723,94,390.561064
3.2789001,92,390.700484
9.086639,132,390.897201
15.023636,119,391.073545
1.7789841,106,391.24196
-230.37692,65,391.336685
12.385353,98,391.501606
-43.240337,111,391.674975
-42.97173,102,391.846759
-185.76508,107,392.006457
-25.705482,91,392.136051
-47.369015,110,392.29838
-6.3246994,109,392.451647
-21.571945,93,392.586443
13.077141,99,392.731172
-126.79996,77,392.849206
-18.124657,88,392.98194
-7.8194733,137,393.162211
-96.804886,69,393.280143
-1.1116409,95,393.430712
-81.55304,104,393.591264
-35.758316,100,393.77338
-18.75074,84,393.897089
-30.647263,98,394.04815
9.655563,98,394.18806
-49.47689,92,394.325483
-27.025887,107,394.491113
-33.35196,75,394.60854
-12.064873,108,394.791847
-65.094536,76,394.910021
-74.37139,107,395.079767
52.23207,86,395.205977
-4.795578,93,395.342212
-27.002975,115,395.513427
3.8845825,93,395.64424
20.404938,79,395.781521
-54.58218,83,395.908834
-49.609802,89,396.073363
-76.86858,90,396.223235
-75.10149,94,396.389192
-73.98435,88,396.540371
-49.475613,108,396.955268
-29.514954,108,397.164825
-169.16959,94,397.31791
-26.350792,92,397.455814
-12.614868,95,397.615655
-47.4321,74,397.753164
-28.976318,93,397.941938
-41.151184,105,398.101477
-27.396759,69,398.204425
5.7402115,120,398.390448
-13.694641,78,398.506008
14.731651,99,398.691152
-25.835442,74,398.822655
-1.2268677,103,398.993479
10.313759,81,399.122922
-126.569565,73,399.241608
-28.828796,87,399.384196
-20.3115,101,399.54606
-55.256927,80,399.687307
-25.766594,87,399.840135
4.7359467,111,400.016003
-0.12416077,75,400.126591
-61.40892,86,400.252266
-42.141884,97,400.399391
-51.733833,88,400.537194
-56.086227,104,400.754281
-22.617073,115,400.954059
-48.631386,83,401.079382
-12.706833,84,401.21551
-64.21896,105,401.370628
-34.68862,86,401.490395
-46.108677,99,401.679755
-16.509277,90,401.811894
-59.235744,98,401.953903
-0.8644562,83,402.067079
-74.77796,98,402.19667
-32.59939,104,402.340201
-69.97895,87,402.459465
-55.570442,76,402.573011
-16.332191,98,402.735526
-50.600372,81,402.860754
-93.954185,1000,404.420319
-248.25552,272,404.873311
-68.776115,249,405.311534
-190.37973,287,405.774892
-162.5692,447,406.533812
-222.06702,169,406.848566
-75.37595,1000,408.326006
-15.048492,202,408.648444
-46.722218,1000,410.13435
-172.68027,254,410.51426
-118.08764,1000,412.040184
-79.26591,1000,413.520185
-137.0875,1000,415.053071
-162.15434,1000,416.785194
-70.39748,172,417.030682
5.041481,245,417.397274
-140.23932,1000,418.958117
-223.82251,229,419.312021
-296.18805,312,419.7975
-196.89732,286,420.211872
242.96906,501,421.028767
-173.06082,210,421.371758
-112.804955,98,421.598777
-7.278702,159,421.867099
-32.636787,434,422.615907
268.26758,344,423.132769
-251.06572,506,423.868443
-59.306732,320,424.317548
8.709091,141,424.558033
-5.432678,148,424.779995
-129.52289,152,425.013345
42.011765,145,425.231695
215.00519,373,425.822935
15.592537,331,426.342051
224.6528,388,426.907182
6.4926605,161,427.15229
-72.66098,89,427.280556
-17.183052,87,427.404756
-198.69754,82,427.524569
-58.934624,363,428.049012
278.4532,251,429.10451
-7.463211,123,429.295155
-60.575836,286,429.777385
-53.64685,117,429.962781
-197.46722,140,430.20386
32.578323,172,430.467343
238.93117,344,430.976432
240.83055,233,431.338812
75.56705,117,431.508239
34.306503,175,431.763348
250.6907,233,432.142628
282.4075,189,432.440732
-117.794876,61,432.5338
-175.94008,73,432.646569
-13.830254,91,432.782513
-50.40332,67,432.895205
-18.397453,173,433.179258
-38.660854,136,433.379502
207.30768,219,433.717896
-78.54785,85,433.848251
-15.891182,157,434.068523
5.1544266,131,434.259691
-95.14279,79,434.375837
-164.93114,57,434.449319
-59.035244,72,434.564659
253.9042,173,434.816692
8.783798,113,434.987466
-5.4622955,80,435.106328
-192.75555,59,435.198529
-46.89527,115,435.358228
-0.14775848,108,435.508749
-2.2514572,102,435.652838
12.3594055,78,435.759074
-3.9220276,97,435.902708
-78.68637,85,436.02066
-140.83977,95,436.151314
-195.95677,54,436.232282
-75.06369,92,436.358694
31.442535,75,436.464294
-71.85331,91,436.59467
5.0122147,119,436.784209
-26.693031,116,436.959881
-70.44826,89,437.111959
-80.966194,96,437.253014
-106.0369,63,437.35027
19.044128,121,437.522245
230.32222,288,437.959873
-15.206627,267,438.381057
-84.79507,1000,439.785115
-16.454752,1000,441.303636
-41.215374,1000,442.793875
-51.077663,1000,444.174875
-134.25435,1000,445.559796
-65.97689,1000,447.007457
-47.728577,1000,448.637342
-106.53967,1000,450.220849
-125.75236,1000,451.679016
46.414078,1000,453.286617
-121.310295,1000,454.749202
24.235962,163,455.008847
-96.46256,1000,456.512236
-94.771774,1000,458.264008
45.720505,168,458.531635
218.5632,434,459.131101
-100.96814,1000,462.147713
-133.52522,162,462.38031
292.34302,270,462.762722
211.55582,334,463.249385
-10.298653,367,463.798748
-93.22937,1000,465.241407
-101.527145,1000,466.701266
-119.78687,1000,468.131032
-60.060287,96,468.266358
-63.522934,1000,469.806459
271.58826,314,470.271361
279.89218,281,470.711456
56.112015,138,470.925401
-96.93553,1000,472.506268
-140.50618,140,472.734766
28.8638,146,472.964197
-41.109127,156,473.195293
-96.04089,99,473.34572
-38.320305,346,473.893121
-14.736664,203,474.209182
-63.148834,1000,475.767253
-14.373961,1000,477.185579
-45.908657,1000,478.663596
-74.28234,1000,480.164175
-88.95241,1000,481.595968
-127.98084,1000,483.016173
-135.59998,1000,484.406771
217.97707,343,484.886407
292.4253,259,485.250528
-98.010574,1000,487.971114
-113.251205,1000,493.517616
-53.514755,1000,497.786423
244.16557,404,503.012901
225.40024,412,504.938146
-74.49198,241,506.446838
-87.85666,321,507.801043
-104.22103,1000,510.791012
-103.64946,1000,514.402184
-66.9472,1000,517.65036
-145.80333,1000,523.703804
-145.78723,182,524.935349
238.09947,394,526.767296
272.98145,282,528.932642
35.783478,296,529.721373
-141.7595,1000,535.074998
-46.3886,1000,538.407108
-103.60686,1000,542.248455
-96.251785,1000,548.350379
238.35883,258,549.736883
-46.653316,1000,557.241649
-40.73514,1000,562.153017
-65.51042,1000,564.931324
176.05164,607,568.740108
210.12839,451,573.473622
267.94928,460,576.580488
215.27272,531,580.646175
-114.591324,104,581.455132
224.70871,359,584.773661
-192.47621,76,586.029393
-83.94971,262,586.664409
204.53462,253,589.054969
193.68892,269,590.175481
-62.431,88,590.313108
-36.645756,141,590.756955
-55.007423,145,591.352369
-160.20985,71,591.480263
-59.69455,104,591.846789
-83.51655,106,592.028783
-104.54773,98,592.619922
-179.08691,73,592.732991
-118.323814,69,592.853364
-72.96486,109,593.31468
-38.8262,81,593.46704
18.509789,155,593.736052
-67.89209,98,594.019865
-76.88771,119,594.221351
28.389832,137,594.62311
-13.391617,97,595.608711
12.705193,181,596.099833
-60.075882,126,596.33344
-19.586182,92,597.976174
-30.621834,86,598.122638
13.780861,122,598.541213
43.45085,135,599.222009
-69.4427,94,599.845607
-45.458878,83,600.0613
-44.66018,78,600.340169
-36.766098,106,600.506824
-41.078876,97,600.981497
6.620308,62,601.703981
-44.923527,108,601.941394
47.272125,208,603.330083
-41.29357,76,603.686563
-56.72171,102,603.848237
-35.1613,113,604.030369
23.324768,108,605.153268
-33.67749,151,606.086013
273.33755,339,607.932719
1.8745346,366,611.028858
32.071274,151,611.655649
32.248444,191,612.778133
25.694252,168,613.230572
72.96867,185,613.747867
-27.430984,106,614.119139
-20.384521,120,614.469573
-80.77298,206,615.01464
265.10962,328,615.943182
221.15518,408,617.669852
-30.162857,228,619.260792
-28.429207,460,621.437872
224.73325,442,624.119304
151.91235,415,626.729088
110.22179,953,632.932772
-72.67559,1000,636.91041
-52.544693,1000,639.295912
-78.56857,1000,644.275676
-62.734196,1000,649.387699
-15.022217,1000,656.968314
-50.98628,1000,663.268091
-157.9634,868,666.116276
126.65336,545,669.70194
-124.189865,507,672.888109
211.2274,750,679.013035
-107.76849,1000,685.982675
153.44286,814,690.330591
68.66271,1000,693.443625
-48.54378,1000,698.980384
159.2204,632,703.253538
237.0009,492,708.168543
168.37747,466,711.88989
-81.9924,249,715.127287
-105.02506,415,717.748736
-91.8566,1000,721.514995
180.56856,595,723.271021
216.01904,352,724.874717
-41.447254,1000,732.162008
-43.602398,1000,740.389356
249.83484,377,743.385158
-88.47024,1000,750.907459
-57.734932,1000,758.02767
-45.177887,1000,761.196512
311.71313,207,761.748619
-111.02141,1000,763.768068
-45.546967,229,764.205137
13.1045685,177,764.610383
152.82104,639,765.800287
277.77182,319,766.349844
-64.130615,1000,767.960209
0.582428,452,768.734549
-47.84746,1000,770.526134
-155.22685,835,772.094445
194.50005,503,772.976295
182.72388,604,773.992342
219.49738,375,774.688923
183.53821,518,775.804597
-56.66426,1000,777.505544
-16.549759,323,778.020238
-65.67691,618,779.048546
156.57718,717,780.223832
186.67075,616,781.201502
209.58867,431,782.006404
128.96951,677,783.168192
-126.46022,586,785.696553
114.289,755,786.95221
-82.66194,678,788.032487
220.25018,595,788.979324
158.57285,571,789.866683
241.39236,425,790.512858
157.83809,731,791.737457
137.53511,817,793.038408
137.51794,902,794.571627
-51.82559,1000,796.360135
83.27181,886,797.858361
-47.584953,1000,799.663545
-66.54383,1000,801.45503
-13.954083,1000,803.088085
-31.05988,1000,804.670712
-116.52126,483,805.54149
-132.67119,276,805.960211
-30.192307,163,806.196812
-60.442574,539,807.144278
209.32553,238,807.55627
-22.653809,105,807.732959
-46.704636,203,808.050731
232.16438,388,808.736485
220.04736,329,809.276238
-65.48915,174,809.549437
-7.0041122,130,809.755916
-62.998924,186,810.033373
-81.06059,212,810.337063
186.77188,747,811.568957
128.58632,478,812.33542
-84.4782,1000,813.927617
-95.3537,1000,815.698498
126.636375,766,817.038475
195.71632,497,817.831069
-106.43213,558,820.086276
-73.085556,273,820.475423
216.26439,406,821.076092
-44.343254,349,821.5851
9.251884,238,821.942353
191.92633,344,822.452733
179.85431,234,822.795119
194.01822,268,823.212229
231.48262,310,823.717189
-8.650497,149,823.930408
152.36244,342,824.514405
-38.47246,183,824.787844
276.89505,356,825.267805
-68.55148,145,825.53387
236.67505,375,826.05909
-61.34041,126,826.244755
-77.182,262,826.599375
183.0513,257,826.953852
-79.29765,496,827.643144
-62.69913,124,827.821495
-62.138927,312,828.27512
50.453053,576,829.124701
-161.9582,952,830.433746
-145.26337,448,831.082963
161.14896,704,832.098882
-111.12068,416,832.688292
183.81067,670,833.731799
-87.31342,274,834.164177
112.91448,989,835.63366
60.459282,835,836.856417
169.35593,630,837.710016
-131.82716,555,838.5776
-124.94267,1000,840.013603
-113.095566,369,840.606654
-92.682816,297,841.039225
-80.09583,358,841.575789
137.3334,565,842.514635
-154.02094,892,843.796464
-104.02765,600,844.694927
163.17157,439,845.287744
197.83328,456,845.946335
44.946075,1000,847.46851
-83.20336,321,847.941863
204.59525,482,848.654158
133.96515,495,850.571325
-79.8278,344,851.032296
160.82439,638,851.914428
-137.03992,726,852.847315
141.02966,641,853.712389
-161.90672,747,854.93268
-73.624664,304,855.419031
-62.74936,591,856.315595
-56.502163,1000,857.821025
-67.80071,166,858.033763
-44.878227,315,858.508806
174.58765,691,859.528559
-159.46187,452,860.226019
117.83523,568,861.054684
-124.04243,261,861.440962
-69.28762,235,861.858278
-124.28579,1000,863.451699
-52.980934,397,864.050544
-7.3387823,1000,865.52571
-96.696236,1000,867.112267
208.9906,529,867.928753
154.08185,625,868.857413
145.1619,558,869.697234
148.44801,676,870.667347
-93.453575,1000,872.078311
-76.510056,536,872.839018
-150.54984,739,873.856284
-82.743546,1000,875.291394
-82.5397,225,875.605181
20.595129,1000,877.004644
-45.8739,1000,878.418725
-118.968285,496,879.118171
-245.00359,834,881.606678
-85.20809,1000,883.195653
-61.365765,757,884.32701
-87.00468,326,884.885725
-26.946896,1000,886.744153
-50.04629,407,887.43013
98.29281,955,889.16463
-102.87336,487,890.12309
-182.07774,813,891.526307
24.833,333,892.09198
-85.35311,269,892.507814
-37.54553,344,893.047914
116.26499,532,893.829415
154.4275,436,894.450503
178.0965,457,895.153625
104.22957,769,896.264657
-54.181488,409,896.907014
-67.786804,394,897.554998
-56.9225,352,898.128072
179.5614,416,898.804736
-52.149914,180,899.114073
-63.733543,326,899.671855
163.49593,499,900.500774
222.55576,419,901.131429
-82.559204,1000,902.819664
-64.54774,316,903.42534
-99.83162,360,904.067178
-82.77131,219,904.406269
-34.719673,267,904.848206
87.94803,676,906.098486
199.19086,474,906.872777
195.05042,428,907.563292
-88.0173,336,908.08574
-65.2157,394,908.668351
-65.34656,369,909.194795
-105.5558,153,909.416374
-155.7237,537,910.311056
-128.38348,434,910.973934
-67.91237,266,911.360567
198.81839,477,912.127779
-86.81202,259,912.537232
-29.434082,233,912.883239
230.928,315,913.381181
151.6027,335,914.483644
-95.37415,226,914.81738
276.15558,257,915.229294
128.60799,343,915.812412
-95.86153,215,916.142153
-65.296425,240,916.533958
-5.747383,217,916.922443
-68.24621,268,917.34022
-133.98372,503,918.125098
242.88155,316,918.669463
-112.7882,1000,920.203816
-87.614395,266,922.29087
-159.65924,492,925.007163
-107.598816,288,927.260812
-220.08813,949,931.952484
200.78482,331,933.524631
207.72899,506,937.75754
-12.407143,320,938.892022
-74.77683,464,940.276812
-62.147125,214,940.892034
227.26682,281,941.703918
204.23938,316,942.677234
-72.72042,182,945.069979
76.64709,685,949.399059
-201.99655,907,955.672733
205.21854,304,958.152695
-3.942009,192,959.801918
214.10535,516,962.055829
198.11209,534,966.384519
92.999,689,969.992285
-43.08507,1000,972.828012
-107.40967,1000,979.890835
-248.88188,956,985.873198
-102.67572,541,988.807047
-90.01123,379,991.957457
-128.98923,527,995.442741
-66.902176,272,997.726915
-43.04131,363,998.791461
-15.535481,1000,1001.518183
167.50998,653,1003.634522
138.90645,761,1010.809126
-82.21932,1000,1015.681017
-119.01922,1000,1022.13576
-99.67611,1000,1025.51021
-75.818665,473,1026.601923
-48.586227,1000,1032.231726
158.40427,821,1037.984598
-69.34984,173,1038.53317
-64.431244,1000,1042.77887
-50.11469,360,1044.292439
-80.78029,362,1046.276404
-74.68421,1000,1050.480655
-87.689896,1000,1053.471047
276.6764,306,1056.539921
223.30225,370,1059.163776
-83.019806,198,1062.340719
-175.60013,769,1067.516261
225.71637,384,1070.471025
-64.16319,204,1071.527819
293.1078,271,1073.106496
-72.9157,336,1075.530903
234.78738,367,1077.415736
-66.02593,240,1078.210252
-65.158875,380,1079.404742
-100.89737,1000,1082.083724
116.80703,810,1087.13108
-220.88766,998,1093.187807
167.59435,346,1095.010307
-51.253647,1000,1102.174608
143.17117,725,1105.514402
228.25237,360,1106.352611
160.92357,498,1107.960248
169.6383,521,1109.356899
-182.68475,960,1118.890404
-64.788666,1000,1123.638913
224.6544,271,1124.467327
-31.170952,188,1126.113801
168.93948,659,1129.564055
-17.911377,155,1129.882061
-29.717903,194,1130.957225
266.97208,233,1131.934107
-43.957397,234,1132.48919
-69.33499,446,1133.616262
-49.704563,168,1134.085025
-42.747086,185,1135.329644
219.39627,237,1137.056591
9.9251175,149,1137.278993
-45.549023,97,1138.695513
14.341629,140,1139.76912
-65.69263,401,1142.632177
-85.44493,75,1142.81572
-5.8781815,113,1143.021224
254.6722,201,1144.981899
195.77896,232,1145.901398
163.77953,583,1151.818741
-35.159042,515,1155.270194
-10.528564,197,1155.995847
199.3776,268,1158.459528
224.34094,244,1159.297953
-87.63452,489,1161.141201
179.61588,241,1161.950106
219.92719,359,1162.694555
241.44472,279,1163.901639
-52.55468,220,1164.622528
257.72174,250,1166.022864
80.1622,77,1166.709953
240.09413,247,1167.746042
-76.72717,1000,1174.63818
253.85565,244,1176.543617
-183.03893,859,1182.656534
-153.90414,844,1185.969198
-67.834885,286,1188.101201
-32.16308,213,1189.199497
-148.72916,753,1192.135513
226.3729,334,1193.052879
-22.429855,223,1194.223235
-52.676216,292,1195.147176
136.20782,932,1197.300851
27.000244,143,1197.526902
191.63837,549,1198.40116
-48.689713,223,1198.767236
248.70163,255,1199.133656
25.745972,132,1199.330902
-132.3142,498,1200.101427
-16.41542,156,1200.339163
227.46924,342,1200.876326
257.0382,247,1201.285028
-57.627583,249,1201.651298
-84.119484,227,1202.082945
271.1689,226,1202.441465
-92.4303,244,1202.79605
160.27005,565,1203.64272
180.32954,413,1204.358485
244.70097,231,1205.344884
29.609314,148,1205.579139
-15.995575,126,1205.760078
-15.587738,102,1205.924382
179.27628,387,1206.572367
-116.72197,832,1207.800784
13.3125305,193,1208.105285
265.07303,292,1208.550868
154.66284,690,1209.551352
-88.012,1000,1211.051286
-82.25667,1000,1212.613456
-121.987465,1000,1214.164344
-39.16446,1000,1215.677227
-87.99437,366,1216.299154
-99.44061,225,1216.645478
-200.42502,699,1217.743841
-140.67755,533,1218.564841
216.99203,329,1219.034322
-27.150955,184,1219.309802
202.22562,359,1219.856236
224.78238,391,1220.673583
-80.15248,292,1221.160528
-78.12572,230,1221.501324
233.98016,225,1221.86295
-48.2303,285,1222.352598
210.94148,329,1222.907605
-16.209412,189,1223.198383
-75.3741,186,1223.525394
-49.433846,1000,1225.049018
-45.986523,224,1225.388714
198.05917,296,1225.793122
-27.05104,131,1225.967477
-72.743385,1000,1227.424886
-9.766907,230,1227.764524
15.065216,278,1228.157886
-176.03221,756,1229.211121
18.465332,147,1229.415118
182.16534,574,1230.25942
144.32353,482,1230.985002
-92.919304,316,1231.495843
178.37042,721,1232.647702
213.72568,224,1233.000567
-82.431595,1000,1234.448163
-101.15106,410,1235.046202
158.30148,480,1235.715372
-152.3624,726,1237.85733
-141.68756,1000,1239.474711
222.27727,278,1239.899881
234.44667,328,1240.350035
119.433945,530,1241.17571
197.47964,415,1241.801875
211.59477,295,1242.258327
-33.80465,203,1242.552851
-171.80008,822,1243.765123
-81.191345,250,1244.218387
-169.79593,552,1245.142071
269.74738,231,1245.488268
161.04965,448,1246.132646
-37.82246,67,1246.293776
-9.055679,129,1246.483139
-16.723839,80,1246.618656
240.85986,184,1246.91227
-103.25501,335,1247.443078
-34.643143,85,1247.572764
-23.18283,131,1247.775463
-45.021866,222,1248.11137
-6.124092,92,1248.228878
-11.422668,125,1248.395568
-42.435265,84,1248.52253
-38.64092,75,1248.636353
-78.99388,159,1248.892441
-160.07298,484,1249.695946
-14.755753,105,1249.853716
-93.679474,128,1250.037124
-71.32463,387,1250.647988
-2.908844,101,1250.800012
36.172333,89,1250.963724
-87.20587,219,1251.34419
-82.335144,172,1251.609234
-103.28967,255,1252.030413
-91.06739,153,1252.259488
22.688576,135,1252.453053
124.198685,427,1253.115362
-56.841686,166,1253.370563
-29.024002,87,1253.503804
-60.157894,198,1253.80793
-83.94823,274,1254.235442
-77.26091,176,1254.480572
6.047409,102,1254.621678
15.625809,93,1254.744128
170.19672,277,1255.168555
-74.46532,189,1255.452093
-71.46522,195,1255.747702
201.74371,222,1256.061833
-30.548302,112,1256.215009
261.77542,218,1256.518883
-78.66344,151,1256.745826
188.51633,274,1257.15766
-50.631138,97,1257.293198
-21.643837,132,1257.488987
247.13423,222,1257.856059
202.52628,223,1258.195092
-96.73948,109,1258.352937
175.48767,274,1258.752973
-103.63913,255,1259.113393
231.86725,439,1259.743514
-10.561829,169,1259.983429
262.32205,194,1260.255131
-66.269165,192,1260.524984
-60.347878,158,1260.746479
-61.235912,217,1261.04977
-20.845901,119,1261.217758
238.75029,264,1261.588606
185.92609,329,1262.068711
-4.93161,194,1262.359802
-32.077682,112,1262.515414
236.24619,211,1262.817966
0.12516022,105,1262.969528
-83.06828,168,1263.254054
-5.826988,161,1263.478191
186.5754,874,1264.736933
-21.367737,84,1264.854438
20.67006,78,1264.968156
258.3985,194,1265.234724
-18.185493,102,1265.391651
258.42972,210,1265.681307
256.95178,222,1265.980112
260.4027,259,1266.380125
-22.66542,186,1266.649137
-78.35601,337,1267.971652
-58.976654,256,1268.322449
-79.141464,208,1268.664634
7.0818634,134,1268.851951
241.91072,320,1269.364786
-93.02855,260,1269.755788
-67.67534,200,1270.059799
-104.319466,200,1270.368909
-6.3699493,97,1270.518623
-58.70346,100,1270.676855
38.657944,145,1270.885002
253.64761,244,1271.241051
168.44485,331,1271.740399
-79.96367,241,1272.096354
197.91904,298,1272.584889
-93.18122,172,1272.849177
-12.36396,115,1273.003325
223.62103,219,1273.300436
36.336563,135,1273.495819
-32.566452,136,1273.693675
6.8661346,131,1273.872591
277.85062,234,1274.208596
-13.998909,160,1274.426562
253.19246,220,1274.729447
196.90875,284,1275.111954
-37.878674,296,1275.528582
198.82751,257,1275.865759
215.55405,234,1276.181412
-79.3733,174,1276.410527
-25.610985,116,1276.565156
-111.533226,436,1277.145001
-38.717518,187,1277.412068
-45.640793,196,1277.761706
-174.11508,844,1279.024678
229.02026,277,1279.41066
-78.15289,200,1279.719217
-94.95059,1000,1281.24888
152.83043,563,1282.12754
-76.33752,228,1282.431624
163.82478,417,1283.031438
202.9668,520,1283.809062
172.15604,384,1284.366191
-156.75455,584,1285.211171
-16.481903,254,1285.645725
-133.74733,584,1286.48648
-56.557266,257,1286.850012
174.33954,399,1287.397185
-106.03819,351,1287.867242
100.975494,731,1288.861809
189.56631,290,1289.266039
-17.87599,1000,1290.632609
-114.59915,295,1291.06997
10.123295,1000,1292.53567
-89.859085,517,1293.314467
186.65065,424,1293.926755
13.738595,1000,1295.457974
-24.938084,1000,1296.883027
149.30576,339,1299.134133
-26.60338,1000,1300.568198
-75.073135,539,1301.291321
162.78807,672,1302.243762
-117.31638,444,1302.874207
136.45445,786,1304.068423
165.66634,798,1305.227048
-153.79236,767,1306.339154
-55.17204,1000,1307.766157
160.70865,942,1309.104601
-49.895466,1000,1310.518089
203.76044,623,1311.39102
168.28499,661,1312.3629
-53.687622,1000,1313.929025
-84.65359,1000,1315.441378
-100.81691,1000,1316.920339
-190.16837,1000,1318.420369
-140.72147,1000,1322.616149
-97.10722,1000,1326.265706
-127.06058,875,1329.394468
14.069394,1000,1333.806042
134.33974,713,1336.451303
198.23462,675,1340.866668
-40.885784,1000,1344.082168
-90.514084,309,1346.352626
183.07996,787,1348.520752
122.334465,783,1350.310759
129.93422,711,1354.243488
216.44281,528,1356.788358
-109.13139,593,1358.692492
220.28864,471,1359.644617
214.62692,351,1360.38123
254.85335,406,1362.214204
-57.51963,239,1362.773831
-160.52484,479,1363.502815
-87.40749,175,1364.606823
-163.03954,626,1366.283402
207.93944,464,1368.196622
175.96483,377,1369.353247
236.41508,417,1369.977055
-66.073944,265,1370.860744
202.89189,337,1372.107643
-18.498795,242,1372.536
-71.37449,432,1373.354423
-103.20425,401,1374.664602
-51.145676,233,1375.856202
213.78485,318,1378.596618
1.541893,269,1379.19272
-69.52185,208,1380.615286
3.581108,166,1381.621704
222.12238,293,1382.352742
227.10423,271,1383.474522
190.76575,312,1384.857692
0.099853516,164,1385.237067
-41.087757,251,1385.907828
-130.3684,506,1388.245102
231.69518,294,1389.776446
-72.52073,220,1391.577212
248.96834,331,1392.332348
-98.39943,377,1394.043408
207.73616,285,1394.872315
254.16739,262,1395.823326
-54.13874,241,1398.228081
-68.36362,185,1398.617556
-94.06627,283,1399.906807
241.14545,235,1401.090488
11.800301,123,1401.419374
4.242737,132,1401.790175
-61.65824,222,1402.098634
-73.96901,185,1402.674953
236.21077,232,1403.464441
214.35431,265,1404.329477
-43.739944,97,1405.00383
179.96475,387,1405.963152
-103.03787,287,1407.169362
-73.32858,286,1407.796476
173.83032,272,1408.54687
-66.96794,477,1410.743498
228.69698,247,1411.380284
-53.603092,139,1411.615154
-0.44547272,148,1411.987604
35.344894,165,1414.391886
169.96013,346,1415.129708
262.86267,251,1417.118412
-59.387024,388,1418.60896
-66.11719,210,1418.98618
202.30374,331,1421.469712
240.63614,271,1422.903232
219.23746,274,1424.79669
-62.789883,234,1426.505016
-97.06507,350,1427.741148
-107.05652,304,1428.979249
187.01758,395,1430.716015
231.51465,293,1431.729199
-242.09373,949,1434.039627
-24.266136,370,1435.017674
-82.88625,310,1435.760254
-43.407597,266,1436.373875
38.092518,989,1440.312003
-65.08946,332,1441.794432
121.697495,672,1444.526309
132.05344,728,1447.127402
179.36266,756,1448.65585
73.23109,897,1452.914188
195.02039,632,1456.504466
-70.323395,496,1458.650335
-68.90272,1000,1461.053362
-137.70683,577,1462.612029
-79.36252,1000,1466.661067
154.7177,876,1469.767792
-181.29141,632,1471.861316
-109.67722,450,1473.711318
-99.23589,459,1474.40948
-108.48721,717,1477.45849
120.05999,789,1480.104758
160.04616,846,1483.827225
217.98035,563,1487.338711
188.95847,505,1489.214373
204.34569,520,1490.549144
167.15083,585,1491.929881
-90.31917,412,1493.413039
-87.56366,470,1495.588875
-58.734238,388,1498.009301
216.22,548,1500.318413
-63.49487,472,1501.641533
-86.13111,464,1503.933485
-169.1002,602,1505.860478
186.17896,591,1508.697452
-61.92244,564,1510.783041
165.32224,605,1513.237194
131.33655,717,1515.43185
-38.854637,1000,1518.704829
-51.626545,1000,1524.169797
145.68533,769,1526.590594
172.90929,729,1528.392156
137.17453,844,1532.617329
13.275131,997,1536.932391
-142.00429,1000,1541.549953
-61.646408,1000,1543.4192
-17.650131,1000,1546.559449
54.86939,925,1549.364908
128.69257,680,1550.90834
-79.89674,378,1551.445469
166.86813,755,1554.662625
121.877335,721,1557.850064
-24.657381,1000,1561.235293
-215.1642,941,1563.832854
-22.810398,1000,1565.602276
-102.49841,194,1565.927624
-34.211536,1000,1571.596204
-44.130154,1000,1574.442553
-112.478645,255,1575.06615
-122.66588,208,1575.557634
-45.387463,1000,1579.30642
-112.3367,612,1581.387422
-61.890507,1000,1584.167598
-104.03105,205,1585.626382
-205.84094,852,1587.262169
-187.50648,763,1590.296744
81.55368,728,1591.799389
-15.177998,1000,1594.296788
28.258123,1000,1597.222604
-50.815914,1000,1598.955451
-73.41646,286,1599.360483
-120.246124,551,1600.135521
-102.79815,420,1600.785039
-186.60556,766,1601.98987
-190.70102,792,1603.135579
-4.7268147,1000,1604.675363
-53.055912,328,1605.141386
-59.923973,272,1605.530297
-103.942055,349,1606.02515
140.76587,571,1606.84901
-64.32503,324,1607.3169
162.11267,505,1608.03876
-104.08359,411,1608.63538
195.86514,781,1609.734157
171.57043,533,1610.518285
149.26721,878,1611.929141
146.07819,364,1612.464567
227.26917,413,1613.072518
-41.238735,334,1614.258883
-46.70509,210,1614.555435
-67.72362,218,1614.847578
-64.20305,357,1615.350932
-54.641106,233,1615.692466
198.83878,324,1616.196475
238.95209,358,1616.7085
196.90918,353,1617.195521
228.63673,485,1617.871625
-43.684807,311,1618.301294
-41.336277,315,1618.735445
214.93044,364,1619.253275
-35.283234,217,1619.565674
119.0748,417,1620.153558
-36.44113,246,1620.533665
-47.272266,292,1620.92906
-25.435951,220,1621.270431
194.82553,349,1621.815043
168.91446,390,1622.423458
270.59875,246,1622.86072
228.84999,302,1623.424489
-55.75387,266,1623.867085
180.77997,354,1624.4205
245.6993,285,1624.882089
255.16875,272,1625.266971
-8.433327,191,1625.586741
168.37976,353,1626.106341
217.89256,361,1626.719455
164.19547,399,1627.388482
38.249252,244,1627.817793
238.03773,336,1628.419399
194.29187,375,1629.038012
244.51227,346,1629.547631
177.27979,377,1630.092245
-51.344177,172,1630.352349
233.93265,305,1630.89723
208.60152,371,1631.582448
233.92941,283,1632.097135
40.417664,195,1632.44478
-57.241043,222,1632.817041
-69.152954,246,1633.227613
-77.51646,208,1633.604229
191.9701,382,1634.207037
-71.297966,170,1634.461901
-62.53066,228,1634.802243
201.35095,290,1635.308425
236.73604,247,1635.752285
240.078,297,1636.212903
-58.33759,223,1636.576463
-52.384834,236,1636.920027
-95.47331,266,1637.329002
-72.5182,202,1637.635745
215.60185,690,1638.624989
206.66736,297,1639.027216
-25.617088,199,1639.293662
-42.11839,191,1639.548702
2.9597092,164,1639.763375
272.29047,259,1640.113806
257.26227,277,1640.479208
244.79613,262,1640.828905
-73.18826,204,1641.102548
-73.28904,183,1641.344466
248.80418,257,1641.684927
217.52243,319,1642.151488
36.034943,201,1642.442932
7.7814255,184,1642.707327
0.025428772,187,1642.977362
236.04909,257,1643.33741
248.25153,246,1643.690452
-31.075798,164,1643.922109
-12.048035,187,1644.189848
-42.961338,195,1645.086028
214.50153,280,1645.496144
-31.951332,193,1645.779096
-46.626316,174,1646.039975
4.167015,174,1646.331716
-4.306755,193,1646.648167
-6.565613,169,1646.924224
195.06789,260,1647.370084
39.97171,219,1647.719952
229.19476,248,1648.099638
-26.546516,174,1648.365152
-46.787025,167,1648.624614
-55.51293,153,1648.872171
-39.622566,146,1649.091268
-28.109375,168,1649.357256
202.85863,296,1649.838219
-43.571373,138,1650.04434
-22.75541,122,1650.236552
-13.916122,126,1650.440707
29.90001,158,1650.679139
5.444031,173,1650.940724
-38.68433,157,1651.174524
40.655945,139,1651.36991
39.3972,135,1651.556928
-9.29081,118,1651.721371
2.562584,158,1651.947011
-7.1473236,154,1652.154045
-46.049202,159,1652.372184
-5.088608,120,1652.542094
217.33888,296,1652.95568
1.0196381,107,1653.108212
8.425499,160,1653.341858
21.501099,130,1653.541427
-41.576275,104,1654.210846
21.258034,149,1654.818458
29.705368,157,1655.119836
28.983978,125,1655.853131
-9.99604,140,1656.63192
11.537605,135,1657.18481
-26.66433,126,1657.384772
-17.607407,113,1658.298413
-23.787544,104,1658.751987
-64.353714,123,1659.205641
-18.652527,140,1659.428751
-12.198441,108,1659.742528
-38.77683,125,1662.157233
-25.38771,114,1662.342234
-30.19564,153,1662.573853
-81.10979,161,1662.99052
16.63485,144,1663.186564
-2.3704681,141,1663.622148
-67.3371,121,1663.795421
-33.246246,116,1664.326549
-71.481674,185,1664.882696
28.136261,129,1665.21299
-38.90032,109,1665.363244
-15.239433,97,1665.507195
4.5894775,148,1666.031265
36.668823,144,1666.801636
-16.924255,114,1667.145603
-3.8372269,123,1667.506612
-33.002068,106,1667.919704
-9.558105,118,1668.414695
-17.34375,130,1668.627366
-53.395676,120,1668.88642
-18.446,100,1669.840317
-37.87712,75,1669.967001
-21.890892,70,1670.094103
-24.730461,101,1670.244148
-17.082314,103,1670.859191
-75.02372,88,1671.073007
-16.74318,79,1671.200542
-9.191864,73,1671.473976
-46.956726,87,1671.759234
-102.32183,100,1671.905823
-93.543526,69,1672.006598
-101.066124,69,1672.202789
-60.00395,60,1672.325064
-54.68806,87,1673.23556
-15.450439,110,1673.569769
-3.441536,121,1673.880944
-7.317566,152,1674.41968
-46.756474,153,1675.117991
-6.5226974,131,1675.31283
-31.077034,87,1675.542168
-19.45465,141,1676.00282
-49.63154,123,1676.434335
-48.982723,114,1677.012409
40.418716,118,1677.193212
-57.5617,103,1677.673394
-35.043633,147,1678.053654
13.38546,152,1678.442696
38.22502,135,1678.742013
-63.78115,135,1679.218157
-45.359695,116,1679.517299
42.66147,129,1679.707722
-10.256607,96,1680.086444
-54.564312,100,1680.274998
-22.57264,89,1680.584097
7.951111,135,1682.877185
-20.082275,96,1685.959374
-34.739784,168,1689.71612
-25.800392,89,1689.900292
-155.49112,178,1694.851478
-82.45052,144,1695.839792
6.3118286,135,1699.403262
40.280167,131,1700.868555
-86.03903,121,1702.826787
11.060326,137,1705.899574
-6.003441,110,1708.837659
235.94499,226,1709.658077
1.089531,135,1714.434957
-18.394005,160,1716.3012
27.510468,152,1719.326085
-7.7207565,172,1723.666744
-17.610374,167,1727.399059
-52.56403,109,1728.067114
28.720718,127,1732.275966
-28.207207,89,1734.674624
178.99747,301,1742.239815
18.862297,150,1744.44599
30.068542,165,1748.019364
35.998886,158,1750.38472
29.19548,113,1753.044386
-73.16063,100,1755.569607
-22.661392,117,1758.379651
-75.74988,192,1760.622861
-43.336937,127,1762.706724
24.816086,141,1766.616327
-24.915886,176,1770.637047
1.5271301,130,1772.396971
30.014297,157,1776.649488
20.960281,144,1779.853523
27.285217,156,1781.957892
259.59186,241,1786.9737
25.793205,156,1791.658148
-14.337776,144,1793.053215
-10.743752,98,1796.851737
-21.09909,137,1797.532249
5.1290054,155,1799.927377
4.9827957,142,1803.218558
19.979584,145,1804.177422
213.45222,292,1809.281617
-20.074768,167,1814.073461
-46.561787,94,1814.7116
-49.96873,163,1815.198076
30.404434,162,1820.223337
-85.46499,212,1822.824257
-33.616234,137,1825.046817
257.8318,239,1829.904766
-51.092243,204,1832.531446
-1.69281,132,1834.622912
-52.632797,141,1835.075203
234.40334,492,1847.439196
-93.47588,132,1849.874952
9.458847,164,1855.834666
-79.313736,123,1858.075506
28.828522,176,1863.328268
26.883202,176,1868.728853
226.41269,233,1874.542961
-57.181805,144,1878.652905
-31.388847,178,1881.979779
15.211525,150,1883.047818
-34.895966,148,1885.639295
-15.040535,202,1887.614937
22.145493,142,1890.641864
-58.86907,122,1892.891466
52.158264,165,1897.404078
-50.398407,115,1903.214994
-33.348885,172,1908.983235
-17.137703,144,1909.199327
194.81874,280,1916.479874
-77.07147,156,1920.33334
-34.510437,162,1924.164495
-66.75174,245,1927.727972
-50.70192,220,1934.416684
-55.447456,140,1935.804207
-43.223156,150,1938.578643
-47.600815,107,1942.881258
-29.055695,128,1946.667331
-40.2399,185,1952.764699
27.750114,157,1955.481013
184.98709,346,1961.788955
40.279434,170,1964.552749
15.495735,108,1965.399075
-71.970406,104,1970.015498
-153.01315,137,1970.743351
-96.08185,174,1972.8083
-17.807419,180,1977.014991
-48.21053,141,1977.705089
46.565704,195,1982.465733
-56.24886,141,1984.677098
-9.279831,147,1985.891008
-35.733757,273,1991.255201
-21.81614,144,1993.536179
-44.960144,217,1996.307182
-14.29229,129,1997.103299
-73.03479,160,2002.062696
-103.81119,325,2007.33089
-70.47902,363,2013.230877
198.78049,325,2020.855912
-71.25822,154,2022.637265
-72.44265,170,2025.23967
-14.681656,257,2029.706992
239.66682,300,2033.546642
-57.979065,153,2036.876069
-65.095436,135,2040.172458
-26.31617,142,2042.850475
12.128265,183,2045.974422
250.87463,299,2049.012698
220.57462,295,2054.234261
-34.810417,152,2057.161663
185.57025,353,2061.240428
-51.100727,186,2067.436048
250.11934,338,2073.502386
-81.84321,243,2077.090781
-98.70609,221,2080.173216
-95.40118,207,2083.961701
264.41968,324,2089.016996
267.63644,295,2097.416918
-14.037491,223,2099.351776
-118.39015,487,2103.855572
-99.83048,518,2107.030371
-52.03865,136,2107.244863
116.89293,660,2109.002113
-23.148224,220,2109.555007
-40.8014,122,2109.946956
-29.216682,224,2111.093707
-26.552246,156,2111.544621
-60.561687,1000,2115.025574
-47.460197,267,2115.950482
206.11743,673,2118.575205
-69.307686,215,2119.027155
-52.81421,448,2121.099327
168.00348,531,2122.470723
222.3513,465,2123.300911
-44.802208,134,2123.559125
-209.59915,457,2124.387106
-86.325485,367,2125.118722
-57.755814,184,2125.382687
-118.9268,619,2126.345928
-164.36386,941,2127.81429
179.60876,735,2128.965575
-64.136406,177,2129.217414
150.88844,767,2130.372884
144.98615,780,2131.57733
-53.26998,357,2132.183244
-58.357628,266,2132.631895
-93.53607,233,2133.011392
-85.71653,537,2133.784784
-164.29056,1000,2135.427559
-48.887062,271,2135.918107
-295.50397,893,2137.429973
-73.49657,1000,2139.03495
-227.3594,707,2140.255183
-67.746635,320,2140.808805
171.0183,481,2141.624509
-234.62466,824,2142.974187
-131.76784,223,2143.34197
167.99194,502,2144.119334
-92.40492,784,2145.31063
208.61934,463,2145.972149
-121.439064,307,2146.446641
214.37883,581,2147.383119
161.60712,651,2148.538712
-155.20612,230,2148.952493
-57.47365,212,2149.289373
162.91272,867,2150.8453
-31.399092,1000,2152.556105
-13.806679,1000,2155.542046
163.8372,388,2156.153688
183.74792,429,2156.816622
185.91003,745,2157.956678
-64.50094,193,2158.266434
222.13571,468,2159.000412
-13.276254,1000,2160.49183
-141.53127,882,2161.790095
-141.96358,400,2162.44994
-79.62886,1000,2164.039527
-88.41598,295,2164.481856
-143.11667,1000,2166.004752
-69.11903,227,2166.348589
-75.66079,1000,2167.999338
-172.74161,455,2168.703054
192.8201,599,2169.639197
-93.992386,284,2170.074467
213.7988,442,2170.777111
-197.01727,992,2172.259091
196.24664,505,2173.093116
-81.61807,238,2173.451758
217.99823,412,2174.126095
206.50208,493,2174.958948
-53.059917,165,2175.22527
248.31876,538,2176.123162
-41.792522,348,2176.69463
165.11472,368,2177.271485
-82.902695,224,2177.628508
-37.288643,1000,2179.211712
210.17282,401,2179.873005
-20.366816,1000,2181.647211
174.01442,586,2182.646119
-47.82924,451,2183.461221
56.195263,770,2184.590471
218.81827,377,2185.126066
-76.45729,167,2185.370416
217.15051,355,2185.884195
214.05222,336,2186.382891
-82.69877,192,2186.669475
210.33797,320,2188.39516
-137.93651,557,2189.220539
210.71909,356,2189.745326
-106.94893,476,2190.448238
-65.72885,153,2190.721797
234.35927,330,2191.233738
-88.253265,321,2191.77479
184.73206,382,2192.375391
-37.041386,321,2192.959867
149.57675,367,2193.539543
187.4372,293,2193.936461
-21.770996,173,2194.177455
-86.461235,554,2195.035211
244.3193,294,2195.440432
-95.86832,180,2195.726287
-15.690208,206,2196.02158
-37.383446,227,2196.378701
208.19998,301,2196.82202
210.0871,769,2198.011807
27.811256,258,2198.394914
-90.79816,239,2198.753351
228.70636,294,2199.191638
-75.40374,381,2199.731829
212.73862,302,2200.174779
181.33063,387,2200.755616
201.2577,434,2201.358051
-64.60487,327,2201.864072
-107.533455,224,2202.190367
-76.11151,149,2202.419932
-76.504974,184,2202.717852
182.736,317,2203.212574
-83.50029,333,2203.690732
208.87729,330,2204.185487
-123.29467,336,2204.708796
228.23984,305,2205.147233
-60.20468,149,2205.375093
-103.18865,174,2205.64903
194.93356,341,2206.17853
-97.54293,320,2206.673776
-88.17525,186,2206.96026
-78.56254,350,2207.48959
-19.025887,207,2207.84274
1.7092285,833,2209.119422
-1.9069061,310,2209.578424
-109.13914,282,2209.984011
206.0398,508,2210.753674
-65.01378,169,2211.00479
104.70831,855,2212.309477
-94.040016,165,2212.566107
-62.93136,279,2212.993449
-96.74531,201,2213.300028
199.44516,368,2213.854321
-100.93875,149,2214.083781
190.88828,399,2214.705557
-104.15413,260,2215.106981
-115.26031,343,2215.618908
230.06062,384,2216.165214
-70.25021,262,2216.502148
224.47118,380,2217.074021
194.11823,375,2217.651448
218.50018,390,2218.231449
-76.70735,196,2219.306174
191.70578,498,2220.049275
162.0935,480,2220.808271
190.3537,353,2221.38504
-24.81636,337,2221.846694
-86.98259,875,2223.070722
-75.21406,181,2223.31617
-10.760031,1000,2225.997525
136.90895,760,2228.735684
-74.84588,297,2229.756095
-102.09984,294,2231.098371
166.56885,461,2233.171773
-89.00418,415,2234.469581
-63.869698,211,2235.41154
-56.645004,161,2235.756672
-109.27693,425,2237.004108
145.87271,615,2239.456944
-81.36634,190,2239.873402
-128.54567,394,2241.34053
-70.906944,270,2241.995512
-95.49738,257,2242.408756
210.35333,590,2244.095359
101.63914,976,2247.093001
-22.513685,1000,2249.151866
106.385414,900,2251.861446
-192.96829,941,2253.958617
-148.67874,806,2258.599757
-113.609955,249,2259.10291
-133.48653,569,2260.60382
108.68852,841,2262.833918
73.69524,891,2264.944639
-79.821594,216,2265.589491
160.27026,734,2268.277961
-200.53004,617,2270.434807
-134.60886,471,2271.503554
-92.6269,330,2272.805404
125.08132,607,2274.204349
-104.46118,495,2275.425718
-97.658,390,2278.040458
210.52377,470,2279.165451
-104.03629,354,2281.183972
-58.146126,306,2282.053998
152.62285,481,2283.456144
-73.81674,189,2283.805705
-156.06271,660,2286.273647
-97.59681,261,2287.282787
165.4924,548,2288.4057
139.69104,825,2292.19037
-89.72204,189,2292.710149
186.1829,500,2294.365103
169.50429,615,2295.856478
135.17255,642,2298.205419
126.966064,720,2300.91667
-82.27469,167,2302.003427
-13.604586,1000,2305.747313
-102.02482,582,2307.926073
-77.820335,309,2309.949171
-41.740902,1000,2314.827086
-105.2019,1000,2320.677767
-71.5396,1000,2323.691343
57.93713,934,2327.07814
-79.177505,1000,2330.197536
-217.58878,671,2332.621526
-88.65938,175,2333.560478
-157.48553,1000,2337.369747
-200.93428,886,2340.148079
-161.06519,864,2343.418211
-60.977276,1000,2347.100413
-142.20998,628,2348.840403
14.574479,1000,2354.196391
-160.32059,673,2356.04671
-188.49316,515,2358.253366
-122.5585,264,2358.787179
-159.91653,818,2362.576222
-118.4814,560,2364.763484
194.75055,531,2366.778148
174.05421,522,2368.56202
-69.6956,392,2369.548575
129.26897,681,2371.595785
-83.97182,231,2372.210928
-82.323944,350,2373.057644
123.0338,741,2375.207215
116.6057,703,2378.491581
-84.01834,349,2379.995167
-76.46508,501,2381.760796
-143.13116,581,2384.27536
-93.91056,471,2385.475946
138.27397,664,2387.866755
-99.89584,213,2388.701074
-103.51279,310,2389.830305
-104.490166,603,2391.641903
-140.81633,729,2393.662928
-85.60557,197,2394.133462
136.52536,670,2396.223354
79.19769,686,2399.929973
93.12914,998,2403.858475
-66.529,1000,2407.574967
-18.14055,1000,2410.873975
-89.36834,180,2411.255325
-139.88718,418,2413.175182
-143.89713,722,2415.297873
-96.15984,374,2416.232717
-129.01233,485,2417.500652
100.1411,686,2420.815915
-85.22483,142,2421.274524
145.0264,801,2423.89839
-65.35236,301,2425.834362
-101.36161,608,2427.974777
187.00824,532,2430.870127
154.77934,490,2432.283553
219.75327,397,2433.964983
145.45796,432,2434.999329
-42.026844,346,2436.113439
-58.352425,436,2437.420034
144.11981,420,2438.396294
151.81223,502,2440.986448
141.69711,535,2442.276929
176.31772,504,2443.96691
-87.32962,252,2444.669524
-99.40211,322,2446.592715
176.14171,530,2449.806364
-87.25912,482,2450.784137
-118.11517,362,2451.391509
-103.560295,662,2453.454277
-127.839294,600,2455.419184
149.4085,843,2459.598395
-88.676544,1000,2462.546596
-116.19856,1000,2464.671308
-148.30653,344,2465.451939
-230.0483,951,2467.588114
-45.454487,1000,2469.118344
-100.60615,1000,2470.731788
42.04604,775,2471.807809
-71.780235,228,2472.118405
-83.90184,253,2472.457392
121.82636,612,2473.275989
147.55907,656,2474.144686
161.29391,553,2475.013288
-95.440994,411,2475.733361
154.0523,679,2476.805063
86.814865,661,2477.960979
-178.71243,958,2480.856069
-148.8577,723,2481.930139
69.559456,906,2483.388002
-166.67447,782,2484.769219
93.443085,861,2486.128463
-95.24824,186,2486.43294
187.2906,557,2487.290606
-109.54312,561,2488.06768
52.663406,776,2489.223078
-81.61853,588,2490.110603
88.31067,910,2491.756894
-175.7276,633,2492.760921
155.19516,740,2494.041842
-161.23712,588,2495.042564
-95.288345,217,2495.44721
-68.907265,417,2496.119503
-94.58736,156,2496.347474
173.38065,475,2497.059492
-66.462616,202,2497.352936
-40.63128,406,2498.03174
-100.96226,430,2498.683977
-80.57189,256,2499.038629
178.57402,452,2499.702799
-75.02562,208,2500.006282
-100.19926,149,2500.216759
-118.872894,299,2500.649165
-99.79675,318,2501.154266
166.94049,506,2501.990849
180.23575,725,2503.112667
-178.65878,415,2503.73814
-75.504196,357,2504.262281
-91.68763,171,2504.501702
224.32678,445,2505.133924
202.29886,456,2505.770733
160.19844,470,2506.4556
-75.10373,196,2506.730493
-101.86429,448,2507.441975
-104.58409,401,2508.049745
-78.52351,250,2508.440405
218.02142,494,2509.231894
206.06155,476,2509.933918
183.32243,471,2510.640618
-156.8144,456,2512.114672
188.95547,539,2512.901949
-18.287476,440,2513.51509
-86.58634,175,2513.762321
130.60059,567,2514.589548
-92.84446,233,2514.911697
191.6336,574,2515.73401
-113.28161,184,2516.017711
216.98058,538,2516.86975
-87.513016,175,2517.120897
-176.84872,439,2517.767722
154.8818,531,2518.567732
-87.954254,640,2519.551859
-103.56397,281,2519.986694
-80.17208,379,2520.539434
-68.10599,1000,2522.131645
102.70026,940,2523.490909
-199.84091,656,2524.478038
-95.45364,332,2524.969783
39.604553,861,2526.257449
-104.04886,1000,2527.803594
-150.20847,213,2528.115679
-162.27724,310,2528.555177
152.33589,849,2529.781168
105.5335,604,2530.626053
-113.98073,653,2531.621181
-92.64946,248,2531.988325
-74.37454,197,2532.280497
162.55255,756,2533.432876
-207.0721,847,2534.680204
-112.45426,190,2534.983957
-72.37513,1000,2536.646065
-138.04904,482,2537.298682
-90.480934,280,2537.772913
31.79779,1000,2539.457385
-90.84843,424,2540.14389
-73.84444,1000,2541.656355
158.72536,662,2543.795668
-140.9857,526,2544.584466
-97.63992,141,2544.836437
-98.317924,179,2545.114888
-164.1492,522,2545.888405
-19.339556,1000,2547.318042
-174.4714,873,2548.723129
-26.547216,1000,2550.263658
-65.309364,1000,2551.847913
-122.19772,226,2552.208554
-157.16722,345,2552.803337
65.75028,938,2554.395982
-148.0823,577,2555.263655
-32.637207,1000,2556.749921
57.22976,822,2557.983207
108.11759,726,2559.159008
96.9089,850,2561.39891
-137.34004,635,2563.531206
141.96207,731,2565.548
-122.8499,659,2568.214239
-75.81721,194,2568.88798
122.957565,763,2572.324663
-93.12119,667,2574.207271
77.117744,581,2575.369179
-108.29706,742,2577.022563
-59.149223,249,2577.818047
-78.9734,276,2578.740096
-58.288197,617,2580.901711
-271.52466,854,2583.633963
149.17303,844,2585.772879
-103.090485,209,2586.515095
-73.126595,350,2587.330688
128.19,697,2591.153604
-82.263756,433,2592.157438
120.70442,559,2593.87688
-91.63663,186,2594.555686
190.32568,546,2595.97443
-84.88211,333,2596.884207
137.85477,478,2598.478212
149.35233,487,2600.229664
158.5768,432,2601.732299
149.57684,406,2602.898656
201.90787,373,2604.32523
143.50093,409,2605.289805
-45.813133,229,2605.805686
224.54382,341,2606.49948
261.08734,293,2607.65323
-66.41475,259,2608.455823
174.16904,345,2609.799963
214.38571,548,2611.730317
201.65836,292,2612.710079
-45.312412,211,2613.413252
227.82935,270,2614.46866
171.39883,326,2614.975761
-73.06147,218,2616.074264
-52.942654,226,2616.729591
-60.075535,235,2617.917843
187.06682,312,2619.685793
-59.13665,227,2620.502857
0.065322876,268,2621.284824
157.31398,318,2621.956956
174.25468,343,2622.82337
-53.608818,174,2623.143026
-53.658157,171,2623.683825
227.6347,278,2624.329563
157.7079,333,2625.060451
190.7974,301,2626.035159
-86.47542,207,2626.415331
9.084251,248,2627.063695
233.53943,281,2628.695542
-46.092827,180,2629.166855
207.68753,300,2630.600741
211.00543,287,2631.215336
234.6713,310,2632.728871
-17.027367,225,2633.252565
205.05865,343,2634.432997
230.92525,275,2635.476611
-67.316025,252,2636.048302
-114.217415,183,2637.238921
259.6938,252,2637.860851
-57.73904,215,2639.287813
259.84982,351,2640.314614
234.68796,291,2641.725816
178.12971,329,2642.651984
227.21222,358,2643.376826
-70.028015,281,2643.912868
-59.03602,198,2644.351431
238.5623,314,2645.127962
-444.623,148,2645.47956
-90.273315,283,2646.414189
-91.428375,277,2648.518374
-561.8513,326,2650.008601
-73.63103,210,2650.674076
215.0112,313,2651.948424
-92.97804,263,2652.544985
-65.2219,220,2653.59973
-72.892914,189,2654.007265
-90.61719,155,2654.325221
-95.94468,134,2655.373514
-88.94214,201,2655.780586
-137.0292,309,2658.04499
-115.7206,193,2658.797094
-110.896996,252,2660.033637
265.81903,301,2660.853534
-52.834568,181,2661.342948
-86.57358,314,2662.071487
-105.19716,274,2662.807365
3.3858643,225,2663.640203
-22.585236,228,2664.654782
-77.31781,316,2665.860995
-92.44537,189,2666.8412
-20.158234,256,2667.357063
-37.82664,244,2668.814758
188.16754,304,2669.381618
229.12767,307,2670.709983
-99.83773,202,2671.177441
208.07468,306,2671.715724
-53.978844,151,2672.331946
-92.678955,170,2672.825634
-115.12943,269,2673.956385
155.99405,334,2675.217999
-24.495995,124,2675.666227
47.24211,133,2675.941967
242.34691,268,2676.428196
-124.5877,214,2677.401902
-125.68768,270,2678.120734
-44.684322,184,2678.646016
245.33105,330,2679.370157
251.23914,272,2680.022947
-113.53005,245,2680.63377
-52.150322,280,2682.276242
-31.542336,214,2683.379807
164.67874,851,2686.372816
-75.77008,194,2686.747756
248.76208,242,2687.541173
-40.289555,190,2688.127185
-78.289856,298,2689.312295
-74.477455,170,2689.879905
-52.031456,192,2691.059316
-116.07517,228,2691.52398
-75.86181,160,2692.198046
-33.01264,192,2693.619584
-105.97743,125,2694.169646
251.3919,288,2694.844883
-89.75032,239,2696.221901
195.66696,315,2696.984732
201.8719,333,2697.623974
-80.78285,161,2698.015374
223.6705,302,2698.658822
-54.439667,180,2699.119613
-26.694756,237,2699.968803
-111.482124,259,2701.373688
-75.28696,201,2701.937403
245.68881,319,2703.082548
-51.681496,224,2704.303827
135.16577,399,2706.247047
-96.21319,261,2707.3704
261.80408,316,2708.834528
153.65982,338,2710.180776
-87.44459,176,2711.205481
-99.455215,215,2712.309611
-91.33716,231,2712.856305
-92.71642,284,2713.624153
213.57867,292,2715.011919
-63.06853,209,2715.704616
248.95464,344,2716.73222
177.3067,365,2717.464284
-58.098114,255,2718.160401
-76.65586,203,2719.07251
235.08768,473,2721.244122
-52.548065,292,2722.603828
-86.10327,185,2724.117018
178.92218,371,2724.939241
-81.97139,134,2725.703657
-209.58624,699,2728.567716
-137.17001,577,2731.96374
205.01611,538,2733.763698
-66.53836,207,2734.267115
147.2793,753,2735.990638
-45.213467,1000,2738.840507
-107.55989,264,2739.42495
-126.6028,293,2739.950678
-110.10574,144,2740.185652
-109.310715,307,2740.6967
-194.6458,876,2742.120582
170.60266,823,2743.343464
-55.109276,229,2743.662037
-130.82504,1000,2745.143585
-66.73564,1000,2746.632796
91.07206,953,2748.091362
-68.08864,234,2748.426218
-66.59296,1000,2750.031281
103.28431,706,2751.106524
-165.46039,874,2752.43033
-131.25008,392,2753.020685
-55.89612,1000,2754.4527
131.94032,567,2755.262225
-110.50982,283,2755.667864
-156.60982,687,2756.67901
-49.20344,1000,2758.117392
-134.90703,561,2758.907734
-143.91774,264,2759.276057
-112.95122,294,2759.746952
-245.01494,709,2760.892804
146.71434,812,2762.177695
-39.794712,1000,2763.664911
-18.111805,1000,2765.158026
-102.36675,274,2766.459145
-43.80796,206,2766.765501
142.33084,970,2768.196879
-59.949097,188,2768.452407
-68.84408,197,2768.783572
-62.838272,255,2769.13632
-145.38962,239,2769.489301
-56.824608,173,2769.729344
191.301,446,2770.422065
59.711098,961,2771.814659
-66.039444,1000,2773.366164
115.57557,747,2774.553004
-64.99533,148,2774.803082
-60.12183,182,2775.084295
-176.70581,809,2776.315498
-78.353226,231,2776.687455
146.83981,854,2777.949897
192.58127,769,2779.024451
-119.80094,1000,2780.396621
-126.269264,284,2780.787055
-32.712227,241,2781.129098
-50.501663,338,2781.593109
131.96875,510,2782.318348
167.03314,374,2782.822412
-68.75156,180,2783.079731
-146.48817,1000,2784.546177
-81.41065,225,2784.875652
-97.87746,211,2785.167754
-77.12612,586,2785.999064
-160.60867,370,2786.542359
-129.17249,180,2786.798403
-62.218884,189,2787.080862
167.0609,470,2787.781586
-134.52063,310,2788.241257
202.13098,626,2789.120129
-51.231117,184,2789.365373
-134.28577,201,2789.649186
-137.11365,194,2789.927223
-25.37572,1000,2791.352765
150.63689,673,2792.303209
-197.25159,597,2793.133083
-46.474552,222,2793.444358
-144.87643,223,2793.754904
-136.48703,271,2794.136282
120.26119,595,2794.957916
