#{"t_start": 1756072428.2389514, "env_id": "None"}
r,l,t
106.684326,21,2.34318
101.54748,20,2.37216
83.63712,17,2.39077
83.38073,17,2.419418
120.43714,24,2.474624
205.18669,45,3.728304
71.18923,15,4.023794
70.98466,15,4.301673
70.88887,15,4.534141
70.953354,15,4.913135
70.94131,15,5.18546
70.92097,15,5.486029
70.707825,15,5.697679
70.91968,15,6.023552
71.013954,15,6.359247
70.837524,15,6.570536
71.024185,15,6.967934
71.0911,15,7.274449
70.96826,15,7.699003
71.04146,15,8.06698
70.7974,15,8.37792
70.64052,15,8.686393
70.668945,15,8.992755
70.866264,15,9.301863
71.031746,15,9.555052
70.79354,15,9.846186
70.853874,15,10.292266
71.0431,15,10.62638
70.94766,15,10.945278
70.82705,15,11.21094
70.77522,15,11.466417
70.87763,15,11.870152
70.971924,15,12.318411
70.86095,15,12.697294
70.920944,15,13.025707
71.180695,15,13.400832
70.889946,15,13.634479
70.95738,15,13.915267
70.905815,15,14.234943
71.065506,15,14.51925
70.9028,15,14.884134
71.06914,15,15.14987
70.682594,15,15.46859
70.66275,15,15.713996
70.78614,15,15.952196
71.004486,15,16.11336
71.019005,15,16.296031
70.9291,15,16.467137
70.91771,15,16.662887
71.137794,15,16.853501
70.68316,15,17.066637
70.93639,15,17.323156
70.81758,15,17.523797
70.98539,15,17.686851
70.77589,15,17.858458
70.945366,15,18.070861
71.00538,15,18.275274
66.184395,14,18.478621
66.36578,14,18.699079
66.29294,14,18.911077
61.499523,13,19.083904
70.92188,15,19.274863
70.780014,15,19.478294
249.78702,61,20.255593
244.46658,58,21.141037
135.41347,32,21.797571
133.93387,28,22.305069
132.84308,28,22.832047
132.90393,28,23.365023
133.53082,28,23.965832
134.03818,28,24.470346
135.01747,28,24.940299
133.37022,28,25.3413
136.19336,29,25.738854
78.36337,18,25.967164
78.88589,18,26.335414
79.23167,18,26.572515
86.07318,20,26.838661
78.86003,18,27.120825
75.74675,17,27.441478
82.25825,19,27.740498
82.43015,19,27.974909
78.78419,18,28.195524
82.038574,19,28.434113
82.362915,19,28.657926
82.627914,19,28.904408
82.69967,19,29.246931
81.62733,19,29.583098
82.12605,19,30.03315
78.502304,18,30.376531
78.85104,18,30.688835
79.790344,18,30.988859
78.90492,18,31.313063
82.36251,19,31.630764
82.033134,19,32.024473
82.49776,19,32.29307
78.79827,18,32.55518
82.191475,19,32.941059
78.420685,18,33.31161
79.11494,18,33.672069
79.05439,18,34.042667
82.245705,19,34.412858
82.304665,19,34.720723
81.994225,19,35.158464
82.544525,19,35.476458
78.8119,18,35.743853
81.83944,19,36.159549
75.881744,17,36.618709
82.51901,19,36.998424
82.1138,19,37.282015
78.27583,18,37.530888
78.90078,18,37.910022
82.815926,19,38.298978
75.85807,17,38.577416
70.79199,15,38.755818
70.73745,15,38.944173
71.134415,15,39.217054
71.0703,15,39.484257
70.97905,15,39.666673
70.924965,15,39.905353
70.78489,15,40.127798
71.01794,15,40.317663
71.02674,15,40.475505
70.99908,15,40.664582
71.16036,15,40.849216
71.16363,15,41.129136
70.84473,15,41.415185
71.03037,15,41.708867
70.97066,15,42.006987
70.855,15,42.235701
70.917656,15,42.503767
70.90794,15,42.787726
71.0436,15,43.085059
71.23819,15,43.392942
66.04412,14,43.681787
70.97961,15,43.987589
71.14208,15,44.212865
70.85665,15,44.396141
71.172104,15,44.58247
70.79955,15,44.820764
70.94049,15,45.132754
70.70718,15,45.360054
70.90086,15,45.739021
70.95448,15,46.065289
70.779564,15,46.345213
71.20745,15,46.567271
70.790474,15,46.822283
70.74522,15,47.041414
70.835785,15,47.252086
70.826836,15,47.511186
71.07246,15,47.912355
70.88262,15,48.275788
70.84715,15,48.623989
70.868286,15,48.962404
66.230286,14,49.273686
71.021164,15,49.556277
66.42148,14,49.812346
66.23941,14,50.013823
66.177086,14,50.224439
66.34605,14,50.413672
66.33333,14,50.598043
66.25278,14,50.962856
66.3871,14,51.274254
66.372215,14,51.608106
70.881996,15,51.925649
66.162476,14,52.172629
66.26464,14,52.553393
66.22315,14,52.807072
66.32662,14,53.018271
66.20574,14,53.244695
66.05551,14,53.572986
66.16239,14,53.891424
66.16399,14,54.237179
66.16077,14,54.555321
70.98392,15,54.820191
70.88947,15,54.99167
70.90573,15,55.300731
70.867035,15,55.487325
71.03299,15,55.725472
70.876434,15,56.065391
71.114685,15,56.332153
71.12133,15,56.523213
70.81789,15,56.764555
71.067276,15,57.047514
66.04936,14,57.284343
70.99217,15,57.665388
70.82254,15,57.96171
70.81438,15,58.281014
71.11599,15,58.59182
70.677956,15,58.836486
70.79579,15,58.989824
70.939766,15,59.236947
70.994865,15,59.547267
71.12118,15,59.75558
70.81466,15,59.938088
71.00511,15,60.158037
70.768295,15,60.502097
70.71136,15,60.668273
70.684265,15,60.844429
70.77571,15,61.127928
70.91656,15,61.450789
71.06605,15,61.780728
70.89694,15,62.068478
71.00517,15,62.343627
70.79792,15,62.807269
70.85211,15,63.150017
71.01708,15,63.508485
70.97815,15,63.800095
71.011505,15,64.039098
70.82827,15,64.399133
71.18824,15,64.759561
70.906815,15,64.98968
71.02597,15,65.365947
71.06848,15,65.692538
70.87122,15,65.86609
70.957504,15,66.058396
70.85185,15,66.271738
71.12099,15,66.598639
70.95133,15,66.776416
70.83574,15,67.130902
70.819336,15,67.411166
70.9156,15,67.661
70.684074,15,67.995495
70.92357,15,68.305266
71.0675,15,68.484577
71.114525,15,68.720147
70.98039,15,69.031099
70.9478,15,69.33439
71.07323,15,69.653911
71.02359,15,69.921339
71.08391,15,70.129054
70.96926,15,70.487282
70.95466,15,70.782707
113.9581,24,71.251146
132.42354,28,71.830411
104.86388,22,72.406917
119.54042,25,72.897089
113.211105,24,73.445663
104.556305,22,73.88885
119.241714,25,74.347144
119.2158,25,74.862757
113.47481,24,75.234157
109.50258,23,75.568421
113.82947,24,76.034789
118.12932,25,76.482391
110.01981,23,76.892988
110.19308,23,77.427264
110.17501,23,77.954541
104.88614,22,78.475235
108.805916,23,79.010065
118.3478,25,79.624758
122.43867,26,80.191504
123.34742,26,80.856657
122.72887,26,81.300708
109.53578,23,81.710466
109.407234,23,82.229285
127.7626,27,82.848149
109.54018,23,83.241938
108.60021,23,83.701342
109.04383,23,84.239737
131.74413,28,84.855942
123.3543,26,85.511432
127.44962,27,86.158275
114.633675,24,86.738833
104.7676,22,87.227453
100.17325,21,87.671741
109.75435,23,88.102057
114.17317,24,88.484123
104.818275,22,88.815736
110.17741,23,89.394689
114.63876,24,89.976668
114.28062,24,90.506859
144.9009,31,91.177664
126.85625,27,91.556901
105.13215,22,91.815642
114.44887,24,92.100443
139.96432,30,92.676641
142.32426,30,93.471158
128.28831,27,94.115922
105.24427,22,94.558233
132.57188,28,95.008049
114.67471,24,95.389034
131.58934,28,95.897233
105.32675,22,96.202844
105.09331,22,96.560828
108.501366,23,96.850843
100.23589,21,97.155681
118.693375,25,97.524081
132.43661,28,97.938659
127.04622,27,98.295661
122.5815,26,98.734757
109.33204,23,99.2182
109.613914,23,99.596104
113.7418,24,100.126875
105.606834,22,100.586092
114.2115,24,101.161293
105.15485,22,101.632488
105.03964,22,102.147864
105.59758,22,102.762139
109.83462,23,103.254668
110.06278,23,103.885924
122.08043,26,104.337569
114.55019,24,104.980109
101.89027,23,105.519167
94.92813,21,105.977396
82.733055,18,106.294552
112.723785,26,106.975991
119.25922,28,107.688666
118.9799,28,108.38809
114.46542,27,109.044854
123.14112,29,109.736985
115.245926,27,110.351912
126.733574,29,110.713717
118.9961,27,111.048738
118.52312,27,111.498047
101.491806,23,111.992318
101.956696,23,112.483096
102.25156,23,112.940788
109.94481,25,113.501657
93.04383,21,114.00923
101.75232,23,114.524778
114.06812,26,115.110615
114.49472,26,115.609729
118.75774,28,116.404814
119.60392,28,117.06431
118.666435,28,117.805063
121.95858,29,118.314262
114.72947,27,118.757372
135.27284,33,119.621119
143.83784,35,120.053044
142.28088,34,120.510136
132.87254,32,120.875514
137.12978,33,121.306823
164.5754,39,121.849101
168.37466,37,122.598323
161.13869,35,123.473784
145.09053,31,124.251091
179.02869,39,125.200217
177.08357,39,126.04808
253.86894,52,126.914089
250.5799,51,127.580922
242.34583,50,128.416336
235.20949,49,129.402263
259.11438,53,130.480857
280.13095,59,131.635465
272.2631,57,132.355597
280.32117,58,133.576079
257.0721,55,135.042122
274.22922,56,136.335226
289.96042,59,137.658016
271.24097,55,138.889309
296.04895,60,140.045265
270.68628,56,141.381112
190.22357,39,142.484147
247.71703,52,143.618213
217.34846,45,144.345712
249.00877,51,145.624434
252.20403,52,146.650646
241.26788,49,147.404184
201.12872,42,148.236077
193.16931,40,148.819935
216.57523,45,149.959674
166.68692,35,150.672696
224.25061,47,151.389741
260.59528,54,152.379524
206.05373,43,152.959081
228.94301,48,153.634117
187.3387,40,154.241892
191.49811,40,154.89504
211.1427,44,155.865897
194.45923,41,156.669789
215.37805,46,157.739126
219.38583,46,158.753657
214.81013,45,159.649588
184.7729,39,160.461826
227.0998,47,161.249664
173.03058,36,161.938262
222.25304,46,162.840429
200.52925,42,163.88717
217.8555,46,164.943203
222.93813,47,165.974535
249.50032,51,167.121098
226.39151,47,167.986978
200.31996,41,168.822072
201.45996,42,169.888324
245.38322,51,171.112043
229.3841,49,172.113117
195.41573,41,172.720319
212.46262,45,173.301271
238.95175,49,173.845419
231.30621,48,174.444465
170.79752,35,175.204234
239.02257,49,175.974625
217.9463,46,176.692577
193.80751,40,177.528505
177.48143,37,178.259344
231.41754,48,179.244858
243.78394,51,180.283565
205.86938,43,180.883307
232.11885,48,181.599155
237.00986,49,182.25232
208.12346,43,182.85482
228.9903,47,183.951501
245.20013,51,184.977119
198.49019,41,186.017536
223.89822,47,187.062588
204.35544,42,188.025828
210.69717,44,188.822759
189.10591,40,189.402463
256.36264,54,190.484782
282.3866,59,191.613507
316.20862,64,192.87398
290.93613,62,193.882283
303.32584,62,194.9478
288.81757,60,196.313998
268.34665,56,197.510063
243.33992,51,198.587917
291.15323,60,199.782531
283.60623,59,201.138644
313.2395,64,202.122833
283.33167,57,203.187423
261.73755,55,204.312048
302.5224,64,205.307627
250.38898,52,206.115978
279.56738,57,206.98799
287.01846,60,208.221472
294.15228,60,209.490472
281.9496,59,210.86334
271.54398,57,212.014194
248.01851,52,212.728311
279.1533,59,213.641498
258.1411,53,214.763295
265.7259,55,216.156963
260.51102,54,217.235557
296.86755,60,218.44693
270.29102,56,219.643501
295.69873,61,221.162424
249.17487,53,222.322765
309.6659,65,223.634215
260.6558,53,224.881976
253.90553,52,225.788104
281.48834,56,226.895055
250.10167,52,227.958876
251.95227,53,229.080691
259.49316,56,230.260829
268.8809,55,231.198234
259.2824,54,232.442897
263.76733,56,233.564515
271.4809,56,234.382158
222.60413,47,235.366312
247.91261,51,236.137821
288.63867,59,237.036207
308.7661,62,237.940644
277.05157,57,238.768214
277.06757,58,239.846963
284.3443,59,240.817813
275.7425,56,241.763593
261.86176,54,242.965228
287.09616,60,244.071855
296.3511,61,245.430486
241.65828,51,246.268553
268.69443,55,247.315869
280.0354,60,248.569206
289.76956,58,249.660372
251.52115,53,250.331101
247.28305,53,251.080904
335.33035,68,252.520201
260.36057,53,253.607903
272.1836,56,254.67436
254.50505,52,255.818071
261.456,55,256.79053
285.67316,58,257.657071
239.03938,50,258.649056
281.89697,58,259.722348
276.79648,57,260.844649
290.21487,59,261.822045
243.17195,50,262.674097
270.25006,55,263.818325
241.20229,51,264.657444
254.03004,52,265.567251
242.07704,52,266.443843
251.07256,52,267.508115
252.68903,52,268.596224
280.59744,57,269.700332
258.44678,54,270.859965
267.51328,56,272.033619
298.34253,61,273.184296
265.88376,56,274.004594
251.19388,51,274.832041
266.0047,57,275.680633
247.9846,52,276.662565
307.27725,66,278.048416
266.99194,55,279.196105
280.0589,57,280.305935
264.7762,54,281.078065
290.35886,60,282.207891
304.8371,62,283.445951
258.81467,55,284.755944
281.74716,58,286.124275
275.1555,58,287.373266
258.37628,53,288.611819
300.6239,63,289.530409
233.02695,49,290.37544
266.81915,56,291.630553
274.3182,57,292.897281
248.31589,52,294.068143
289.57886,60,295.342169
289.0721,60,296.311214
278.45428,57,297.543224
275.32785,56,298.416917
311.1935,65,299.871452
276.24628,57,300.753481
261.88965,56,301.766568
301.80502,65,303.003493
280.07748,57,303.788206
268.8521,55,304.887053
257.52792,53,306.018596
289.84485,60,307.179426
269.4366,54,307.91939
331.86902,68,309.233565
273.20917,55,310.054848
299.84802,61,311.354382
340.8512,68,312.894396
272.4091,55,313.784064
273.55234,56,314.771427
253.40556,53,315.55706
315.53976,65,316.663275
311.34906,65,318.101954
247.66666,52,319.185633
258.46814,53,320.220258
287.14407,58,321.543973
244.59401,50,322.621559
274.20703,57,323.86273
235.01143,50,324.864931
269.92538,57,325.888135
272.54092,56,326.648089
250.88115,53,327.455463
241.9179,51,328.360957
279.6277,58,329.384902
273.3353,58,330.523136
255.9619,53,331.2884
248.43784,51,331.928559
278.01044,57,332.808444
243.0995,51,333.657353
253.2508,54,334.619212
243.9245,51,335.36862
256.13943,53,336.236284
238.1372,50,336.932575
287.14746,60,338.186793
251.5933,52,339.198495
280.86642,60,340.280923
267.79172,56,341.34687
298.78302,61,342.436661
255.94603,54,343.634317
261.97372,54,344.760038
253.21086,52,345.792648
283.00223,59,346.74359
243.23177,49,347.793223
281.53705,59,348.70344
253.23459,53,349.574276
237.20139,50,350.598194
244.82701,51,351.683829
287.9596,59,352.929127
274.19214,56,354.343206
260.87305,54,355.610881
274.50943,56,356.699823
293.38953,60,357.82339
272.21674,55,358.586158
263.0931,55,359.328434
288.99222,61,360.407937
278.27124,58,361.402056
253.17442,53,362.296201
280.73798,58,363.269821
287.4246,59,364.675442
294.92725,60,366.044683
266.16574,56,367.203693
289.4062,59,368.450302
255.0245,53,369.414564
272.344,57,370.531538
262.59216,55,371.602925
242.19148,51,372.652876
299.24948,62,373.5075
249.7904,53,374.187933
275.6675,58,374.991154
260.67804,53,375.884935
273.28918,57,376.873357
268.1276,55,377.73666
265.46835,55,378.545624
291.9828,61,379.480333
368.41895,75,381.112354
328.32376,64,382.40019
309.44238,64,383.315089
276.3821,58,384.223588
289.40634,60,385.246269
254.44896,53,386.349038
309.52768,63,387.383951
314.92642,63,388.594571
286.3641,58,389.672958
289.1009,60,390.848513
306.56497,62,391.829703
288.1442,62,392.955387
286.09708,59,393.866388
282.46713,58,395.017779
292.24097,59,396.482347
301.54623,61,397.880041
332.82294,68,399.003531
311.4527,63,400.121333
288.95963,61,401.287417
381.87445,79,402.407444
374.29672,76,403.459967
301.54614,62,404.320764
331.71942,66,405.206439
313.20444,64,406.13739
331.1447,67,407.042104
320.57126,68,408.128479
307.4004,62,409.212662
322.8518,66,410.184332
320.10196,67,411.511736
277.58893,56,412.787632
289.65613,60,413.769574
297.95755,62,414.576964
298.83954,61,415.925928
319.37766,67,417.441856
320.63232,68,418.878562
287.532,58,419.809144
360.31918,70,420.900358
290.10117,58,421.843301
315.67386,66,422.873418
297.48996,63,423.788499
329.87613,67,424.737556
300.96603,62,425.6183
309.4224,62,426.938265
272.11227,57,428.180122
341.24258,70,429.56816
297.6133,62,430.789282
326.02808,68,432.160709
335.91,66,433.257379
317.9222,64,434.584153
357.53207,70,435.893705
299.7348,63,437.00314
335.71848,67,438.159874
341.65915,69,439.561421
295.7745,62,440.631779
317.4162,66,441.681396
287.6225,59,442.87517
309.21695,64,444.091528
290.59796,59,444.942312
333.2299,66,446.265174
339.4016,67,447.679639
340.3152,69,448.911819
299.34872,63,449.977493
282.71738,57,450.967962
333.31305,69,452.116667
357.55365,72,453.162645
292.81024,63,454.062102
269.44034,55,455.166814
297.95718,60,456.508318
335.14517,68,457.425289
306.701,62,458.512667
310.4696,64,459.657466
292.55215,61,460.746631
338.44647,67,461.939997
287.1845,60,463.306635
300.98776,62,464.400575
311.25952,62,465.483692
277.8058,58,466.838324
310.7734,66,468.23939
283.30673,59,469.546995
296.8014,59,470.680053
280.85703,57,471.736561
342.67578,70,473.186788
310.6493,64,474.48211
286.89777,58,475.336072
286.21176,58,476.3308
317.44986,65,477.581017
334.34552,68,479.056486
318.99475,64,480.486838
287.64127,59,481.736292
258.1958,54,483.205083
308.46854,65,484.417964
294.1604,60,485.711515
285.52277,59,486.741295
327.1549,67,487.804533
304.02847,62,488.833061
259.4663,54,489.822416
294.31607,59,491.055539
292.60162,60,492.196246
290.71173,62,493.414619
284.80588,61,494.707377
328.58734,65,495.855257
337.1417,66,497.271999
300.4473,61,498.532711
334.3427,67,499.791818
319.70303,67,501.281179
299.5885,62,502.66541
283.91507,60,503.90472
339.2629,70,505.299635
355.35825,70,506.55597
320.6132,64,507.429716
301.36005,62,508.476224
274.1532,56,509.666127
321.61194,65,510.964054
352.7252,69,512.248232
307.88385,64,513.596478
290.70892,61,514.606426
330.00906,66,515.958195
333.44922,67,516.911866
296.64032,60,518.313313
323.95358,67,519.597257
315.30508,64,520.947984
361.84097,73,522.360597
299.3683,60,523.192323
365.613,73,524.435055
304.35754,63,525.73019
287.0736,58,527.009377
284.53867,60,528.413727
310.92032,65,529.793341
304.5528,62,531.132418
292.904,59,532.461637
335.8634,70,534.13899
324.3119,65,535.438308
349.58182,69,536.924582
373.95325,72,538.691406
314.1236,66,540.061893
416.00854,80,541.264106
359.8658,71,542.763297
327.1699,64,544.20941
351.017,69,545.300262
301.9924,63,546.195926
335.88693,66,547.46791
347.95514,67,548.657113
348.04938,67,550.269135
337.7386,66,551.588325
408.05206,78,553.297793
376.1379,72,554.735799
360.60287,69,556.382759
371.92386,71,557.943948
386.23428,73,559.096225
343.99384,67,560.070247
355.4915,68,561.050085
359.2574,71,562.61424
321.22983,65,563.994764
312.71252,62,565.341485
297.13812,59,566.222036
356.92105,73,567.851034
371.5854,71,569.353072
351.7611,72,570.736571
406.56387,79,572.245396
364.4652,69,573.695673
369.7599,74,575.041476
350.80658,69,576.46564
310.01874,61,577.539475
371.48276,71,579.082085
291.44302,60,580.400086
339.97626,67,581.738168
364.3391,69,583.056485
368.388,73,584.633265
405.47906,79,586.290587
339.42233,69,587.634684
382.17126,73,588.975016
309.45865,62,590.257974
365.6216,70,591.528788
420.06277,81,592.985304
437.101,86,594.814431
362.46994,73,595.991937
322.22577,66,597.210167
310.79922,65,598.36905
320.27972,62,599.708838
351.12036,69,601.131553
305.5176,61,602.428912
333.2163,65,603.446546
391.11182,77,604.665016
318.75696,64,606.105625
346.67508,67,606.953506
371.15964,71,608.176452
331.58023,67,609.304031
312.91928,62,610.916936
294.74457,61,612.254878
337.5841,65,613.633186
381.68155,75,615.331796
349.9135,72,616.798451
375.6325,72,618.018548
317.45572,63,619.441206
377.0895,76,621.088799
276.68823,58,622.391433
397.50943,76,623.55271
337.30038,68,624.943401
342.5544,70,626.550677
287.9632,58,627.872157
324.87668,63,629.15765
402.33673,78,630.624353
318.44177,62,631.717932
328.27945,67,632.959601
283.93854,57,633.6935
360.92084,71,635.022968
290.78613,60,635.917414
304.55743,62,636.894913
354.20322,71,638.011953
356.99243,69,639.445848
355.33398,68,640.845379
419.8695,81,642.079764
373.10977,72,643.371771
340.53345,67,644.689288
337.00354,65,645.861568
291.5238,58,647.158963
320.58505,65,648.648565
340.3274,65,649.726235
357.76642,75,650.894219
355.7996,70,652.062745
417.56125,83,653.520966
345.61514,67,654.730346
326.4856,64,655.680399
361.87582,73,657.27565
332.2822,66,658.303301
407.2725,81,659.443881
352.81232,71,660.41753
386.55612,79,662.060991
379.84653,75,663.301245
359.21622,72,664.808275
417.82632,87,666.670363
365.53876,75,668.492058
362.79388,74,670.276064
359.23758,73,671.898737
462.5281,92,673.950079
391.51532,81,675.507083
421.9384,83,677.139933
373.30664,75,678.193898
322.29086,64,679.26474
361.71518,73,680.946526
482.18292,95,682.764432
318.01205,66,684.10424
401.63666,82,685.265528
371.73907,74,686.567302
356.01715,70,687.709013
357.3282,70,689.092683
348.6323,75,690.587498
444.1254,93,692.27231
353.56876,75,693.816003
324.18427,65,695.252745
349.12424,70,696.736976
320.1634,67,698.313303
385.02704,74,699.961888
311.0754,61,701.150992
416.10675,80,702.39153
356.79547,73,703.912596
347.62363,69,705.560471
370.77176,76,706.916397
326.30734,66,708.548986
338.49973,69,709.871235
399.46576,76,711.499995
356.7589,69,713.089831
406.44852,79,714.807597
340.71225,66,715.845197
332.26953,66,716.872179
332.59415,67,718.289252
363.55222,73,719.364262
348.77625,70,720.871847
428.3787,82,722.529554
309.84726,64,723.654905
334.49503,68,725.207449
340.47397,66,726.602274
316.1822,63,728.046517
344.25867,67,729.473156
400.1742,79,730.702162
306.60266,61,732.135183
348.40448,69,733.718876
328.0447,64,735.006328
324.56177,63,736.089355
314.1357,62,737.812958
316.9919,62,739.141486
371.95453,72,740.489468
365.5073,73,741.7834
342.1845,67,742.895708
326.15558,67,744.282417
344.3311,68,745.381571
333.73615,66,746.754906
339.11682,67,748.048894
352.74228,72,749.592205
379.67212,74,751.261909
316.09454,65,752.795984
367.74908,70,754.222196
361.14786,71,755.737302
348.66617,67,756.907371
389.19528,74,758.003032
381.91577,73,758.987042
375.39554,72,760.08916
319.67795,66,761.029054
327.84735,63,762.421617
339.9677,66,764.04242
328.08566,67,765.529822
373.68054,74,766.895214
353.7192,70,768.218314
326.58987,64,769.602087
307.00592,62,770.790923
371.745,72,772.262909
379.68216,73,773.329429
342.3456,66,774.796724
354.91705,68,775.84874
336.85977,69,777.088012
330.46802,66,777.983265
362.5488,73,779.25161
343.86142,70,780.661052
333.61996,65,782.15885
310.31143,64,783.214056
329.8753,64,784.318616
325.5958,66,785.628363
352.006,68,787.207286
407.3242,81,788.445445
299.36993,59,789.226757
365.6796,72,790.264393
334.052,65,791.113871
306.9646,61,792.081667
331.36417,65,793.512305
347.3415,67,794.587772
379.97205,74,795.674817
312.887,61,796.588531
346.32404,68,797.811829
297.8694,60,798.862595
363.56833,74,800.608958
378.0475,73,802.235678
316.56158,63,803.397273
317.7149,62,804.445619
308.0202,63,805.847584
349.71677,68,807.083174
374.49722,73,808.502727
305.99167,61,809.652805
386.4067,78,811.192808
398.0978,79,812.407118
347.18207,70,814.03988
354.66187,71,815.656789
353.42596,68,816.959049
329.94824,67,818.330291
448.38855,90,819.57154
430.42862,84,821.349838
386.613,75,822.586555
379.8211,73,823.818102
331.01837,65,824.758768
377.63007,73,825.939017
319.38922,66,827.545891
354.6546,71,829.058466
340.14734,66,830.207947
368.73148,71,831.639051
373.9073,73,833.258452
416.53546,85,834.685935
423.6013,84,836.610112
311.37036,62,837.575238
317.53085,62,838.903766
304.71625,63,839.813437
314.05096,63,841.321628
406.1521,79,843.146228
327.77097,64,844.90366
344.9237,68,846.42135
397.55908,76,847.77475
314.43256,62,848.782841
356.87012,72,849.77086
353.5621,71,851.126605
351.36694,68,852.641649
381.24475,77,853.818692
325.51453,64,855.208634
384.0224,74,856.449923
306.7321,63,857.573966
366.9532,72,859.100757
374.77505,73,860.771037
341.98312,69,862.137564
371.6991,72,863.371271
405.24493,78,864.817178
353.05194,72,865.940063
362.59296,70,867.06368
353.21484,69,868.809067
303.10068,63,869.858505
363.32272,70,871.719195
319.03424,63,873.156865
377.13284,72,874.917217
360.3411,70,876.583698
319.76987,64,877.980929
351.27188,68,879.364643
340.8602,65,880.583487
383.52252,75,882.102452
397.44696,78,884.042577
347.01266,69,885.660033
314.17245,61,886.885986
343.0068,67,888.398067
316.37415,63,889.464557
314.3922,61,890.42479
343.7137,66,891.720693
393.55518,78,893.403925
349.01144,68,894.652463
313.78125,63,896.045334
310.6687,61,897.402688
306.46518,62,898.698828
287.5908,57,899.736134
356.04773,69,901.223838
335.38763,66,902.665394
305.25784,60,903.839978
355.31854,69,905.453756
387.08542,75,906.734382
300.87747,61,907.871315
314.7874,62,908.92337
347.86005,68,909.880958
336.08408,66,910.890417
298.6023,60,911.836062
370.2756,72,912.827541
317.8963,64,913.672386
342.27713,70,915.083694
283.8559,59,916.265401
341.5671,67,917.348823
293.71408,58,918.410686
335.6117,68,919.859753
323.6886,67,921.255991
327.82947,65,922.524943
320.5973,64,923.924363
401.41666,79,925.202793
306.57623,61,926.200424
301.3066,60,927.059896
323.035,66,928.293049
297.22064,58,929.697289
344.89954,66,930.936325
329.01633,65,931.904991
354.29,71,933.409675
352.8221,69,934.840984
334.9542,65,936.272373
359.20587,70,937.367743
319.29797,62,938.491056
361.5981,72,939.914868
327.4091,65,941.401529
347.42703,69,942.697115
323.62924,67,944.290137
335.2156,66,945.756773
329.19495,65,947.095392
337.90234,67,948.620423
409.85275,81,950.185696
343.345,66,951.33938
299.90784,59,952.560263
339.03656,67,953.882871
353.58557,74,955.346628
361.77277,74,956.546007
311.84387,65,957.882157
390.35913,77,959.205376
276.82812,59,960.434563
362.80475,74,961.681417
337.81314,69,962.991493
362.67654,73,964.064613
345.36102,66,965.588563
317.5828,66,967.007156
325.54813,66,968.118416
313.47235,63,969.261895
359.8794,73,970.641186
338.13068,68,971.70098
343.246,67,972.829548
314.33963,64,974.351299
360.43204,73,975.74782
311.64328,64,976.662145
290.6177,58,977.615844
343.68433,67,978.740038
332.19016,66,980.345992
318.6147,65,981.619342
284.66754,58,982.961117
313.29425,62,984.462749
362.15942,73,985.968783
281.55066,58,987.419328
324.91626,64,988.874179
319.9822,64,990.319988
323.19785,64,991.353024
303.88824,60,992.504084
356.4616,73,993.718432
392.70712,78,995.383729
292.1601,58,996.511883
331.44583,66,997.890751
314.445,65,999.01944
392.54596,76,1000.72194
348.7935,69,1001.989514
310.7442,61,1003.380109
394.5468,82,1004.905013
321.43478,64,1006.228498
303.63885,63,1007.284749
336.39893,66,1008.516689
315.113,65,1009.671169
338.22852,70,1011.302907
300.21484,60,1012.182052
325.8973,64,1013.359827
343.32477,69,1014.8447
370.44666,78,1016.806235
314.76712,62,1018.511389
316.26593,63,1019.704286
312.51022,62,1021.05684
301.714,63,1022.473808
378.2103,78,1024.975661
293.06223,60,1026.10149
374.818,75,1027.215941
365.80078,71,1028.190754
298.21222,61,1029.614936
329.2992,66,1030.789861
348.619,68,1031.937456
337.11972,66,1033.475507
306.49207,63,1034.763785
280.81415,56,1035.93151
279.3622,57,1037.213908
310.18524,63,1038.507256
332.50778,67,1040.033035
355.72327,68,1041.450316
331.81195,65,1042.412415
336.94714,70,1043.99591
422.55685,84,1045.880222
331.6678,67,1047.105165
310.2484,62,1047.925248
366.11697,74,1048.901754
306.86172,63,1050.071368
345.02176,70,1051.797824
309.8848,64,1052.935022
296.69812,62,1053.811804
381.82794,77,1054.926077
330.673,68,1056.492085
365.25937,73,1057.980935
334.34012,65,1059.500925
362.49313,72,1061.248981
347.9174,68,1062.507863
342.40735,69,1063.942403
336.08206,66,1065.22314
299.05142,61,1066.322931
327.76337,66,1067.683478
341.38342,66,1069.182363
323.0369,67,1070.182914
372.9426,75,1071.323787
381.41864,75,1072.501211
360.16583,71,1073.763903
319.46194,63,1074.82647
343.64908,68,1076.404206
336.45105,68,1077.680179
380.04846,73,1079.163263
286.91266,59,1080.315595
319.95908,63,1081.577033
304.69836,64,1082.539966
328.6516,65,1084.033851
336.9859,66,1085.289528
383.37375,74,1086.622233
345.2033,67,1088.076722
320.30548,65,1089.359262
339.60184,67,1090.415821
354.88382,69,1091.96725
321.29584,65,1093.166771
312.128,62,1094.264144
338.42108,69,1095.686256
354.9321,73,1096.934413
312.797,63,1098.14901
339.053,68,1099.754196
354.81543,72,1101.451797
321.49075,66,1102.739072
292.82196,59,1104.039136
302.50647,62,1105.405059
329.25977,64,1106.438483
357.78918,74,1107.597469
298.65417,60,1109.031515
379.14352,75,1110.798163
324.44214,66,1112.5487
347.6574,70,1114.205283
402.96997,77,1115.76662
346.7571,67,1117.148087
340.06757,67,1118.648439
344.983,67,1120.463081
327.68222,66,1121.791077
314.22177,61,1122.926707
318.08176,66,1124.566372
344.79974,69,1126.274326
360.44107,70,1128.111822
320.8049,63,1129.698623
304.35968,62,1130.963298
314.81567,63,1132.344775
337.42474,67,1133.645061
344.57178,66,1134.846006
375.2876,74,1136.537113
303.1792,61,1137.482032
318.8695,63,1138.646459
336.62427,67,1139.70083
299.71835,59,1140.819101
299.48306,59,1141.783953
340.13315,68,1142.904733
366.59036,71,1143.881323
328.40698,67,1145.00214
294.27194,59,1146.163589
311.48578,64,1147.481297
350.95273,71,1148.726399
352.63303,71,1149.97047
289.73514,57,1151.017326
368.1851,71,1152.064
344.73,70,1153.797636
303.71252,60,1155.263808
368.45563,71,1157.026652
321.0972,63,1158.246841
402.64642,79,1159.741646
281.70163,56,1160.687112
306.14874,63,1161.478863
340.4429,66,1162.512222
364.52557,72,1163.666142
352.74084,68,1164.920811
316.83606,62,1166.065773
354.20312,70,1167.624377
349.2147,69,1169.050586
420.22574,83,1170.448171
354.48282,69,1171.627812
359.00854,72,1172.766625
332.78586,68,1174.172892
364.4625,69,1175.117965
345.12805,68,1176.761616
328.3418,65,1178.474435
311.1262,63,1180.158539
407.06186,78,1181.998695
344.0052,70,1183.741673
344.4186,67,1185.15484
324.83856,67,1186.718385
303.6362,61,1188.292983
353.98535,70,1190.308989
367.19788,72,1192.070487
345.38712,71,1193.523158
357.5939,69,1195.131943
336.02988,66,1196.612195
342.64627,68,1197.806087
322.80444,65,1199.332714
294.2403,59,1200.885177
320.05783,64,1202.62837
324.24683,65,1204.196181
336.10696,68,1206.281938
380.59644,75,1208.297863
321.27203,66,1210.152481
328.33154,65,1211.909568
340.43088,71,1213.857701
338.95483,68,1215.484426
361.4745,72,1217.169376
305.8026,61,1218.641336
375.16763,73,1220.14891
334.20877,66,1221.57583
364.03915,73,1223.404022
355.0542,68,1224.795221
393.5085,76,1226.139376
309.3284,62,1227.858409
368.75558,75,1229.693194
339.64136,66,1231.369496
393.13715,77,1233.296744
320.02722,64,1234.94849
358.87967,70,1236.508059
315.13187,61,1237.945797
325.10147,66,1239.431989
349.45605,69,1240.872683
354.58087,73,1242.341198
351.7777,68,1243.697276
364.7422,73,1245.644646
362.60144,73,1247.359261
399.90787,78,1249.106556
355.9672,68,1250.521997
304.86374,61,1251.636916
314.22537,65,1252.738688
380.4033,76,1254.288828
350.26276,71,1255.813572
355.24356,69,1257.174502
314.2583,63,1258.420757
310.61786,64,1259.624661
330.38464,66,1260.643745
371.71475,76,1262.070182
330.04376,66,1263.300366
307.11472,63,1264.399314
303.34244,61,1265.377956
320.09753,67,1266.956023
298.02505,58,1267.836749
342.888,66,1268.809291
314.18732,63,1270.207384
400.87784,78,1272.021313
333.66922,69,1273.588928
338.05072,65,1274.709644
349.54715,68,1276.037554
312.1879,65,1277.190147
341.8385,67,1278.461298
339.95132,66,1279.694856
340.89975,66,1280.79212
309.73642,62,1282.014775
388.87708,80,1283.904208
300.89166,62,1285.020768
331.98804,64,1286.186099
328.83725,66,1287.418138
323.4368,65,1288.399406
421.0643,84,1290.005197
323.07455,65,1291.554444
340.28168,66,1292.884348
418.99902,85,1294.757627
282.51813,58,1296.224965
320.76837,64,1297.708663
346.7374,69,1299.127419
357.7114,72,1300.350952
346.56815,71,1302.037337
375.16788,73,1303.28158
333.29077,65,1304.618984
336.57333,67,1305.918863
318.69,66,1307.377152
373.26718,71,1308.779311
319.6473,64,1310.19613
328.727,65,1311.708826
300.999,60,1313.16978
346.17523,69,1314.644193
397.958,79,1316.652464
348.37714,67,1317.982835
350.84125,68,1319.267016
353.60706,73,1320.639797
369.5781,72,1321.777935
354.4833,68,1323.063798
367.39996,75,1324.434988
402.50067,77,1325.672738
339.23892,67,1327.2833
368.8066,71,1328.42963
339.02628,66,1329.423149
326.75623,63,1330.611349
369.4829,74,1332.34007
344.73212,68,1333.821756
370.3353,74,1335.358442
353.82364,70,1336.768696
321.6868,63,1338.2081
347.0915,69,1339.687757
374.61023,72,1341.116481
336.2734,65,1342.688642
318.11652,62,1343.961911
354.95132,68,1345.718924
326.36075,64,1346.889949
323.25012,65,1347.84235
384.95358,76,1348.979153
412.57642,80,1350.433103
332.62454,65,1351.95836
319.9099,65,1353.094442
357.51016,71,1354.484713
318.93628,62,1355.719913
367.058,74,1357.245058
353.62122,68,1358.278754
339.3616,66,1359.771958
335.2122,64,1360.973834
323.96582,63,1362.361734
339.10632,68,1363.672349
377.9103,74,1364.955605
338.14975,65,1366.34372
366.68903,71,1367.989619
395.39212,75,1369.977266
404.73526,77,1371.230785
424.57123,82,1372.849178
299.97665,61,1374.196758
448.67822,88,1376.207088
352.9626,71,1377.647844
371.28793,73,1379.11232
440.04306,84,1380.818515
323.55087,63,1381.724367
341.68835,67,1382.793243
337.2924,66,1384.093053
329.3647,64,1385.428625
364.74033,69,1386.82911
406.62714,80,1388.402403
322.81845,62,1389.575445
375.05154,71,1390.669719
385.4831,76,1391.777355
355.17697,68,1392.803308
336.99817,65,1394.183437
343.8832,68,1395.476342
335.59888,66,1396.592201
326.64026,64,1398.125571
361.25192,69,1399.288345
389.10852,74,1400.445406
340.03906,66,1401.62261
407.12646,80,1402.934897
346.6074,67,1403.992527
350.41806,67,1405.282617
359.4264,68,1406.407499
351.30865,67,1407.773372
336.30893,65,1409.310433
355.6898,69,1410.672632
298.39844,57,1411.675749
348.9536,67,1412.958909
420.93155,83,1414.416444
329.0708,63,1415.400025
384.94064,73,1416.530844
325.5702,64,1417.671166
362.57346,69,1418.765046
354.54755,68,1419.792623
305.27603,59,1420.858526
349.82016,67,1422.189195
333.34366,64,1423.531705
371.83255,72,1425.139776
353.12296,68,1426.368087
336.23306,65,1427.593631
375.74277,72,1429.154625
311.20932,61,1430.44556
376.53235,73,1431.834963
349.4176,68,1432.909302
361.233,72,1434.365639
383.168,75,1436.432563
360.9657,70,1437.57999
361.28363,69,1438.593231
345.301,66,1439.55038
329.40546,64,1440.562482
356.65234,69,1441.725046
359.08664,69,1443.217137
402.78275,77,1444.818201
406.4075,80,1446.457692
332.426,64,1447.712377
372.25534,71,1449.166484
374.16342,71,1450.501641
374.94455,73,1452.548547
344.30252,69,1454.196947
345.8424,67,1455.474119
360.12442,69,1457.016635
370.5136,73,1458.743468
336.5185,65,1460.373793
434.4985,85,1462.335927
371.18698,72,1464.004044
316.39917,62,1465.26285
348.06564,69,1466.71505
341.67914,69,1468.185866
343.1135,69,1469.630306
372.1106,71,1470.748926
354.76236,72,1471.709509
403.91916,79,1472.998982
319.36432,64,1474.120239
426.1956,84,1475.457399
313.78305,62,1476.469584
372.67462,72,1477.665743
363.67007,70,1478.691201
384.1241,76,1479.768202
338.053,67,1480.840547
396.9305,78,1482.046166
344.9139,67,1483.597802
335.79474,66,1484.744523
351.45474,70,1485.971115
379.104,75,1487.321796
367.63202,71,1488.628501
356.33334,72,1489.913891
342.903,68,1490.947533
370.1038,74,1492.414925
351.9764,70,1493.917485
326.558,65,1495.104347
340.3895,66,1495.969621
376.48022,72,1497.352232
364.90936,72,1498.663922
354.99887,67,1500.134382
337.16162,65,1501.444071
368.06357,71,1503.031247
392.29617,77,1504.850911
359.74118,68,1506.268096
333.70886,65,1507.677164
386.48425,74,1509.21332
312.4878,61,1510.273708
343.06818,65,1511.228359
348.32483,67,1512.370926
404.1092,79,1513.641317
380.4014,73,1514.950583
389.34436,77,1516.402454
362.84888,69,1517.797867
399.39954,77,1519.056
382.06564,74,1520.633973
334.69022,65,1521.638579
391.258,76,1522.771723
360.7608,70,1524.085426
329.37988,63,1525.512622
376.8606,73,1527.255788
384.5291,75,1529.335961
345.5693,66,1530.518847
331.0925,65,1531.458571
348.52704,67,1532.830736
316.49808,61,1533.952782
364.49197,69,1535.14029
356.6149,70,1536.289551
366.0194,72,1538.213569
341.04016,66,1539.393139
323.06042,63,1540.515723
346.1392,66,1541.586793
330.39438,63,1543.037897
415.8642,80,1544.652989
360.39948,69,1545.608814
360.17416,69,1546.770762
373.2839,73,1547.974403
367.37076,71,1549.023523
338.57492,65,1549.936037
382.92313,73,1551.239093
365.9749,70,1552.585761
382.6312,74,1554.352701
340.88303,68,1555.846194
364.1178,71,1557.214379
349.6476,66,1558.330714
368.67166,70,1559.776924
401.60455,79,1561.229465
358.38016,70,1562.65543
406.48654,79,1564.19337
377.5283,73,1565.296482
391.57297,75,1566.609432
392.5781,77,1568.461286
361.9435,70,1569.717697
319.1433,62,1570.719417
377.9479,75,1571.989246
330.10205,64,1573.443823
352.7388,69,1574.686574
327.52292,65,1576.056024
401.1487,78,1577.51884
378.93027,72,1579.080199
348.0727,67,1580.298295
346.29504,66,1581.255158
348.9881,67,1582.618136
339.8561,67,1583.600689
314.4197,62,1584.498902
389.28714,76,1586.346838
347.88928,67,1587.735998
321.05518,64,1589.072814
357.00067,68,1590.092769
329.15533,63,1591.401319
352.60028,68,1592.796918
364.09326,69,1594.081686
331.25613,65,1595.485656
336.76566,64,1596.477012
334.05524,65,1597.921468
372.32224,74,1599.566011
336.51657,64,1600.56773
351.38678,68,1601.512869
348.23407,67,1602.967595
346.94174,68,1604.21024
366.3813,69,1605.772756
336.00082,64,1607.088584
367.72028,69,1608.811092
368.1154,72,1611.005264
334.46945,65,1612.21687
354.6444,71,1613.677466
321.43512,63,1615.261328
339.3776,64,1616.697925
354.36078,67,1617.986814
350.27853,71,1619.329727
371.48663,72,1620.586431
336.49387,65,1621.903697
334.26282,64,1623.502197
343.47,67,1624.860192
317.7248,62,1626.081934
364.22247,70,1627.09539
390.07065,77,1628.189461
383.77194,75,1629.600786
416.0873,79,1631.479693
337.14145,66,1633.189221
348.55933,66,1634.771098
334.66888,67,1636.309319
405.84818,79,1637.920556
332.1332,63,1639.225096
374.89685,71,1640.790268
468.5944,90,1642.620457
358.0035,69,1644.382209
368.35327,70,1645.599949
344.7519,65,1646.695709
363.79764,69,1648.173084
382.06952,73,1649.555147
370.13727,71,1650.716032
384.05292,74,1652.339966
345.25974,68,1653.983281
487.45016,94,1656.065412
398.70505,78,1658.107536
329.02548,63,1659.31302
403.93674,78,1660.946033
336.8016,65,1662.408851
337.52438,66,1663.995553
347.42804,67,1665.215214
382.5621,73,1666.467251
337.15103,65,1667.74505
361.41077,68,1669.245918
344.63467,66,1670.563593
416.6551,81,1672.042476
320.5094,61,1673.272839
349.20148,68,1674.886845
393.0375,75,1676.41543
350.60214,66,1677.554616
369.20242,72,1678.804006
375.92834,73,1680.390784
319.33612,61,1681.413182
367.81302,74,1682.569345
383.7641,75,1684.312061
339.69907,65,1685.537333
388.80167,76,1686.845632
341.48492,65,1688.18135
340.63678,66,1689.507791
326.1483,63,1690.760077
377.3697,72,1692.37261
316.0181,62,1693.737309
407.69116,78,1695.484911
335.06955,65,1696.636521
387.2384,74,1697.942817
342.7155,70,1699.824311
351.10355,66,1701.473634
345.89114,65,1702.80385
430.97495,82,1704.101728
376.39523,75,1705.475979
319.30002,63,1706.694574
403.61877,80,1708.175956
399.12488,76,1709.721069
336.3799,64,1710.724106
384.29065,73,1712.395525
353.74722,69,1713.993142
377.94528,73,1715.911733
389.3055,76,1717.564236
407.14664,78,1719.353472
330.11026,63,1720.595707
353.001,67,1721.56937
356.8156,68,1722.75107
355.2684,68,1724.246402
391.45364,75,1725.954783
395.82266,75,1727.387383
363.2836,69,1728.872065
355.48483,70,1730.068479
407.7817,80,1731.765153
332.03577,65,1732.90835
418.94437,80,1734.22764
319.952,62,1735.722956
341.5327,67,1737.1228
331.7583,63,1738.521738
349.03253,67,1740.017571
308.59976,60,1741.119509
381.71,73,1742.790727
372.66898,72,1744.545417
319.03348,62,1745.863502
405.0729,79,1747.772711
364.711,73,1749.332747
379.67224,73,1750.680043
402.5374,79,1752.524888
364.7181,70,1753.999359
363.8745,69,1755.303087
374.39233,71,1756.610684
352.91876,69,1758.086455
334.01193,64,1759.477773
431.03046,84,1760.72793
345.51736,66,1761.919955
355.74692,70,1763.360876
322.58032,63,1764.504518
354.88483,70,1765.771188
327.76556,63,1767.213814
338.40176,65,1768.518873
336.2717,64,1769.95445
424.93423,82,1771.88252
325.51736,62,1773.107344
344.79337,66,1774.621373
397.9684,76,1775.894812
359.96182,68,1777.394108
358.6588,68,1779.00542
329.4787,63,1780.513561
345.31564,68,1782.129255
410.13516,78,1783.722206
425.29156,81,1785.255114
372.91116,71,1787.253876
382.88983,73,1788.810381
379.34027,73,1790.295642
377.49698,76,1791.921608
375.6431,71,1793.507299
400.37677,77,1795.133495
330.14618,63,1796.198281
348.91144,66,1797.142323
375.01077,72,1798.466524
367.83426,71,1799.812973
417.32346,80,1801.598341
399.89905,77,1802.956575
393.1641,75,1804.458856
351.1013,67,1806.038368
407.38193,81,1807.85105
342.5502,66,1808.740419
383.58878,74,1810.093084
364.67154,71,1811.228527
425.96857,81,1812.408546
351.86856,69,1813.640662
371.5512,74,1815.193747
377.3106,73,1816.808108
326.5391,63,1817.866626
372.26355,73,1819.433757
379.68042,73,1821.267225
363.2335,70,1822.985798
374.2964,74,1824.676588
346.5536,68,1826.369491
363.30963,73,1828.10599
352.53506,68,1829.81848
398.66736,77,1831.675699
382.58746,74,1832.608516
364.56778,69,1833.612017
350.93994,67,1835.173697
405.2151,79,1837.067718
380.23727,75,1839.023355
409.3583,78,1840.776142
363.34314,70,1842.13488
341.10635,65,1843.409472
439.37558,84,1844.851068
339.53473,66,1846.130497
347.8637,68,1847.240247
357.91397,70,1848.489309
332.62054,65,1849.654265
357.19443,68,1850.773993
378.77203,74,1851.859096
376.0396,71,1853.302365
394.9271,75,1854.654044
353.7281,67,1855.579006
394.70593,75,1856.665105
382.5629,73,1858.321445
363.35715,70,1859.523114
376.43237,71,1860.852706
387.10263,76,1862.575054
371.50955,74,1864.210814
381.21274,72,1866.048442
349.83755,66,1867.5397
345.14804,66,1869.130935
367.53497,71,1870.64502
318.25687,62,1871.972214
394.89456,76,1873.599184
329.23975,62,1874.727268
388.79034,75,1876.554157
384.557,74,1877.962766
379.81158,73,1879.337882
355.09076,67,1880.799241
392.84137,76,1882.154315
332.0885,64,1883.234069
380.211,72,1884.723829
420.34332,81,1886.667393
437.37262,84,1888.488848
335.7533,65,1889.712656
411.25574,79,1891.190212
408.43005,78,1892.968944
397.17587,77,1894.232214
328.67667,64,1895.47905
390.82208,74,1896.825032
349.44568,67,1898.136037
337.80017,68,1899.770476
417.60736,81,1901.273387
422.47754,81,1903.010814
337.5532,66,1904.441686
329.7845,63,1905.410351
414.36206,82,1906.87256
400.78183,77,1908.831222
350.25623,67,1910.496997
362.4379,70,1912.010368
349.37827,67,1913.599395
366.62912,71,1915.074802
375.47644,72,1916.227834
343.87936,67,1917.231041
375.06665,71,1918.306325
386.76373,74,1919.502162
365.95877,69,1920.89597
361.05643,68,1922.515337
342.49115,68,1923.950369
376.32755,72,1925.374791
408.90735,78,1926.740692
394.04742,75,1928.41065
361.86646,68,1929.916392
342.23602,67,1931.219595
419.988,80,1932.626488
338.63486,66,1933.789329
392.0743,75,1935.215883
386.9788,76,1936.725401
404.8891,77,1938.337518
333.6077,67,1939.668795
443.16772,86,1941.532212
342.9719,65,1943.121851
348.32242,66,1944.704928
350.3994,67,1946.161702
358.0331,69,1947.312181
367.18567,70,1948.599711
350.31763,68,1949.959752
409.1393,79,1951.597549
336.0064,67,1952.68529
335.05978,64,1953.72898
375.79007,74,1956.36575
424.83792,81,1958.406287
323.79312,62,1959.687701
375.0438,73,1961.451876
388.6792,74,1963.085901
343.66837,65,1964.532922
360.28885,68,1965.679483
361.32883,71,1966.724645
382.88092,74,1967.777413
388.51877,75,1969.081172
350.65442,67,1970.020253
388.5079,74,1971.254744
355.92764,67,1972.600161
380.96786,72,1973.954112
374.5495,71,1975.544618
355.19583,71,1977.109784
343.8339,66,1978.443764
334.62677,65,1979.831652
337.65265,65,1981.315535
385.98798,73,1982.823352
353.47803,67,1984.03572
360.50366,69,1985.41704
342.32553,66,1986.367292
323.97687,62,1987.291381
398.4103,78,1989.149237
405.37805,78,1990.978706
359.9636,68,1992.505786
409.69504,78,1994.270258
402.52457,79,1996.009354
375.18857,73,1997.736858
342.25073,67,1999.001604
432.87286,83,2000.23578
384.98605,75,2001.417013
347.77438,66,2002.519451
367.78995,72,2004.176287
342.1836,66,2005.42395
347.46115,67,2006.621622
389.43195,74,2008.03099
374.38626,73,2009.188308
457.90378,88,2010.535084
364.59238,72,2011.831115
373.47028,71,2013.480632
332.92014,64,2014.911921
347.3626,66,2016.396567
376.4112,71,2017.999028
368.21222,72,2019.557106
380.46786,74,2020.791709
369.43295,70,2021.848687
364.1782,70,2023.323145
342.1296,67,2024.641237
380.04755,72,2026.133294
420.58167,80,2028.16207
344.7798,66,2029.408614
367.08032,72,2030.571948
340.6704,67,2031.88657
304.24054,59,2032.926596
346.07123,65,2034.160994
416.2024,79,2035.472569
381.08258,73,2036.644143
383.77997,73,2038.007772
389.60886,74,2039.520062
335.85342,66,2040.716924
363.28723,69,2042.237437
348.46277,66,2043.846817
364.4924,70,2045.225187
382.63174,74,2046.688396
354.16956,68,2048.153616
397.454,79,2049.6475
310.79523,63,2050.625237
361.924,71,2051.825686
353.48868,67,2053.523497
408.96716,81,2055.384694
369.4496,71,2057.167594
370.26276,73,2059.001676
318.33157,62,2060.352135
344.1015,65,2061.627312
346.09442,67,2063.262046
360.62274,69,2064.90919
340.74078,65,2066.35361
353.2366,67,2068.009725
385.83316,75,2069.857318
356.4935,68,2071.405349
360.5496,68,2073.058309
342.6929,65,2074.540962
334.68652,67,2075.992124
411.3682,80,2077.593063
337.17496,66,2078.688012
379.42395,72,2080.045438
408.78842,79,2081.714134
357.2281,70,2083.182377
392.22388,75,2084.997272
342.2352,65,2086.208272
427.9025,82,2087.944369
368.33444,70,2089.513398
386.54654,73,2090.704978
354.07407,71,2091.857526
339.81992,66,2093.233778
342.44653,65,2094.488979
371.56064,72,2096.036464
341.73257,66,2097.561193
389.47394,76,2098.850341
340.10455,67,2100.448589
372.70914,72,2102.126157
367.05954,72,2103.588371
332.4807,63,2104.8354
343.21454,67,2105.886945
329.515,65,2107.305161
330.39313,64,2108.834884
363.64386,69,2110.277557
366.66727,69,2111.320452
341.00693,67,2112.490868
359.8602,69,2113.996532
340.68445,66,2115.415367
372.76465,71,2116.869781
368.43304,70,2118.355411
326.1192,65,2119.315338
386.46216,73,2120.377902
357.60788,68,2121.576377
365.67346,69,2122.862781
386.86365,75,2124.431713
361.68994,69,2125.78823
330.8192,63,2126.872889
326.1738,63,2128.607195
396.3592,75,2130.338723
408.69,78,2131.869109
367.014,69,2133.359975
357.00482,70,2134.977833
369.1235,70,2136.780719
378.80698,72,2138.505461
355.91168,68,2139.792047
328.0631,64,2141.057611
378.82816,73,2142.91217
380.15063,72,2144.447401
343.28088,66,2145.87466
347.1885,66,2147.424751
370.706,72,2148.533292
341.4525,65,2149.549356
362.40237,69,2150.632655
337.08646,66,2151.81299
361.42712,70,2152.950341
350.97287,66,2154.232298
346.92822,67,2155.623953
356.54324,67,2156.706982
403.4611,78,2158.956702
353.8246,68,2160.089141
379.15793,72,2161.525651
403.8988,77,2163.156417
386.25067,73,2165.215931
328.76105,63,2166.418137
337.5868,64,2168.40811
322.94873,63,2170.374418
356.78314,67,2172.748777
352.16907,69,2174.779572
351.6216,70,2176.465452
350.44528,67,2178.426383
353.67383,67,2180.169303
379.29404,73,2182.258693
334.34323,64,2184.144778
382.9682,73,2185.995078
337.97284,66,2187.731388
339.9351,68,2189.407062
366.33597,69,2190.743105
390.58044,74,2192.823936
345.25623,67,2195.066305
417.78354,80,2197.184646
388.71982,75,2199.843837
426.8407,82,2202.373192
342.0025,68,2203.759656
333.60083,66,2205.800901
375.20947,72,2207.821008
323.89664,63,2209.800437
369.84546,70,2211.535704
327.6113,63,2213.241939
381.70822,73,2215.032477
358.6866,70,2217.267722
320.16812,62,2219.380172
314.43536,62,2221.026214
361.9138,69,2222.778683
357.9739,69,2224.514195
414.4014,79,2226.23278
407.2276,80,2227.896122
397.38437,76,2229.782405
335.9174,67,2231.4732
351.1798,67,2233.208806
363.0204,69,2235.547183
368.47482,70,2237.138969
321.59998,61,2238.168331
356.64102,68,2239.697417
344.53696,67,2241.524334
356.4981,70,2243.309348
443.7016,86,2245.513906
341.92007,65,2246.895319
367.53046,71,2248.418922
408.39655,79,2250.562665
346.69083,68,2252.763122
343.01053,68,2254.560924
412.56003,81,2256.462204
336.96127,66,2257.847414
377.69662,72,2260.624926
393.4524,76,2262.688693
360.05606,71,2264.423693
434.23886,83,2266.568589
389.50278,75,2268.497026
439.60428,84,2270.836502
452.88257,87,2273.460114
344.44745,68,2274.960226
464.23462,89,2277.249859
390.39493,78,2279.33098
387.69962,74,2281.182061
344.20963,65,2283.036895
353.1488,68,2284.791148
358.81686,69,2285.953405
383.09045,74,2287.911001
359.12302,68,2289.91621
364.75284,70,2291.071602
370.15964,70,2292.854512
369.69525,70,2294.572269
398.45273,77,2296.646224
358.40524,68,2298.073625
354.06955,69,2299.827267
374.34286,71,2301.511962
390.2167,75,2303.86373
385.792,73,2305.831692
384.00638,74,2307.927258
329.04312,63,2309.497136
404.0225,80,2311.696222
309.1303,60,2312.955345
347.0045,66,2314.178246
329.86877,67,2315.524081
396.4718,76,2316.756173
431.94345,85,2318.851632
404.01117,79,2320.784378
384.8841,73,2322.191541
341.53525,68,2323.800388
355.309,71,2325.370868
415.07794,80,2327.241314
321.95813,61,2328.781842
389.84235,74,2330.517165
346.27634,70,2332.183547
355.24103,69,2333.875635
334.90216,64,2335.400405
357.90106,70,2337.091742
355.51733,67,2338.680958
381.5525,73,2339.974706
345.86035,69,2341.614885
423.26334,81,2343.188822
337.2783,65,2344.946754
350.74307,67,2346.412313
349.83963,66,2348.004022
379.74377,72,2349.633167
343.64392,68,2350.578175
375.321,71,2351.832509
380.2532,72,2353.568816
352.76108,68,2355.252112
364.9894,71,2356.819974
329.26834,63,2357.680217
369.34897,71,2359.571385
322.9684,63,2361.035061
345.85516,66,2362.010698
318.50504,61,2363.032566
327.13565,63,2364.375936
439.5852,84,2366.405729
348.10727,68,2367.852834
403.92456,77,2369.934844
349.87186,67,2372.170744
328.1027,65,2373.613483
365.3579,71,2375.48081
369.86072,70,2377.835798
369.55014,71,2380.101788
418.92,81,2382.082515
344.58417,65,2383.595937
370.7176,71,2384.962361
365.20508,71,2386.411712
355.5367,71,2388.146273
358.82513,70,2389.661978
377.4354,74,2391.110793
351.00967,68,2392.604477
338.78098,64,2394.449311
376.9002,74,2396.130498
389.7629,76,2397.534923
375.16855,72,2399.581769
354.41785,68,2401.146892
343.74316,66,2402.927182
335.40198,67,2404.26712
370.38092,72,2405.818421
394.30716,75,2407.660675
400.30164,76,2409.156281
395.96082,76,2410.379256
312.96246,60,2411.502821
310.52234,60,2412.449332
360.37708,70,2413.680709
426.24615,83,2415.411756
333.2388,65,2416.653038
362.24152,70,2418.121344
369.8814,72,2419.759239
440.22,85,2421.29555
328.3959,64,2422.296037
357.73248,69,2423.516882
375.83694,71,2424.638709
347.50867,71,2425.896954
367.67865,70,2427.507441
345.79413,69,2429.139953
369.8867,71,2430.825671
371.2451,70,2432.197867
347.7633,66,2433.633121
374.97552,71,2435.215824
361.12796,68,2436.753734
380.97723,72,2438.384182
352.02884,67,2440.177119
416.98987,80,2441.98258
369.84726,72,2443.433371
433.2278,83,2444.890562
356.25922,70,2446.476122
370.9346,70,2447.537889
329.45074,63,2448.513209
378.6671,72,2450.141018
350.88187,68,2451.473785
368.02008,73,2452.795643
385.1579,75,2453.76795
425.3508,82,2454.737168
333.27893,65,2456.567116
417.0047,80,2458.135249
441.82718,85,2459.756535
346.1689,67,2461.3048
403.72086,78,2463.202299
347.60208,68,2464.902142
365.60336,69,2466.695655
355.03787,68,2468.191473
345.66788,68,2469.700768
379.73907,73,2471.410822
368.8659,71,2473.04347
364.16992,73,2474.640728
388.89014,78,2475.959445
343.0907,67,2477.378342
397.84235,78,2479.197462
366.46698,69,2480.427314
376.0748,71,2482.06807
360.83743,69,2483.305265
323.6806,64,2484.215186
386.04486,74,2485.419339
380.5905,73,2486.732532
354.9359,67,2488.075815
350.6921,67,2489.608247
341.95844,65,2491.259635
403.6264,78,2493.178533
380.17096,72,2494.719696
400.44623,78,2496.152632
421.44943,81,2497.495827
482.38834,93,2498.876866
350.62497,67,2499.77078
346.09354,66,2500.748318
330.92786,63,2501.975095
369.6275,72,2503.3189
369.9352,72,2504.585845
459.82224,89,2506.4797
372.06665,71,2508.235955
328.8456,63,2517.080622
414.83408,80,2518.996278
341.48544,67,2520.395086
394.7201,75,2522.55062
391.14166,74,2524.013412
351.5915,67,2525.472609
357.7798,70,2526.698754
360.71442,68,2528.085
384.04108,73,2529.58725
410.01306,78,2531.170573
414.59967,80,2532.975203
347.58496,66,2534.316199
419.06723,82,2536.199996
408.2319,78,2537.716972
380.2811,73,2539.324121
317.4902,61,2540.587648
355.80377,67,2541.95328
403.3552,79,2543.445033
417.9516,80,2545.169541
396.81067,76,2546.938459
356.18634,68,2549.466006
357.86542,68,2551.552956
406.15866,77,2553.566215
364.68692,71,2555.310859
347.87283,66,2556.909802
370.3319,72,2558.442674
355.6155,67,2560.207433
411.44873,78,2562.235997
347.66467,66,2563.912442
462.33197,90,2565.752392
379.05127,73,2566.772428
330.52695,63,2567.729587
436.66318,84,2577.334646
349.75266,70,2579.085609
354.69266,68,2580.624566
341.9591,67,2582.06614
391.02963,76,2583.759048
398.15738,76,2585.175013
412.0697,79,2586.955396
363.5979,70,2588.628083
335.9084,64,2589.718502
336.8581,66,2590.916131
343.12558,65,2592.434669
319.08078,61,2593.724186
346.41745,66,2594.828766
400.4121,77,2596.562497
365.12653,72,2598.207971
441.56332,85,2600.180143
355.1015,68,2601.650992
410.97504,78,2603.088588
379.575,72,2604.510917
329.30746,63,2605.746621
338.54535,65,2607.305509
335.992,64,2608.604286
353.0323,70,2609.928662
348.70648,67,2611.288021
381.37204,72,2613.083133
341.97403,65,2614.367175
369.64456,71,2615.540747
415.07352,79,2617.339645
336.78702,65,2618.457119
380.84256,73,2619.930079
412.99292,79,2621.60795
342.98584,67,2622.531551
354.83853,68,2623.341339
376.57452,72,2624.787716
361.2689,71,2626.495613
357.10477,69,2628.379697
367.0048,70,2637.142889
367.14453,70,2638.881946
312.8256,61,2640.249785
385.8405,74,2642.205696
388.89606,75,2644.0896
367.291,72,2645.722565
392.6481,76,2647.181303
409.51187,78,2648.974966
376.99597,76,2651.033464
439.1005,85,2652.989254
395.07657,78,2655.398987
258.82285,51,2656.677073
265.4522,52,2657.895911
251.05058,49,2659.122635
258.6348,51,2660.311761
230.53008,46,2661.366923
167.43326,34,2662.061131
266.7369,52,2663.454589
241.00455,48,2664.314496
210.03824,42,2665.167066
244.42711,48,2666.818174
228.91972,45,2668.097229
245.70322,48,2669.668988
242.01797,48,2670.85894
245.87758,50,2671.797723
251.6757,50,2672.87009
253.25156,51,2673.656783
227.24255,46,2674.713091
267.8613,53,2675.952612
262.42828,53,2677.152157
254.55515,51,2678.736378
247.87804,50,2679.795732
246.89032,49,2680.878227
248.47485,49,2681.916105
229.54054,46,2682.912653
260.3662,52,2683.964659
341.34933,67,2684.911353
323.71146,64,2685.961015
315.81915,64,2687.044997
315.83118,64,2687.98925
281.6021,59,2696.605672
323.72632,67,2698.729417
337.85455,67,2700.1877
260.9944,56,2701.367599
293.7328,60,2703.023651
295.53958,61,2704.444318
309.27985,64,2706.257067
314.5535,63,2707.437713
280.06702,56,2709.136996
315.7209,64,2710.854511
281.65137,58,2712.411719
332.11057,66,2713.453722
294.93893,60,2714.911948
285.24872,58,2716.143009
313.8285,63,2717.652818
302.3764,62,2719.116149
332.5506,64,2720.734489
291.2291,59,2722.227796
345.61084,68,2723.761581
292.40295,59,2724.863215
329.4716,67,2726.161453
324.0249,65,2727.540476
334.7171,66,2729.00552
280.74347,60,2730.456324
283.8085,60,2732.042667
289.71002,59,2733.470565
326.69873,66,2734.574099
329.4967,67,2735.829795
288.75824,59,2737.214111
275.23297,56,2738.445723
311.94382,64,2739.922812
338.92075,68,2741.643115
356.44876,70,2743.44173
282.50458,57,2744.680294
296.2839,60,2745.678092
294.13516,63,2746.471695
349.2291,69,2756.632716
280.2413,57,2757.861783
358.53708,71,2759.161225
314.04877,64,2760.576569
327.66028,64,2761.715919
296.44867,61,2763.157627
311.7175,64,2764.879802
303.13885,60,2766.337132
325.0702,68,2768.067296
273.39438,56,2769.341375
271.87045,56,2770.716998
284.86572,59,2772.336665
305.05548,64,2773.947575
389.4237,78,2775.853183
313.14954,62,2776.756171
282.00925,59,2777.887538
281.62744,59,2778.999863
375.0959,73,2780.793617
294.16132,60,2782.236033
297.74203,60,2783.414133
322.3927,67,2784.346054
319.32755,67,2785.496892
323.89368,66,2786.634415
316.58752,64,2787.960504
272.2537,56,2789.285074
325.16495,65,2790.854267
302.62582,63,2792.162936
297.29968,63,2793.738505
344.0592,66,2795.486914
321.02713,65,2797.163301
300.8322,62,2798.683132
326.79147,65,2800.240538
328.7933,65,2801.535658
320.4795,65,2802.644327
299.11343,62,2803.857621
257.9237,53,2804.901291
281.55075,59,2806.272335
277.39,56,2807.50139
358.6731,75,2809.083983
377.09302,76,2810.534145
345.8284,68,2811.716987
362.89127,72,2812.855135
303.37137,63,2814.612127
322.83728,68,2816.236578
325.7575,71,2818.202235
362.25885,74,2820.090994
306.802,65,2821.306429
438.1046,87,2823.462792
293.24088,62,2825.166199
381.3646,79,2827.253857
328.65494,68,2829.075536
339.93518,68,2830.636746
330.85074,67,2832.084419
421.3753,82,2833.78637
334.2865,67,2834.942566
367.5878,79,2836.776474
297.39987,62,2837.967616
339.71643,70,2839.266392
291.8333,62,2840.561548
307.36212,64,2842.014165
300.21396,63,2843.631635
359.45435,75,2845.289123
340.8104,72,2846.824567
291.0057,62,2848.261195
335.46222,69,2849.756769
323.59387,66,2851.123513
399.23462,78,2852.870148
353.44443,74,2854.259651
410.5769,79,2856.114984
304.7761,62,2857.730526
332.33118,67,2859.232638
351.37274,75,2861.112251
390.40176,78,2862.996612
311.44846,65,2864.459219
323.2936,67,2865.877338
305.48193,62,2867.294664
404.72968,83,2868.601107
398.63184,82,2870.452793
382.8445,77,2872.060983
381.7067,77,2873.358426
370.00018,77,2874.739138
293.21313,60,2876.203261
320.71313,66,2877.554365
291.48807,62,2878.999077
386.21417,77,2881.001169
353.1163,74,2882.579829
294.96475,60,2883.59981
344.8036,70,2885.118239
407.90503,83,2887.244533
319.08905,66,2888.751011
420.87088,87,2890.724383
313.50888,64,2892.612923
368.6225,74,2894.286318
301.9831,65,2895.794859
303.10956,66,2897.214402
310.0817,66,2898.665739
320.72263,68,2900.289228
318.07794,64,2901.565837
342.4316,69,2903.012719
384.08453,78,2904.554025
314.22195,66,2905.623662
318.88922,65,2906.611631
334.81796,70,2907.936651
364.3927,75,2909.761639
332.14413,68,2911.409499
377.82935,76,2913.294646
364.71835,72,2914.856637
364.29712,72,2916.433449
413.3326,81,2918.572627
322.63535,67,2919.953009
289.98007,60,2920.870508
359.66092,75,2922.450603
389.28433,77,2923.999227
352.5737,70,2925.550192
346.4837,70,2927.230922
378.85727,75,2928.465782
321.0553,66,2929.496
340.81815,69,2930.674495
365.4934,75,2931.970001
404.65073,82,2933.349233
323.38846,65,2934.796475
337.75818,71,2936.305192
371.6442,74,2938.200238
463.14517,92,2940.329191
309.71118,68,2942.102384
361.85208,73,2943.818404
307.36127,63,2945.138756
277.5489,59,2946.411384
328.02094,69,2948.084381
436.6112,92,2950.566047
348.073,77,2952.424595
353.93402,72,2954.360016
321.27417,67,2955.577399
406.62048,83,2957.684452
365.30307,71,2959.388208
323.2022,66,2960.988281
371.31735,75,2962.433909
322.4364,68,2963.710962
306.2917,62,2965.18859
316.3241,66,2966.756757
300.4588,64,2967.942665
283.867,61,2969.099167
360.829,72,2970.866811
359.18414,75,2972.631924
340.22443,68,2973.799725
330.4192,68,2975.203222
393.64438,79,2976.776467
310.49835,63,2978.051168
357.66565,72,2979.732207
317.6965,66,2981.564756
440.00653,89,2983.804862
378.02057,80,2985.138735
391.2397,79,2986.447994
372.5543,74,2987.64138
340.76392,71,2989.242023
345.39233,71,2990.835642
409.08176,82,2992.431384
294.99506,62,2993.450258
332.3358,70,2994.350619
301.06454,65,2995.353402
299.579,62,2996.42473
357.6922,71,2997.855938
318.38208,67,2999.572893
298.49017,61,3000.771963
323.07336,67,3002.013066
310.75034,67,3003.325878
311.39685,66,3004.351488
334.62036,68,3005.883842
339.29993,71,3007.444451
376.6542,79,3008.943938
405.11737,82,3010.81367
332.35748,71,3012.505505
404.61456,78,3014.220593
361.30862,75,3015.466593
306.61276,65,3016.807412
408.3215,84,3018.563156
313.97723,68,3020.073727
355.03488,75,3021.070179
345.20746,72,3022.402891
345.76422,67,3023.723947
392.9798,79,3025.020243
329.9127,67,3026.192177
319.0514,65,3027.099666
388.08902,76,3028.427386
358.8119,75,3030.129462
351.20984,71,3031.768972
412.66757,80,3033.52235
373.04248,72,3035.227685
301.6942,61,3036.447417
364.76614,75,3038.088845
390.0352,80,3039.787634
329.7452,69,3041.406573
300.72726,65,3042.886059
336.39255,72,3044.393689
385.1273,75,3046.060531
324.65234,68,3047.633325
340.1205,71,3049.30067
411.5796,83,3051.46499
380.44827,78,3052.950607
367.37216,74,3054.509331
356.20474,76,3055.994592
353.16183,70,3057.247913
304.59662,64,3058.416715
311.45505,66,3059.542746
375.75925,76,3060.996635
299.41638,61,3062.243991
406.45316,79,3063.858613
316.36102,65,3065.229017
332.1385,68,3066.594694
291.63885,61,3067.757844
309.36426,62,3068.749585
356.1453,73,3070.353058
375.47357,75,3071.988887
334.81107,69,3073.716011
413.11743,86,3075.745017
322.57367,68,3077.434038
334.95862,69,3079.174755
347.98685,73,3080.398995
296.2185,61,3081.789108
383.05164,78,3083.042484
407.95944,83,3084.171379
319.239,67,3085.282518
299.3359,64,3086.553416
331.81448,66,3087.912137
387.88278,78,3089.602966
330.84454,67,3091.115627
385.9362,81,3092.396904
309.83087,65,3093.207366
339.9784,67,3094.213887
356.4313,70,3095.484243
299.28952,61,3097.150162
373.33145,76,3098.768455
357.03195,78,3099.947813
313.48468,67,3101.171925
330.15552,67,3102.601902
309.07877,64,3103.942507
351.03546,70,3105.321971
444.73166,90,3106.924735
313.54025,62,3108.116709
336.00922,70,3109.754808
321.61835,67,3111.336729
285.88043,60,3112.410815
343.29984,70,3114.376834
326.8742,66,3115.723515
302.705,64,3116.875488
327.8685,70,3118.272195
355.1114,70,3119.72884
317.09567,68,3121.264435
310.8405,63,3122.598848
293.6156,61,3123.957689
322.59842,65,3125.253442
383.85037,76,3127.115257
324.1389,67,3128.837794
345.42178,72,3130.544145
331.99637,65,3132.170629
362.1713,70,3133.427588
362.45816,72,3135.243401
290.0252,62,3136.933222
351.88773,70,3138.607328
381.38797,79,3140.451773
375.50958,76,3142.186232
329.0844,68,3143.707631
352.3538,70,3145.063573
336.6597,68,3146.785933
367.0483,73,3148.3316
291.80377,63,3149.499101
283.5191,61,3150.388365
365.47278,75,3151.707102
304.55054,65,3152.766832
293.28656,62,3153.934373
307.8259,64,3155.055493
311.02353,64,3156.308755
365.84433,72,3157.469683
301.69333,64,3158.47328
298.2194,63,3159.6989
398.72528,81,3161.123649
344.98013,68,3162.192585
347.88742,69,3163.325308
325.3756,66,3164.725812
333.51028,66,3165.745895
308.3954,63,3167.017957
358.86252,72,3168.251311
368.4306,77,3169.439272
331.84888,70,3170.627607
292.18613,61,3172.088468
363.89236,74,3173.855785
315.2189,64,3175.102601
387.41766,78,3176.487023
333.79315,69,3177.664897
376.92374,75,3179.359822
348.49786,72,3180.791317
310.34512,64,3181.913044
359.88116,72,3183.150632
322.21756,66,3184.54229
315.69028,65,3185.565316
341.48798,71,3186.609257
327.67056,69,3187.741714
305.67603,64,3188.762519
317.46442,66,3189.962732
293.8743,62,3191.041686
364.29272,74,3192.336751
393.2975,81,3193.692167
344.57208,70,3194.952339
433.4332,87,3196.385743
300.73883,64,3197.267055
412.65588,82,3198.942628
378.07684,78,3200.20272
287.20697,61,3201.1766
330.99255,67,3202.373259
373.5595,76,3203.728649
336.4979,68,3204.780894
338.97437,69,3206.282741
385.2386,78,3208.292361
333.9626,72,3210.152277
404.42227,82,3211.617934
342.10364,73,3212.855117
310.13452,65,3214.143684
317.46786,66,3215.539405
387.45636,75,3217.441688
357.48816,75,3219.079158
350.86996,70,3220.449151
360.46393,74,3222.063765
329.48862,65,3223.603548
348.25668,72,3225.005123
328.36606,70,3226.280506
342.31046,69,3227.565276
414.98907,82,3229.653213
363.2557,76,3231.223679
322.35706,68,3232.887798
304.4054,64,3234.394538
379.93478,78,3235.933295
325.99875,67,3237.176704
309.741,62,3238.55182
329.84406,67,3240.181895
387.5064,75,3242.506664
301.5541,65,3244.261355
311.67755,67,3245.924082
389.86066,77,3247.607545
301.7382,62,3248.788554
400.78107,83,3250.362669
318.96112,66,3251.524034
343.0019,72,3252.739116
299.96106,63,3253.88247
293.6459,61,3254.876692
379.67593,76,3256.129238
336.8957,68,3257.257581
373.9583,75,3258.478665
360.25418,72,3259.721604
302.5127,62,3260.898401
401.75607,81,3262.124637
308.88956,65,3263.144668
355.8363,73,3264.770168
368.70038,75,3266.473026
363.0342,74,3268.226505
347.74518,75,3269.820621
334.11194,69,3271.395812
282.93506,61,3272.786242
326.6102,67,3274.287177
409.94412,83,3275.546873
376.57703,76,3276.6498
356.35202,75,3277.722495
351.21957,71,3278.961904
309.21237,64,3280.502311
354.10727,68,3282.256844
383.2543,75,3283.865577
398.60187,78,3285.090214
316.9701,63,3286.088182
374.0956,77,3287.231431
311.99915,67,3288.216391
333.76987,68,3289.289077
288.91412,61,3290.381859
328.64005,67,3292.38577
328.82693,67,3293.900133
323.86252,64,3295.331667
314.65564,67,3296.755353
398.82495,79,3298.0966
344.31253,68,3299.795443
314.59888,65,3300.952671
356.9129,74,3302.064504
291.1465,60,3302.994872
391.67587,77,3304.511961
308.20825,65,3305.7466
355.26413,71,3307.142547
309.8118,64,3308.21573
376.39743,74,3309.541434
387.2601,77,3311.240038
334.7794,71,3312.757858
326.30453,68,3314.448704
371.7177,73,3315.958403
311.7973,64,3317.663703
331.34836,69,3319.308901
423.6535,81,3320.562237
295.79263,62,3321.957523
349.86548,75,3323.548643
309.79205,67,3324.880468
333.3883,69,3326.355329
307.16516,64,3327.583699
327.5033,66,3328.998243
371.59567,74,3330.345251
341.47043,69,3331.725634
389.62573,76,3333.404995
312.13132,64,3334.688318
360.91452,74,3335.796395
329.95242,71,3337.402429
388.5331,79,3338.908852
402.42212,82,3340.528245
385.49756,75,3342.179487
334.81247,70,3343.803187
323.4262,67,3345.432407
324.23077,65,3346.732849
328.3547,67,3347.922356
346.04407,74,3349.280165
396.84222,78,3350.67068
360.79123,75,3351.935496
299.6525,62,3353.157216
381.1201,80,3355.036227
376.92148,77,3356.546433
324.13678,67,3358.002689
396.69315,85,3360.085538
314.7135,63,3361.227114
335.0538,71,3362.601139
322.1918,63,3364.291357
389.39417,78,3365.963035
373.12497,74,3367.408638
365.36688,73,3368.85646
401.16608,77,3370.651836
368.8535,74,3372.160124
392.24915,76,3373.398966
328.9239,66,3374.846037
334.14255,68,3376.165582
353.088,69,3377.602362
391.0873,78,3379.402263
354.99548,72,3380.858904
348.52032,70,3382.435116
367.8466,75,3384.218787
424.9472,82,3385.945097
367.7787,77,3387.677384
351.00192,70,3389.413247
411.5587,83,3391.497127
336.63394,70,3393.371703
379.63824,79,3395.182732
305.64963,62,3396.556221
285.58078,58,3398.03864
301.61426,61,3399.230697
337.20346,67,3400.705926
321.32446,63,3401.721987
325.5794,64,3403.246651
354.0269,69,3404.690727
305.60092,61,3405.893549
333.35843,68,3407.199912
288.29623,57,3408.135311
308.6366,62,3409.115526
320.37305,64,3410.319878
399.62372,79,3412.107088
325.09476,65,3413.617033
324.4433,63,3414.986983
288.51288,58,3416.038222
316.59766,62,3417.078972
346.5852,68,3418.355793
277.99326,56,3419.541879
319.98807,63,3420.571558
300.36682,60,3421.679881
367.12717,72,3422.901734
330.54715,66,3423.810758
329.50073,65,3424.687582
359.61072,72,3425.76576
299.23697,61,3426.888243
315.40332,62,3428.015201
318.52603,63,8015.893937
328.21234,64,8017.397577
346.83282,67,8018.981805
315.2019,62,8020.200642
317.87256,65,8021.536042
314.67856,62,8022.77588
329.3074,65,8023.980286
346.0569,68,8025.291067
331.17267,67,8026.57785
334.7833,65,8027.728942
318.76382,63,8029.032516
282.61285,57,8030.028525
281.68246,56,8031.199473
293.1402,59,8032.189621
299.1072,61,8033.469273
364.57825,73,8034.969639
374.43933,75,8036.79266
321.69666,64,8037.978847
360.8875,70,8039.19182
311.85248,61,8040.126667
348.09576,68,8041.530401
321.0435,66,8043.232096
352.4305,72,8044.835658
306.79025,62,8046.033996
284.4613,58,8047.164875
313.0786,61,8048.103114
333.6297,64,8049.417382
349.09875,71,8051.061215
327.61853,65,8052.5366
296.6712,59,8053.683919
367.8628,72,8055.358187
366.61404,72,8056.908155
319.25385,64,8058.097663
329.11465,68,8059.008431
351.99643,68,8060.513276
311.63705,61,8061.91785
300.22824,60,8063.019751
322.08243,63,8064.368128
303.8214,62,8065.247896
309.76056,62,8066.283745
305.02417,61,8067.219759
306.34238,60,8068.092275
317.5171,64,8069.411256
308.60248,63,8070.733234
383.4207,78,8072.527759
320.03915,65,8073.867782
312.0822,63,8075.218961
334.36322,65,8076.171597
300.54178,59,8077.094253
335.1042,65,8078.328034
349.08957,72,8079.471331
336.48853,68,8081.003895
280.987,57,8082.337089
309.06073,64,8083.592555
333.28802,66,8084.719118
303.18817,62,8085.884064
288.58154,59,8087.322514
289.20847,57,8088.4127
292.95496,58,8089.634787
320.40533,63,8091.109004
314.7818,64,8092.345591
325.81488,65,8093.753617
302.44266,61,8094.878892
307.78494,63,8096.231486
319.68665,63,8097.715595
307.09756,61,8099.262692
351.14502,68,8100.465581
310.72964,63,8101.80126
357.9405,72,8102.919252
348.0909,68,8104.201987
321.25806,64,8105.253771
466.4327,97,8107.073675
360.3262,76,8108.162578
462.29904,90,8109.617465
386.31644,78,8111.378769
370.05753,73,8112.742156
395.8471,75,8114.125659
372.9246,76,8115.467862
421.38425,85,8117.404441
472.13947,93,8118.998186
450.92758,90,8120.423317
365.10495,79,8121.515109
377.20193,75,8122.956957
413.76047,83,8124.667817
411.97867,79,8126.541188
400.75342,77,8127.818296
298.64075,61,8128.648364
310.58368,62,8130.197392
344.98166,69,8131.335899
384.4786,74,8132.642038
391.39856,78,8134.358208
353.2394,69,8135.571777
387.7385,74,8137.168969
372.61502,76,8138.917281
308.71442,61,8140.187224
349.84195,68,8141.362998
350.80795,70,8143.195128
438.78738,84,8144.988374
385.61176,73,8146.473348
367.98422,70,8147.905954
381.6798,73,8149.711733
443.4947,85,8151.816294
376.74234,71,8153.113326
392.66187,77,8154.642195
372.18643,71,8155.875376
458.58328,88,8157.482685
363.77866,69,8159.086596
408.10773,78,8161.132622
357.85855,68,8162.489998
347.76978,66,8163.999614
397.51514,75,8165.669355
428.02957,81,8167.119267
298.1347,56,8168.344314
327.43777,63,8169.492522
336.15057,66,8170.798024
331.30338,62,8171.709559
348.30942,65,8172.963476
406.6328,80,8174.160482
405.82007,94,8176.223276
288.78592,60,8177.454508
415.17917,96,8179.772671
351.5855,76,8181.391349
289.0376,60,8182.527059
329.79025,73,8183.879178
316.69193,75,8185.736745
300.78735,66,8187.350476
314.16547,67,8188.881924
392.41162,90,8190.521556
313.63904,70,8191.891048
316.29803,73,8193.093494
367.23553,80,8195.037904
316.49335,75,8196.277144
474.73907,109,8198.779202
295.17514,63,8200.34261
344.4911,73,8201.774833
389.14246,83,8203.478438
518.2625,115,8206.272614
415.48755,79,8208.004933
393.7041,74,8209.560726
374.21246,72,8211.002058
414.81525,78,8212.59491
349.43924,65,8214.050251
366.06732,79,8215.518614
402.51282,76,8217.267714
394.85104,76,8218.738901
438.9461,87,8220.867891
415.33615,82,8222.557757
342.0524,77,8224.372789
405.0892,76,8226.114159
445.0454,86,8227.924991
434.54755,83,8229.654821
407.2491,77,8231.355464
348.55496,68,8232.553609
398.13522,75,8233.976373
340.24448,67,8235.528035
383.4966,72,8236.972523
369.45892,70,8238.354865
397.55402,78,8240.093461
444.15988,88,8241.884917
407.46255,78,8243.595156
381.53577,74,8245.370437
350.0152,67,8246.676532
461.24847,88,8248.403022
354.13327,67,8249.504391
310.64206,61,8250.90009
378.98053,73,8252.299651
395.15616,75,8254.052965
344.37872,68,8255.314817
339.6203,67,8256.571237
352.9709,66,8257.898391
396.5866,75,8259.566973
400.33102,76,8260.943532
564.87805,117,8263.843987
349.84848,66,8265.278368
368.273,76,8266.924206
337.7258,63,8268.429391
425.0334,81,8270.170108
322.4275,65,8271.611835
325.1653,63,8272.989625
393.86673,85,8274.923073
459.58862,88,8277.006764
357.43597,84,8278.86671
419.6867,84,8280.577938
391.9919,74,8281.878925
431.28363,94,8284.159231
355.4845,75,8285.519576
333.94357,69,8286.753344
665.66846,134,8289.410295
523.2007,101,8291.586678
356.88727,77,8293.297306
326.7444,73,8295.060871
342.22278,77,8296.835605
362.66452,81,8298.556362
317.04803,68,8300.159658
365.1545,75,8302.133105
303.11548,67,8303.318707
293.9381,65,8304.682321
314.64392,70,8306.334144
298.33054,65,8307.691242
325.37164,71,8309.298066
326.22418,70,8310.837023
316.43277,68,8312.412896
294.42105,68,8314.022163
377.40213,80,8315.791184
313.43503,66,8317.187462
316.86154,67,8318.660333
281.1798,59,8319.900464
329.45425,72,8321.535501
300.41156,64,8323.036042
276.15424,59,8324.13202
293.64502,62,8325.553543
287.36768,62,8327.074347
247.43356,54,8328.3366
323.4064,65,8329.891726
272.8682,59,8331.282396
277.8468,61,8332.571977
338.5674,73,8333.859982
292.22897,62,8334.804664
324.99536,66,8336.053603
296.2539,62,8337.392082
321.09418,68,8338.836755
297.50064,62,8339.851878
316.4445,69,8340.801387
319.38382,68,8341.838965
313.37192,67,8343.060404
321.235,68,8344.297153
307.9928,66,8345.269017
305.56,64,8346.09061
312.10846,64,8347.364554
286.80133,61,8348.67847
298.48743,60,8349.763381
315.56018,64,8350.75438
318.86578,69,8351.757525
282.85727,62,8352.960587
274.93274,59,8354.155321
342.27377,70,8355.44958
281.88535,57,8356.469052
378.7659,78,8357.829498
285.8842,59,8359.185793
297.5005,61,8360.483171
283.09692,61,8361.910798
305.50522,61,8362.834631
287.29465,61,8364.284546
298.7427,63,8365.916156
293.38153,62,8367.204245
299.2736,64,8368.262336
304.70465,63,8369.250044
293.21677,61,8370.452647
289.86404,60,8371.691077
298.19772,62,8372.855216
295.01782,61,8374.266958
286.24673,61,8375.755106
331.09195,71,8376.989458
353.42053,72,8378.230041
275.90628,59,8379.314833
373.485,75,8380.677226
251.58635,54,8381.948587
291.78662,62,8383.256671
314.2059,66,8384.548949
299.15738,61,8385.868389
288.4276,63,8387.401212
311.32056,63,8388.911822
268.225,56,8390.002667
333.45,69,8391.344129
254.97484,55,8392.290537
251.87944,54,8393.513046
265.76398,56,8395.283588
263.2391,55,8396.260356
267.4102,58,8397.219735
274.5399,58,8398.525385
272.17538,58,8399.593014
284.62637,63,8400.656123
328.1877,70,8401.862131
281.35303,59,8403.060217
282.14062,59,8404.36359
292.06842,63,8405.655916
285.22128,62,8407.159177
289.73145,64,8408.587178
261.8326,54,8409.451222
311.7534,67,8410.912571
301.68204,64,8412.321307
295.75494,63,8413.696098
321.85132,71,8415.375262
305.75323,63,8416.733373
295.06537,62,8417.92765
272.97488,59,8419.20535
272.22754,57,8420.304251
277.4486,61,8421.829228
315.7358,65,8423.171507
285.32242,63,8424.441621
306.59525,66,8426.057466
319.92957,65,8427.363756
283.94113,60,8428.671448
331.3364,72,8430.138548
291.72723,65,8431.225756
309.8289,68,8432.440936
327.47186,70,8433.710897
273.28854,59,8434.69873
329.77316,71,8435.766341
281.06583,61,8436.800685
332.1985,67,8437.938042
278.9195,60,8439.347203
294.03152,61,8440.48082
305.83984,65,8441.588554
284.98242,63,8443.019546
273.19513,57,8444.277085
292.5273,60,8445.697904
316.40756,66,8447.165416
279.44415,60,8448.437006
282.82043,60,8449.832381
271.233,60,8451.027768
271.63998,58,8452.511314
294.61722,61,8453.753481
273.84396,58,8454.744807
272.96295,60,8455.768471
312.45734,66,8456.813389
289.35263,62,8457.979288
295.60217,62,8459.226827
283.3465,61,8460.533446
313.2931,68,8462.029452
289.75522,61,8463.374897
306.4718,64,8464.686916
296.62662,64,8465.758583
272.97342,58,8466.702127
280.56033,62,8468.087281
283.77612,63,8469.384278
312.17508,66,8470.577244
279.08774,62,8472.04125
289.83066,62,8473.384761
369.83624,73,8474.91498
353.37912,74,8476.045691
351.0719,70,8477.173918
397.5583,78,8478.838936
362.26645,69,8480.481639
378.39734,72,8481.784241
387.15417,74,8483.305825
424.0263,80,8484.994244
373.7706,73,8486.681228
509.7901,98,8488.729274
392.68787,75,8490.346443
351.75446,70,8492.037038
369.56,71,8493.36184
387.0471,73,8494.459507
363.4677,72,8495.807901
392.18054,76,8497.421271
495.40762,95,8498.804257
392.1877,75,8500.093494
448.14172,85,8501.612551
409.35614,83,8503.301663
373.4207,73,8504.894026
486.4439,93,8507.124786
484.78952,93,8508.983831
424.23874,84,8511.241826
423.4187,84,8513.293368
404.97476,79,8514.656103
455.50888,91,8516.025116
405.5359,81,8517.768444
335.87088,68,8518.973174
333.47113,65,8520.564376
361.16516,73,8521.77953
317.4678,62,8522.99625
347.58734,68,8524.309905
440.80737,84,8526.617771
381.23718,72,8527.946736
375.94214,72,8529.151784
409.30862,77,8530.440378
410.96393,83,8531.709133
344.74823,70,8533.489553
357.0547,70,8535.24947
341.00186,67,8536.921122
371.4651,71,8538.48479
372.2404,70,8540.263953
393.18546,75,8542.116343
337.96637,69,8543.701122
352.01526,70,8545.066868
393.41208,76,8546.505819
328.71936,65,8547.822326
386.96518,75,8549.361483
390.6998,73,8551.198102
374.8958,73,8552.996732
341.246,67,8554.342735
377.17966,72,8555.520656
419.9155,82,8557.082416
354.04456,68,8558.343664
328.64478,65,8559.483787
370.74435,75,8560.660011
356.9413,68,8561.896117
367.35474,73,8563.68469
393.4297,76,8565.443304
358.97156,69,8567.103881
383.29413,76,8568.358386
340.36124,70,8569.924119
371.8369,71,8571.321901
379.2925,74,8572.743062
381.09238,76,8574.166589
356.37558,70,8575.641121
356.32806,72,8576.995247
373.86786,71,8578.597436
412.13007,79,8579.7661
363.2316,69,8580.744796
381.17883,74,8582.493498
353.28122,69,8583.692325
395.6873,76,8585.266694
334.2802,65,8586.385668
376.6358,73,8587.910194
379.29318,72,8589.647949
424.6419,80,8591.805289
431.12952,84,8593.550369
340.90076,68,8595.224729
358.84332,70,8596.561991
374.76733,75,8598.32784
444.73624,88,8600.684842
382.88553,74,8602.561262
332.39288,65,8603.988547
357.37643,69,8605.522242
383.82306,75,8607.193429
327.4295,65,8608.436583
380.34308,73,8610.36032
348.4643,70,8612.162529
450.76837,86,8613.988767
376.0332,74,8615.631271
414.95105,79,8617.397178
449.76776,85,8619.264237
495.57062,100,8621.599965
554.44916,113,8623.651013
432.42288,95,8625.709057
411.37958,80,8627.399859
587.9178,114,8629.444564
489.4569,96,8631.364216
498.79794,96,8633.695517
477.13663,91,8636.16166
516.8947,99,8638.268959
397.14667,88,8639.73578
458.3089,96,8642.033734
359.31573,74,8643.829931
515.12354,99,8646.261434
444.58716,86,8648.289026
580.8196,116,8651.164626
516.9037,104,8654.043747
445.4602,85,8656.379407
496.32498,98,8658.43961
395.2799,79,8659.974201
504.82123,114,8662.335327
553.9005,116,8664.92825
403.44638,88,8667.163045
535.6086,121,8669.331474
426.64392,91,8671.145585
456.6752,87,8672.856932
437.77814,84,8674.156953
540.4834,104,8675.895033
461.54404,100,8677.746297
446.24335,95,8679.931967
493.84027,96,8682.552018
482.75583,92,8684.348117
433.89117,88,8685.991356
511.6228,99,8688.466099
574.65076,117,8691.991416
437.09348,88,8694.1492
353.49377,70,8695.931203
409.12012,91,8698.028805
614.0625,138,8701.381564
410.63336,81,8703.074256
497.929,99,8704.757628
465.2472,98,8707.254349
487.9674,93,8709.586848
383.8755,85,8711.139659
403.92697,81,8712.75651
505.51343,103,8714.501371
544.88025,107,8717.475246
528.2153,105,8719.629996
432.95245,92,8721.813664
451.34238,90,8723.727414
582.6446,120,8726.834928
525.75916,116,8729.831062
525.2899,103,8731.888325
561.4143,109,8734.111315
405.98288,79,8735.97642
495.57568,98,8738.384309
483.69498,105,8740.384828
467.4661,89,8742.912342
440.528,94,8745.016333
379.43268,78,8747.182885
384.09802,81,8748.939991
410.03662,79,8750.692034
399.81125,82,8752.267698
512.9306,103,8754.884524
424.3608,80,8756.65856
458.56894,93,8758.417172
537.3491,110,8760.473837
413.4516,87,8762.303433
499.96112,96,8764.683244
432.2876,84,8766.606867
447.50113,86,8768.508093
377.21167,79,8770.359753
412.35965,81,8771.81476
397.05713,83,8773.541596
389.21478,75,8775.260007
464.5233,98,8776.997965
386.86322,77,8778.9629
366.75296,75,8780.235882
437.33755,86,8782.301533
394.09305,78,8784.315039
441.41678,85,8786.29096
437.5305,83,8787.571333
375.19794,78,8789.301153
438.72858,90,8791.07926
445.74167,89,8792.9499
378.39798,73,8794.195902
397.8062,76,8795.333541
534.31,103,8797.459612
457.03598,90,8799.297928
468.41443,93,8801.211779
359.3086,76,8802.803094
416.3833,84,8804.402217
424.55368,85,8806.262788
438.40674,92,8807.923948
445.2688,93,8809.786379
484.83377,93,8811.846821
631.8766,126,8814.42205
381.3244,77,8816.043541
457.78568,88,8817.637482
401.58475,87,8819.632305
420.1372,84,8821.855741
404.39105,80,8823.814793
424.15692,81,8825.638992
546.4979,106,8827.96743
371.27914,80,8829.72384
428.07556,82,8831.743119
440.1029,88,8833.926886
538.9093,106,8836.327696
570.2262,111,8838.260725
389.16937,80,8839.762572
457.5253,91,8841.265562
489.0656,98,8843.20412
447.87415,85,8844.659489
539.8811,119,8847.020504
555.1788,118,8848.947965
407.3822,86,8850.658636
418.67932,82,8852.706636
478.41974,96,8854.618935
351.21954,76,8856.456498
410.24332,81,8857.974179
372.6093,78,8859.284823
570.62463,113,8861.954089
398.1159,82,8864.070317
378.50568,78,8866.164823
494.1765,110,8868.480018
407.77988,81,8869.984634
486.687,94,8872.354091
413.58273,81,8873.82815
467.23294,89,8876.011782
549.3007,108,8878.874833
353.657,76,8880.475778
462.0715,88,8882.185927
551.58984,107,8884.887417
453.4839,93,8887.266424
442.1703,91,8889.290606
399.05365,84,8890.84883
449.9647,93,8892.323607
474.89615,94,8894.147898
555.16504,108,8896.33151
361.74072,80,8898.266215
379.94937,78,8900.397812
549.65985,111,8902.822965
387.82587,77,8904.460442
546.07043,106,8907.003236
394.55478,74,8908.648105
288.93542,55,8909.638661
335.0566,63,8911.228166
273.08377,51,8912.592739
253.63838,48,8913.846946
279.35574,53,8915.210443
301.13007,57,8916.154361
293.79175,55,8917.147085
281.63107,53,8918.092813
444.33667,85,8919.960717
398.27106,75,8921.943086
468.82248,91,8923.872202
374.021,71,8925.386135
440.6184,84,8926.952838
406.9883,77,8928.912763
428.71802,81,8930.840881
401.2413,76,8932.166641
414.70724,78,8933.464148
388.74832,73,8934.667144
405.66928,77,8935.957133
406.75793,78,8937.137939
349.9533,66,8938.118021
393.33688,75,8939.552271
408.28732,77,8941.115022
432.12775,83,8943.188908
443.984,85,8945.339291
426.54807,81,8947.243079
460.83383,89,8948.963295
482.40738,93,8950.498415
419.0336,79,8951.865324
402.02414,76,8953.37371
441.17526,85,8955.028504
396.1225,78,8956.455077
454.66483,86,8957.932176
421.5176,80,8959.285258
335.4618,64,8960.35611
446.3113,85,8961.836495
409.82968,77,8963.254678
414.92422,80,8965.073043
344.25232,66,8966.666672
356.6709,69,8967.989684
390.10278,74,8969.285298
337.1084,65,8970.91732
360.71948,70,8972.437
326.30826,64,8973.640562
310.19684,61,8974.665194
435.26248,84,8975.905105
344.58408,65,8977.041898
527.95734,102,8978.984467
485.5788,94,8981.224151
360.35565,71,8982.76619
404.56683,77,8984.165226
420.68683,81,8985.470821
370.63336,72,8986.713264
415.54465,79,8988.348931
346.40762,68,8989.769608
404.29324,77,8991.432733
392.04544,79,8992.974507
408.8852,80,8994.75183
380.5481,72,8996.363323
478.7436,92,8998.250592
369.44168,75,8999.762917
365.6405,78,9001.439331
469.58752,90,9003.029424
401.1576,77,9004.773799
471.70593,94,9006.827598
408.52634,87,9008.215966
374.73343,82,9010.256155
458.59018,96,9012.701629
432.96918,90,9014.655123
445.95645,85,9016.583172
565.6836,110,9019.324474
411.29865,90,9020.937829
384.4069,78,9022.217055
522.01135,104,9024.464439
508.04822,98,9026.898779
450.35413,86,9028.626671
390.23862,85,9030.448756
635.37225,125,9032.77581
354.22324,71,9034.392376
439.24478,86,9036.416716
416.35666,89,9038.14776
365.78503,79,9039.518865
371.88345,76,9040.771539
471.8226,96,9042.399001
566.69116,110,9044.819514
401.15808,76,9046.38813
498.93753,96,9047.938203
366.30563,77,9049.356996
494.19424,96,9051.436765
404.92636,87,9053.257538
489.85312,102,9055.200527
448.01746,86,9056.88689
534.5039,112,9059.361401
454.88458,87,9061.403156
427.83524,81,9062.965702
417.87296,82,9064.204455
392.845,82,9065.533771
470.8537,91,9067.267326
422.0073,88,9068.900483
464.02808,89,9071.041386
541.0506,112,9073.096333
468.29547,91,9075.708714
511.04657,102,9077.790828
463.7523,89,9079.531042
508.93695,101,9081.523707
423.9628,87,9083.233533
415.68488,90,9084.714954
428.31958,83,9086.230397
355.3634,78,9087.802157
432.08432,96,9089.666875
385.40158,83,9091.303012
388.57397,85,9093.150292
409.09573,79,9095.10438
417.33408,92,9097.469443
607.0509,128,9100.183916
397.46863,81,9102.180735
383.29767,81,9103.909778
412.41824,82,9106.001774
429.68835,92,9108.377114
367.02536,78,9110.519389
439.22165,85,9112.310534
479.25192,105,9114.630484
376.17996,80,9116.422979
428.0946,91,9118.435571
651.7642,142,9121.704195
402.20895,84,9123.358108
510.70245,116,9125.983098
457.6719,94,9128.046375
386.89752,78,9129.717954
955.0547,192,9133.850481
434.54886,94,9135.891864
403.9651,80,9137.331841
492.5559,111,9139.66675
425.80057,83,9141.419944
350.1585,76,9142.988161
508.8823,110,9145.069043
508.88654,98,9147.628308
491.97568,95,9149.643374
478.3099,98,9151.314162
436.02853,86,9153.173048
392.38434,77,9154.794711
414.30002,81,9156.653438
353.50333,73,9158.089854
355.9661,74,9159.515062
440.59558,93,9161.205492
399.98083,87,9162.984224
483.84616,98,9164.885584
326.99683,70,9166.375413
373.56848,76,9168.243223
494.96423,100,9170.268739
446.45978,85,9172.465475
351.63245,77,9174.049782
413.28625,82,9175.518392
432.6193,90,9177.104147
451.4686,100,9178.989503
350.52814,76,9180.655011
369.59973,77,9182.297156
356.66675,76,9183.313916
419.24146,90,9184.603282
414.49835,80,9186.107546
494.20746,107,9188.457439
438.4968,84,9189.999451
506.74207,100,9192.138356
446.66174,93,9193.670777
525.77454,107,9195.565896
361.35892,78,9196.924836
690.68915,154,9199.544681
383.13477,80,9201.111244
441.54797,91,9202.639477
410.40823,94,9204.277904
435.06552,83,9205.814761
438.06155,87,9207.311891
422.9416,83,9209.33083
354.44345,74,9211.224454
439.64944,85,9213.107636
424.77237,83,9214.881974
503.69693,99,9217.169053
396.7671,78,9218.890363
393.28964,83,9220.787993
391.1643,77,9222.626535
533.01117,112,9225.065393
460.47107,89,9226.749113
404.79,81,9228.398432
397.76224,83,9229.900316
464.18716,98,9231.992662
399.02893,77,9233.671235
448.72955,87,9235.599387
393.99594,81,9237.292622
484.10922,93,9239.237041
548.59247,110,9241.435853
449.74817,97,9243.672973
344.766,73,9245.297277
372.5467,78,9246.687182
488.65433,104,9248.974485
466.42526,94,9251.409229
518.71014,101,9253.800769
593.41376,124,9256.134215
373.54916,78,9258.004739
417.86743,82,9259.549936
527.1525,115,9261.713443
383.2396,78,9263.505981
462.10825,96,9265.80178
410.8709,78,9267.621223
546.29443,109,9269.985311
560.8899,111,9272.07629
491.5509,103,9274.57341
451.7636,94,9276.807444
391.5767,82,9278.503552
564.307,117,9281.02011
406.82043,80,9282.750867
474.48685,91,9285.001324
506.2489,99,9287.008731
474.69058,92,9288.993207
464.81815,90,9290.856878
375.27756,80,9292.536648
388.62323,76,9294.446951
364.25656,72,9295.871207
352.745,72,9297.178546
391.5635,77,9299.054804
429.35562,84,9300.823766
350.4769,70,9301.85804
441.21542,86,9303.61882
350.1461,73,9305.347525
343.8268,75,9307.272001
354.40677,73,9309.225374
475.58347,96,9311.932296
655.09753,129,9315.524001
535.5107,104,9318.299989
399.56396,87,9320.301773
431.0819,85,9322.575019
454.4705,87,9325.287239
662.4918,135,9328.274066
347.56772,69,9329.677617
422.60962,82,9332.487693
529.5757,103,9335.084945
464.4233,89,9336.983365
554.9713,113,9339.84383
414.53018,85,9342.499691
457.4782,93,9345.404629
551.0934,115,9349.434595
481.88602,100,9352.168104
586.1007,115,9355.818997
414.12036,79,9358.657661
460.9195,97,9361.41003
434.17178,83,9363.542387
418.07556,90,9366.634276
426.12024,85,9369.315276
439.23547,92,9372.547318
451.67566,88,9374.708663
440.94067,95,9376.852659
404.89444,93,9379.347381
437.72964,84,9381.735183
435.18716,85,9384.239099
536.46844,103,9386.650913
410.86633,78,9388.264014
476.8098,98,9391.278995
413.69995,85,9393.253248
