#{"t_start": 1756072367.6001024, "env_id": "None"}
r,l,t
106.684326,21,3.204623
101.54748,20,3.229625
83.63712,17,3.261605
83.38073,17,3.295845
120.43714,24,3.3403
83.31141,17,5.011157
110.374565,22,5.739286
78.360664,16,6.338223
155.65639,32,7.09876
106.30044,21,7.735978
131.21562,26,8.528791
96.19684,19,9.135373
160.11256,31,10.002105
95.000725,19,10.570275
88.5719,18,11.262439
167.97441,32,12.356489
94.99004,19,12.957125
89.926735,18,13.67951
124.16902,26,14.380901
83.78621,17,14.989736
118.06038,25,15.777226
78.01007,16,16.242088
117.009636,23,17.141047
83.24185,17,17.769824
148.25125,29,18.798136
87.827515,18,19.596265
115.86048,24,20.514796
95.30018,19,21.068376
78.46164,16,21.675591
100.62346,20,22.580265
87.72108,18,23.286141
78.34582,16,23.767311
83.424965,17,24.261006
77.65893,16,24.766096
82.86727,17,25.273798
83.633125,17,25.643523
83.455536,17,26.153414
83.37877,17,26.56283
84.31967,18,27.113307
103.269424,21,27.791485
94.51913,20,28.431373
88.580444,18,29.030817
86.99978,18,29.600831
93.411514,20,30.283279
101.09294,23,31.062646
88.02076,18,31.711627
83.338806,17,32.394979
83.23474,17,33.069455
87.40117,18,33.594278
92.239456,20,34.365835
96.2041,20,34.8644
119.39364,26,35.364718
121.8579,24,36.112195
173.94025,35,37.296101
127.22006,27,38.024545
137.66809,31,39.097073
160.73758,34,40.196936
178.62506,38,41.317144
332.86902,67,43.395349
283.41266,56,44.822717
244.55376,48,46.25759
214.71039,40,47.703059
280.3509,51,49.171929
247.55884,46,50.550527
245.7429,45,52.196104
273.2618,50,54.007691
269.88882,49,55.453266
281.79218,52,56.588183
294.99463,54,58.202628
312.9152,57,59.980287
342.43512,65,62.02494
326.2218,64,64.134522
342.05127,72,66.664496
278.696,53,68.412497
301.58536,62,70.479139
375.1336,74,73.053111
349.47214,64,75.27205
340.5759,63,77.125242
455.02792,85,79.488056
364.93256,79,81.540996
301.48703,59,83.631541
315.20245,60,85.580525
371.34903,74,87.742458
459.12802,86,90.177054
604.01697,119,94.761254
272.06705,51,96.029304
402.84775,87,98.265571
287.00305,53,100.214574
306.77298,65,102.708736
315.42175,58,104.790942
293.73352,54,106.631289
329.38354,62,108.913164
316.8677,58,110.60814
302.45178,56,112.217306
291.21756,55,114.083239
246.86534,46,115.798393
369.17258,68,118.113233
291.80884,56,120.106025
300.47583,55,122.078923
396.87338,77,124.627534
135.38036,29,125.690857
508.09668,99,128.696236
355.93192,67,131.009694
309.2121,57,132.397691
359.88617,65,134.540203
312.57083,58,136.242986
249.82405,47,137.711873
285.6415,52,139.593322
324.9649,60,141.484151
276.154,52,143.067127
274.6594,53,144.894925
308.2627,58,147.115599
283.3166,51,148.917794
371.7938,71,151.193701
307.93643,57,152.834805
301.34286,59,154.342126
296.46088,56,156.148186
308.79477,59,158.38834
302.22632,57,160.284594
317.39313,58,161.717842
306.31705,57,163.163857
344.68204,64,165.005035
277.53964,51,166.806513
342.0,62,168.585657
304.962,55,169.804749
253.91948,47,171.363822
466.91742,85,173.837014
334.06686,63,175.87169
384.44595,79,177.968604
263.02628,53,179.362845
361.38818,69,181.750533
270.7968,57,183.01939
315.97675,63,185.14133
335.9606,63,187.266562
368.486,77,190.015388
345.5478,68,192.585302
347.86856,66,194.57846
437.9214,88,197.53412
316.88403,59,199.374669
386.0526,75,201.899143
284.49228,56,203.253678
466.606,91,205.92548
275.17026,58,207.84981
374.26288,72,210.488895
407.7088,78,213.399425
322.59778,64,215.83907
403.565,78,218.717644
368.278,68,221.031595
363.0947,69,223.19962
360.12088,69,225.045371
396.88498,75,226.657856
340.01736,64,228.953837
304.40784,66,231.451859
338.01117,69,233.864395
260.2238,49,235.398603
358.87683,68,236.908898
497.16312,94,239.681713
361.70282,69,241.995209
357.81992,69,244.222377
397.99432,75,246.819519
299.45258,60,248.747413
402.1701,74,250.955086
408.3188,76,253.046418
428.49655,80,255.865233
388.25925,73,258.726206
344.61197,65,261.540217
350.07727,70,263.380175
362.39072,70,265.499335
186.99736,38,266.84007
380.47656,73,268.897566
404.49402,78,271.397068
503.18317,98,274.072536
315.8083,59,276.013242
366.74786,70,278.524065
419.67154,89,281.297941
425.6322,86,284.484873
287.89835,54,286.264291
243.9554,47,287.382085
325.40024,63,289.369328
400.8612,76,291.765692
428.526,88,294.756042
169.28668,34,295.931704
400.1835,75,298.963272
295.31808,65,301.386552
412.00674,79,304.178858
443.83893,97,306.873048
245.05725,53,308.491662
266.37323,61,309.985793
280.59665,56,312.063175
344.16385,78,315.084939
299.5207,64,316.661206
367.16318,82,319.619114
496.44318,93,322.147024
399.15616,89,324.940055
318.25504,73,327.688017
373.35706,83,330.645744
332.87845,75,332.839153
320.04126,74,335.293152
410.63434,75,338.010307
286.2334,66,340.052136
295.32318,58,341.976963
419.66888,92,344.73924
422.00742,81,346.962893
331.73782,73,348.779267
375.4788,85,350.985735
252.17162,52,352.363033
538.16644,104,355.601805
391.6329,77,357.996032
410.43027,78,360.285645
471.64792,91,363.40283
423.09814,81,365.698023
408.6432,85,368.443622
326.48566,62,370.704545
328.49518,63,372.395185
380.00836,73,374.302767
356.07385,66,376.033527
335.55505,63,377.85981
255.67543,48,379.61841
288.80948,54,381.576658
529.72406,100,384.490007
402.48355,75,386.665505
301.69476,58,388.464589
514.12476,107,391.517033
276.52463,52,393.065152
335.8725,61,394.802181
359.3379,65,396.413221
345.98074,66,398.913677
369.44565,69,401.153727
473.69382,94,403.803467
471.9877,92,406.917177
474.71658,92,410.529423
390.48532,81,413.340975
438.71762,88,415.7966
435.61258,82,418.002348
369.14972,69,420.460686
415.7794,78,423.22968
364.14838,67,425.436285
397.3556,85,428.458309
334.3058,62,430.89299
526.82874,104,434.804375
289.84772,63,436.736055
344.6438,71,438.695848
267.707,61,440.946814
306.4256,71,442.919485
299.31393,63,444.652329
503.28268,97,447.035825
625.1146,121,450.397491
281.35556,54,451.806591
336.0856,65,454.215759
328.4768,71,456.605031
373.17773,70,459.307851
354.1743,71,462.108127
469.29718,88,465.705201
382.79816,71,468.128382
249.89282,50,469.355373
192.0332,38,470.825036
503.1839,109,475.126127
329.2744,62,477.484404
435.25012,86,480.872308
318.44406,61,482.971334
443.2164,82,485.803246
374.81445,71,487.756361
288.47745,56,489.705442
428.9293,95,493.095204
501.833,94,496.360409
449.06766,88,498.786416
523.5619,99,502.145156
285.7234,57,504.404521
372.7907,75,507.409292
421.16898,90,509.887201
493.92712,91,512.663184
390.65634,71,515.004336
427.73395,80,517.907918
453.9403,90,520.587195
267.3644,50,522.272949
280.35425,52,524.109662
426.99063,78,526.503535
405.669,75,528.217297
318.8518,59,529.956774
344.658,66,532.153081
498.73044,92,535.165237
465.91675,88,538.443355
536.46906,99,541.800834
281.93625,60,543.63193
346.65036,74,546.022744
218.22467,46,547.386955
357.99564,77,550.274591
337.63364,74,552.253807
398.45734,91,555.333711
353.0031,76,558.27319
321.8717,70,560.663556
500.06906,109,564.170037
412.97455,79,566.704678
361.54227,70,568.852771
238.3874,45,570.5651
350.53992,80,573.271855
403.41608,76,575.589583
350.27228,64,577.445387
345.82956,64,579.538538
308.33487,57,581.360249
415.0404,76,584.435556
350.7089,65,586.25773
334.95233,64,588.273385
589.1894,118,592.222171
299.05667,55,593.429221
548.84204,102,596.624443
321.9188,60,598.592298
311.10056,60,600.92223
298.75122,59,603.020442
406.9992,77,605.429513
404.42953,79,608.230729
364.3445,68,610.828882
307.78116,59,613.051255
323.08908,63,615.092661
418.1396,80,617.873338
387.26672,76,620.241316
354.7105,67,622.244043
355.61755,69,624.189227
312.81985,60,626.414276
508.03406,102,630.050329
398.11905,75,632.153295
383.05792,74,634.567457
296.5769,60,636.499884
388.05203,84,638.926511
369.97208,79,642.035055
434.66867,81,644.420207
345.96448,67,646.715564
494.87524,103,650.458045
481.4624,94,653.460151
506.94583,106,657.577026
425.26248,92,660.809974
417.63376,93,664.095682
291.00632,65,666.13515
347.99402,79,668.505695
315.91513,69,670.831389
637.1091,124,674.594941
718.4372,138,680.013932
455.83002,87,682.780145
711.50555,136,687.096132
317.2217,68,689.287996
563.486,122,693.013791
390.43555,72,695.578393
390.3687,73,698.158656
379.33395,78,700.975702
390.31177,82,703.772928
277.39557,57,705.945371
397.7205,75,708.725983
304.6652,60,710.852047
384.21103,72,713.683549
384.01428,71,716.168734
397.4182,79,719.277711
252.02734,48,720.679713
394.33765,76,722.679813
361.48572,69,725.415251
374.50458,73,728.227879
362.23386,79,730.840273
460.15915,98,734.366775
433.4245,80,737.437432
348.0964,66,739.98509
389.70654,78,742.676192
345.56952,63,745.083017
434.81705,96,748.774783
319.50378,69,751.048403
448.38644,85,754.210436
486.40567,91,757.585026
729.57825,142,762.727454
385.3258,70,765.214164
573.8788,121,769.142496
634.3464,122,773.177334
375.05826,80,775.275645
325.99435,65,777.188793
427.0723,81,779.318732
374.33972,80,781.90133
315.5173,59,784.08527
435.3091,92,786.560649
330.23077,68,789.209085
364.2642,72,791.62187
320.24286,69,793.813921
315.81488,59,795.793683
396.58447,90,798.943869
551.94775,120,802.787772
398.8353,73,805.539852
390.09192,71,808.270236
406.31845,75,810.836282
373.3173,69,812.858554
386.37317,71,815.658511
412.07388,86,819.360342
357.3693,70,821.852445
338.27838,63,824.2682
359.35403,66,826.457542
400.83472,77,829.534397
325.53162,61,831.215817
392.6497,74,832.993568
419.83673,83,835.296658
366.18494,70,837.265395
347.01755,69,839.331071
462.92892,89,842.076667
543.5966,106,846.236458
467.25452,90,849.12728
341.0492,66,851.551039
327.737,61,853.558974
334.33374,62,855.906163
546.1981,113,859.677349
592.8252,111,863.03412
454.44247,86,865.835134
480.34866,96,869.361114
378.04913,69,871.466949
399.52902,73,874.488652
248.31055,51,876.508935
384.63245,74,878.863031
388.00534,74,881.484217
297.81625,56,883.5969
421.85867,80,886.273926
412.06366,76,889.121024
327.3129,61,890.4603
414.3311,90,893.586312
308.47418,59,895.407901
388.8163,72,898.044121
337.45474,63,900.338609
276.7894,54,901.946421
303.79968,57,903.70285
392.71524,73,906.180261
310.12714,60,908.42513
500.141,96,911.731604
448.4035,85,914.927937
433.49103,95,918.418592
478.0471,101,922.00365
391.89542,82,924.602827
366.19537,82,927.755288
410.27155,80,930.366136
462.50278,87,933.371465
353.45486,77,936.304255
381.16162,79,938.893694
661.31744,140,943.573125
353.6861,70,946.079445
310.89072,68,948.435746
612.9366,126,952.264525
299.5565,65,954.91427
476.5387,89,957.341115
387.32535,82,960.081923
505.73996,96,962.493039
392.525,76,965.31719
488.284,105,968.516141
525.604,111,972.080905
329.88547,71,974.87066
440.30313,92,977.556273
271.2446,57,979.146517
364.15918,83,982.074375
443.70123,97,985.308318
810.3623,164,990.470091
468.1454,104,994.25006
404.10117,77,997.401981
558.1147,119,1001.41811
443.94626,95,1004.007218
306.59387,63,1005.954464
507.89526,100,1009.147093
590.69666,116,1013.616071
492.1039,102,1017.292362
699.0054,135,1022.600283
401.47488,85,1025.359895
351.84592,78,1028.514839
615.9213,119,1032.855288
572.7032,109,1036.348487
588.8391,124,1039.988589
439.56088,83,1042.113059
308.53433,67,1044.258216
434.25784,96,1047.08147
386.38824,85,1049.742784
497.27432,106,1053.431373
445.85605,85,1056.677688
612.7205,133,1062.705477
387.26114,84,1066.624319
321.32098,71,1069.204154
823.38696,170,1076.703197
503.15704,110,1081.219496
345.95596,73,1083.401482
290.73746,61,1085.34167
366.96237,82,1088.353495
297.84137,65,1090.518365
419.33603,80,1093.209394
348.41357,74,1096.022973
426.97055,88,1099.489686
536.52686,100,1103.11148
595.1846,110,1107.524373
398.84943,74,1110.567747
468.28314,89,1113.477916
363.7706,67,1115.731762
290.66837,53,1117.562496
454.2758,83,1120.114168
327.444,72,1122.657595
398.87582,75,1124.880172
453.54022,96,1128.453285
383.4926,69,1131.3956
461.21426,86,1134.646077
368.47473,69,1137.32902
623.4854,116,1141.5715
400.94092,74,1143.967417
308.50427,70,1146.268052
428.27902,84,1149.454794
474.4598,105,1152.557681
273.6656,58,1154.597668
424.4166,77,1156.959045
399.48557,88,1159.729992
488.9259,104,1163.799892
513.9305,95,1167.160381
490.69626,105,1170.556868
552.3752,115,1174.801005
859.1249,168,1180.951724
559.4428,105,1184.634485
407.10202,78,1187.067027
408.208,78,1190.003664
541.30664,107,1193.961996
409.4897,91,1196.719161
413.20102,82,1199.852419
246.84854,48,1201.765978
406.87247,89,1205.186132
432.60657,82,1207.984059
415.7916,79,1210.424089
419.43094,81,1213.072789
391.22647,77,1215.258303
394.95303,74,1217.844291
441.99246,84,1220.343555
249.39944,47,1222.315674
728.27264,138,1227.228954
424.43823,82,1229.782024
370.6966,82,1232.382017
311.7052,68,1235.253757
293.8994,61,1237.249247
296.20285,63,1239.012298
363.8758,76,1240.979753
419.26956,79,1243.336252
496.4363,98,1246.37633
353.66992,73,1249.03448
481.55304,104,1252.39935
330.7884,69,1254.831188
451.9637,96,1258.450412
658.7647,141,1262.85889
422.03732,91,1266.422947
497.61435,107,1270.079501
366.93854,79,1272.944299
432.66345,94,1276.551981
469.01178,87,1279.874112
606.09094,128,1284.50717
388.60983,84,1287.31814
311.829,68,1289.88137
392.2292,89,1292.523299
308.5848,66,1295.077059
464.27423,104,1298.595967
401.95328,90,1302.040808
383.8594,79,1304.711315
340.34705,76,1306.874536
301.027,65,1308.791412
479.42245,98,1312.249084
277.676,60,1314.212677
673.25226,129,1318.33389
493.01422,103,1321.950864
366.48492,80,1324.598319
483.6409,88,1327.905798
375.29605,85,1330.576696
546.26776,101,1334.217649
383.0372,81,1337.529342
402.59442,76,1340.376993
487.16068,90,1344.273506
551.04517,101,1347.768558
407.50317,73,1350.388752
569.3738,109,1354.147219
357.59213,67,1355.852009
367.7323,68,1358.179037
447.55823,97,1361.442335
414.46454,81,1364.314275
306.88647,60,1366.490062
481.87225,95,1369.39292
414.51492,76,1371.73999
323.4677,72,1374.085435
347.7324,65,1375.837127
395.16772,85,1378.542095
422.19427,78,1381.597917
583.6613,110,1385.364389
812.9852,162,1390.659234
757.07654,149,1396.58874
715.0219,141,1401.92871
345.01465,72,1403.993466
487.82855,104,1407.188788
519.4853,108,1411.471608
503.92685,94,1414.390387
382.29547,72,1417.26258
378.05048,70,1419.879193
283.74908,59,1421.866662
314.72192,69,1424.571168
775.8715,149,1429.016011
456.54108,83,1431.706026
358.54678,66,1434.288902
439.21793,84,1436.982862
600.08466,119,1440.659305
272.62927,58,1442.484653
469.01562,86,1445.978081
616.8433,115,1450.190107
510.6374,116,1453.745215
348.21875,74,1456.497455
453.16028,97,1459.918023
535.0497,117,1463.405097
424.6146,82,1466.052328
526.99854,97,1469.07105
618.94257,119,1473.708678
510.43243,96,1477.340455
658.62213,144,1482.611471
452.11646,86,1485.490796
503.4539,98,1489.030718
589.04364,127,1494.004226
565.56604,120,1498.626021
481.79385,93,1502.196032
648.56854,125,1506.190186
494.40552,92,1509.159706
435.54514,92,1512.476803
483.15677,106,1516.168579
414.1471,92,1520.11462
469.65598,91,1522.96802
518.45593,96,1526.019449
405.45282,76,1528.729548
499.34335,97,1532.607337
849.3504,172,1538.651593
436.64255,85,1541.761436
551.2656,109,1545.480257
620.4533,115,1549.703252
320.3502,62,1551.942966
487.23276,90,1554.718358
346.6735,66,1556.63851
379.9198,85,1559.466919
470.86118,102,1562.629261
530.4572,99,1566.333011
586.58765,125,1570.257768
424.4569,78,1573.445485
417.52472,91,1577.205936
399.63766,74,1579.504266
794.26965,157,1585.492327
454.00626,86,1588.374802
601.34753,113,1592.495742
422.12167,89,1595.971225
593.7105,110,1599.61376
404.63898,87,1602.386018
354.69037,68,1604.837295
547.84045,101,1608.494348
731.6444,143,1613.313392
490.13232,93,1616.713315
453.5875,83,1619.4791
610.2009,116,1623.006839
488.4893,102,1626.70946
429.64087,80,1628.840632
502.44125,97,1632.915486
588.9466,123,1637.415813
465.83817,94,1641.105516
470.80142,89,1643.848818
523.572,116,1647.803206
619.579,134,1653.221852
426.8289,89,1656.19145
483.39392,91,1659.10692
678.20654,139,1663.291011
569.2696,114,1667.125203
481.3436,93,1669.594344
410.39127,75,1672.09541
576.14014,107,1675.193508
502.45312,96,1678.404644
436.50784,95,1681.462721
417.04938,91,1684.12339
409.7076,79,1686.872766
505.63867,94,1690.27855
400.35117,86,1692.887682
682.0809,137,1697.447104
361.29944,68,1699.622499
334.71765,63,1701.85641
441.15063,81,1705.08027
519.6119,103,1709.166366
407.11157,77,1711.871536
530.8335,112,1715.788892
428.59338,79,1718.362881
394.87585,72,1721.060511
480.5318,93,1724.76416
631.0377,136,1728.997201
558.03107,116,1733.236622
536.23474,102,1736.01509
538.3456,104,1739.435817
483.02307,93,1742.776418
531.1857,117,1747.294723
493.4161,91,1749.830888
458.03262,87,1752.581135
499.24643,97,1756.167549
499.38455,93,1759.552289
327.55725,74,1762.000844
980.6932,202,1770.862455
283.8583,55,1772.958102
527.0648,101,1776.249346
492.9429,90,1778.892943
555.2826,112,1782.391483
415.94757,81,1784.569417
646.33105,145,1788.925059
485.66333,90,1791.870453
571.0313,111,1795.888196
386.80548,73,1798.698929
500.76892,94,1801.675396
534.6792,100,1805.195326
467.5653,93,1808.778969
348.81476,68,1811.168086
351.9024,65,1813.127702
618.2937,115,1817.320549
705.7003,133,1822.646874
790.7832,149,1828.459274
356.18622,66,1830.582291
393.97058,72,1832.88043
776.1856,148,1838.512136
503.13773,109,1841.532914
544.4639,106,1845.299997
597.7214,129,1849.410952
682.50696,144,1854.235564
371.07437,78,1857.225586
359.46237,72,1859.864893
451.0895,98,1862.991551
707.97626,138,1867.731909
376.80615,71,1870.118721
513.6225,96,1873.42164
981.93494,197,1880.493299
553.2665,105,1883.647251
516.98773,97,1887.242905
674.47455,129,1891.369045
638.2379,122,1896.308429
820.93085,167,1902.620304
845.4041,165,1907.845331
369.07867,79,1910.362547
735.6372,158,1917.056144
726.269,140,1921.817793
398.00485,88,1924.67272
620.49225,125,1930.047398
271.113,51,1931.785451
445.9917,98,1935.680669
890.5919,173,1942.609558
532.1354,98,1945.598759
444.5382,87,1947.971925
312.0466,67,1950.257541
545.5964,113,1954.563133
608.9243,133,1959.700021
486.7884,89,1963.010464
774.37946,169,1968.351988
497.3725,93,1971.742937
481.0101,88,1975.396511
535.2854,100,1979.179739
415.88113,83,1982.137639
495.05112,107,1985.38297
412.44937,94,1988.427298
397.97617,86,1991.171923
320.36893,72,1993.328192
736.7528,143,1998.24324
496.83234,94,2001.926941
410.03058,75,2004.766752
544.09644,114,2008.456985
377.04123,77,2011.040237
758.941,143,2015.967379
460.56293,85,2018.144261
493.19833,108,2022.424264
610.2554,133,2027.802502
363.47147,68,2030.66375
478.8217,91,2034.514103
463.60437,108,2038.993509
1087.7992,237,2047.110999
520.0788,114,2050.371688
572.44507,111,2053.488984
445.08896,101,2056.159162
418.80746,91,2059.330361
534.52246,114,2063.562074
818.3441,156,2069.236047
371.31104,69,2071.838141
557.9277,115,2075.584378
659.1794,148,2080.091519
550.0999,118,2083.905906
537.42224,100,2087.194273
500.5712,104,2090.998021
556.83624,125,2095.752767
374.05865,72,2098.830174
595.6196,116,2103.52509
682.775,141,2108.472211
564.34607,108,2112.822133
531.22546,106,2116.919237
568.5355,109,2120.771931
498.78577,96,2124.921846
559.80817,102,2127.91372
586.8596,116,2131.152931
564.59125,107,2135.346635
542.3693,101,2139.113623
885.5091,167,2145.424011
385.94464,72,2148.166367
508.37143,95,2151.648963
827.90576,162,2157.50106
396.65475,77,2159.744867
468.0272,87,2162.805645
460.73044,87,2165.578877
358.78867,69,2167.807714
534.3055,100,2170.567565
391.23553,75,2173.554506
655.5514,139,2178.935281
647.927,126,2183.208232
450.54684,97,2185.892891
694.4958,136,2190.156166
529.7952,99,2193.89992
607.8563,116,2197.652525
490.10498,101,2201.501824
736.6115,162,2207.588127
712.90594,136,2212.716837
543.7367,123,2216.791595
579.0126,110,2220.784993
457.33173,102,2225.323543
468.68488,109,2229.5926
529.66693,101,2232.960971
496.30676,108,2237.156403
684.12805,143,2242.288936
472.2185,87,2245.247278
422.53992,86,2247.959123
592.93677,129,2252.45629
553.6014,112,2256.138481
357.679,69,2258.784504
524.0739,99,2261.520921
393.3613,75,2263.482781
595.05347,128,2267.524765
502.8076,112,2271.379941
553.62134,110,2275.789643
731.4667,165,2283.829265
698.5437,133,2288.759821
619.0068,130,2294.021262
549.7944,118,2298.633315
590.4194,127,2303.231273
504.79007,97,2306.33207
550.1519,104,2310.034075
560.53046,105,2313.655192
750.3372,165,2319.843333
704.0033,156,2325.463113
621.49084,122,2329.72526
512.7511,115,2333.804972
873.7235,171,2339.216591
886.47144,175,2345.515021
519.3821,115,2349.386875
417.53372,92,2352.427634
373.89395,79,2354.897426
391.65002,87,2358.319702
412.85074,91,2361.815003
348.45728,79,2363.931159
380.67816,82,2366.880468
416.45682,77,2369.638701
442.93585,99,2373.040644
663.93164,150,2378.332848
494.8074,106,2381.919142
554.9707,124,2385.614185
352.81195,80,2387.980227
906.90985,173,2393.435053
457.74487,85,2395.711159
772.1996,149,2400.134795
499.34348,104,2403.951191
773.18225,145,2409.026054
462.9377,102,2412.684977
576.8812,108,2416.790982
463.20193,99,2420.348357
408.30176,89,2422.933993
524.79425,118,2426.217508
541.62933,100,2429.1266
658.37085,127,2432.968494
516.84705,119,2436.968163
555.92664,119,2441.296767
578.7847,113,2444.960315
459.24817,101,2447.702368
514.6601,97,2451.411694
553.6267,123,2455.703002
549.2792,104,2459.97454
572.5125,106,2464.260281
435.27792,101,2468.385443
386.30383,81,2471.289977
441.56738,95,2474.108425
448.0308,97,2477.429655
369.98105,82,2480.247714
603.3112,114,2483.936387
363.76035,75,2486.313219
702.8302,130,2491.006655
433.49005,92,2493.696644
815.1392,168,2499.626415
570.884,107,2503.634268
557.9453,110,2507.378453
637.0858,121,2510.935415
549.4332,121,2514.177515
418.58206,90,2516.227946
675.5877,129,2520.738349
692.8441,150,2526.503844
507.55945,95,2529.217158
583.0728,111,2532.496807
471.13406,89,2535.256326
885.35754,174,2541.131844
422.40924,83,2543.40926
726.8069,162,2547.473271
372.32632,80,2549.704293
474.54385,103,2553.476708
533.24115,113,2557.519471
752.7727,147,2562.222209
400.41888,73,2564.779815
453.2167,83,2567.650258
636.2807,135,2570.744904
482.30536,101,2573.006483
426.85638,94,2575.035889
828.72784,166,2580.14102
414.07043,75,2582.426851
682.9307,130,2587.989032
689.86597,150,2593.559398
343.28607,72,2595.909796
351.55594,67,2598.556302
607.08417,133,2604.320984
436.81012,83,2607.404825
599.0606,117,2611.483713
955.5144,189,2618.756994
560.2615,106,2622.323811
814.91797,173,2628.101177
801.839,181,2631.893156
501.13202,97,2633.868603
819.3822,162,2638.82914
493.83878,92,2642.324155
633.01855,144,2646.924676
691.734,134,2651.58513
981.4878,220,2659.584341
542.2179,120,2663.996941
690.8774,141,2668.900898
530.023,99,2672.41349
623.9,138,2678.046822
568.5673,118,2681.575076
404.00745,82,2684.423402
647.80615,134,2688.682575
446.9713,90,2691.29985
530.32794,109,2694.340791
658.4566,130,2698.690891
422.59784,79,2701.685358
661.3127,123,2705.93616
684.08124,145,2710.42479
708.31854,145,2715.260544
810.19855,171,2720.404988
671.0455,141,2724.666269
575.14557,106,2727.952668
614.409,115,2731.526272
595.1342,110,2735.425689
669.52985,124,2740.226615
822.607,169,2745.574786
531.1004,97,2748.008862
794.1469,166,2751.428181
390.6794,88,2753.257989
628.8353,119,2755.747657
619.8039,128,2760.635173
618.60223,113,2765.278421
574.97015,108,2768.948236
577.4263,108,2773.038448
562.92706,119,2777.771738
708.895,150,2783.191328
638.1416,120,2787.170016
604.1541,120,2791.430198
482.42462,98,2795.022771
651.4942,147,2800.1598
607.1551,114,2804.487918
494.42422,91,2807.240622
625.7529,131,2810.310379
484.51376,89,2812.299178
636.02997,119,2815.190374
679.25934,135,2820.52717
748.7023,138,2825.373414
566.4037,118,2829.277057
632.3929,118,2832.99251
557.6561,103,2837.061337
356.4015,73,2839.922372
740.68115,159,2844.316881
575.3021,106,2847.057514
743.5933,159,2851.73582
595.08215,122,2855.010978
843.7172,164,2859.987183
991.9948,216,2866.887167
540.80286,101,2870.000064
640.84314,127,2873.406099
690.3428,152,2877.652604
742.5568,141,2882.537821
594.0849,109,2885.620776
613.5834,118,2889.768525
1309.1399,259,2898.744286
529.82806,113,2902.418048
669.6914,124,2906.997053
726.5149,162,2912.498931
358.9797,75,2915.16644
608.55597,113,2919.48868
903.855,173,2925.69892
580.4062,125,2930.263659
763.18933,147,2935.584683
1177.2961,246,2944.31584
747.3788,143,2949.496015
850.61395,162,2954.972971
693.44116,129,2960.88475
581.0271,108,2965.158571
450.15494,86,2968.118856
447.33472,86,2971.540488
841.68427,162,2977.029984
791.1628,170,2982.167763
583.9778,119,2985.952084
640.80676,124,2989.911053
509.81805,96,2993.636146
460.56937,83,2997.030336
486.1054,102,3000.33131
699.48804,130,3004.897772
744.46906,161,3011.297063
493.9759,92,3014.604483
647.7002,137,3019.512064
692.4007,129,3023.83481
995.1194,215,3032.305265
896.1972,187,3039.410105
579.9457,111,3043.082564
785.02454,174,3049.440559
508.45087,102,3052.678317
845.7865,170,3058.522764
565.2258,130,3063.659147
625.152,141,3068.33418
542.12854,104,3072.999462
749.5492,143,3077.678807
628.7564,123,3081.707215
438.22232,85,3084.614172
520.0779,110,3088.48882
474.41223,92,3092.011977
1017.0212,195,3098.859148
677.92346,148,3104.571541
647.28314,141,3109.812241
494.13574,109,3113.250001
627.53656,118,3118.029405
537.9123,104,3122.421229
934.3669,177,3129.52143
670.13617,148,3135.361563
571.9693,106,3138.788947
697.98737,133,3143.363117
958.6006,186,3149.06342
507.5896,93,3152.949399
678.9869,132,3158.463627
364.5122,76,3161.415811
572.4402,109,3165.20825
530.42926,118,3169.281693
535.00696,115,3173.702911
664.1376,125,3178.167618
682.5448,142,3182.947811
721.3805,139,3188.469464
904.49915,175,3194.920094
1021.84985,197,3202.356704
601.1854,112,3206.041811
553.28735,121,3211.109373
861.6453,169,3217.207145
930.3429,184,3223.83445
519.77234,102,3227.397359
660.174,128,3233.38373
781.23083,147,3238.369653
587.21716,109,3242.580754
503.26556,96,3246.403959
738.52966,145,3252.197252
897.61127,174,3260.175881
854.6917,190,3267.291794
441.7877,95,3269.864185
538.1265,104,3273.09832
751.0206,165,3278.827402
934.34106,183,3285.106672
673.0924,132,3290.48364
748.23627,167,3296.287343
541.0116,115,3300.77957
536.75476,118,3305.065559
687.5204,128,3308.98687
847.9413,162,3314.28494
1057.5817,205,3322.34849
805.8413,173,3330.301059
687.3604,133,3335.533578
798.69006,156,3342.073709
610.3595,118,3346.801542
466.2063,101,3351.091109
537.6638,104,3355.124577
471.17136,101,3358.240412
956.47815,184,3365.660163
1287.1406,255,3374.507875
509.30063,113,3379.290951
759.7332,146,3384.672793
595.3981,133,3389.524072
1014.925,198,3395.435299
572.94324,124,3399.34523
573.0019,110,3402.517158
1072.068,232,3409.758981
651.1764,121,3413.44521
592.4535,114,3420.838166
884.8666,171,3426.18387
702.0654,134,3430.38438
699.92535,134,3434.55759
595.6272,120,3437.854179
747.642,170,3443.839548
687.69446,151,3448.961162
503.74716,111,3452.72347
1596.8657,338,3463.155226
493.2144,95,3466.590175
575.1648,127,3470.215784
933.3766,189,3475.934711
780.17487,153,3481.420726
606.60333,132,3485.276344
1018.92395,204,3491.641185
939.1335,183,3496.030995
734.8664,145,3499.121718
952.5367,178,3502.848723
644.7954,144,8080.878211
693.69305,153,8086.106485
548.1795,121,8089.775789
1590.122,332,8101.304083
630.85223,120,8105.728179
517.7666,100,8109.234556
497.75314,110,8112.943424
430.4576,95,8116.212566
742.6764,170,8122.143184
859.73926,165,8128.277069
501.41565,111,8131.664609
648.8541,123,8136.788702
752.4223,160,8143.661443
807.8534,168,8149.224846
945.4305,180,8155.514656
554.59784,107,8158.921362
644.76416,143,8163.749343
793.50775,155,8168.873291
1488.6674,312,8178.540053
1605.6923,316,8189.825264
1104.7971,219,8197.550893
425.76096,84,8200.894296
827.26624,157,8205.063365
721.65076,136,8208.746582
817.0968,153,8213.139438
1110.2784,218,8220.515579
727.735,160,8225.426617
1191.8286,247,8233.342664
864.15955,164,8238.224199
1119.0273,220,8246.134888
599.05225,130,8250.809299
568.9669,123,8255.232558
789.48773,151,8260.040759
739.83594,139,8264.215159
1003.67816,191,8270.898988
782.26355,150,8276.743839
423.01254,79,8279.661053
690.70905,146,8284.182568
1592.6714,331,8296.443315
827.9412,178,8301.326253
702.63007,149,8305.591859
832.31696,154,8310.54269
585.9374,124,8314.09804
1172.6769,231,8321.877954
812.8773,158,8326.420412
354.88177,72,8329.188959
563.4885,113,8333.56877
497.26212,107,8337.516975
635.9271,120,8341.318584
758.71643,155,8345.894014
603.18365,117,8349.212267
1330.145,254,8356.520551
460.27112,93,8358.968432
1137.7155,242,8366.437718
537.29724,103,8369.690706
970.67816,188,8375.735158
427.2036,89,8378.885805
831.43494,170,8385.002643
698.3011,131,8389.669256
564.50073,112,8393.07706
457.36508,102,8396.894569
390.02298,79,8399.113541
512.30444,117,8402.822082
831.0851,167,8408.80803
643.72815,127,8412.715089
838.75385,178,8418.728875
517.1865,99,8422.205528
629.81506,128,8425.865583
595.56866,126,8429.63459
515.2583,106,8433.019474
845.28406,167,8439.193699
1271.221,255,8447.232142
906.645,184,8453.951445
690.63763,138,8458.82244
553.1932,123,8463.037534
801.1166,151,8468.101913
625.9578,126,8472.411637
670.3338,127,8476.650163
746.48706,161,8482.629224
508.79382,106,8486.278662
830.12976,180,8491.277677
933.31573,191,8497.544268
743.0695,141,8501.843641
1131.8762,223,8508.183191
1279.4618,250,8516.619853
1056.7112,205,8523.103025
1266.3029,248,8531.980022
1349.0491,289,8541.77317
1429.8934,289,8549.980739
2003.8274,399,8563.259079
1971.4213,392,8575.60463
906.997,187,8581.60745
1493.1305,293,8593.421827
1088.4158,210,8600.549629
811.9606,161,8606.346543
827.5181,158,8612.221454
525.85944,100,8615.155183
867.0298,175,8621.154677
723.7528,139,8626.010783
833.65,162,8631.986992
596.59143,111,8636.010769
721.42267,152,8641.444975
665.2594,130,8645.372685
583.8575,119,8648.705373
1825.4865,365,8659.783251
852.94635,174,8665.966827
983.6084,192,8673.042891
1066.2676,214,8680.70676
950.45154,188,8687.155204
595.7839,123,8691.802957
1329.8712,264,8700.718038
752.6933,144,8706.02677
643.33575,123,8710.358827
588.56213,115,8713.913728
652.51776,126,8718.593003
711.5953,132,8723.169528
500.39673,97,8727.192696
896.0254,193,8733.841798
1198.8313,232,8741.693626
1080.2648,213,8748.912503
1556.9652,307,8759.919378
964.0053,201,8767.473073
654.6421,143,8772.603047
786.46027,160,8779.155946
1061.7072,206,8786.574673
602.7116,111,8790.424491
562.53864,115,8793.963963
684.1711,152,8799.830859
1582.3467,322,8812.288714
1015.45905,214,8818.732015
1226.088,259,8828.211547
789.6027,172,8834.463643
1165.6613,251,8844.280682
576.7602,111,8848.897683
813.1096,172,8856.990918
1214.5148,247,8866.155807
931.55676,181,8873.410626
1037.6052,199,8880.243205
1048.3079,209,8889.180252
1201.4177,256,8900.566237
495.9277,96,8904.200682
1194.0809,228,8913.133943
1366.9843,264,8923.261068
691.36884,132,8926.932903
546.4226,101,8931.123176
654.6806,144,8936.2302
1400.4122,278,8946.058289
1086.9811,216,8954.381696
1535.475,305,8963.50339
575.81085,111,8967.747207
977.40216,194,8974.344752
1502.5409,297,8984.973484
637.98627,120,8988.457489
791.6381,178,8994.767399
679.906,135,8999.247035
1128.0907,229,9006.537622
2045.7994,407,9021.443016
699.5547,138,9026.039569
2143.4822,442,9041.725485
636.32825,122,9045.726806
1164.409,236,9053.731962
547.3352,121,9058.79239
1049.9839,207,9066.036784
2486.72,502,9083.566374
1483.9409,294,9093.901563
1588.4941,327,9105.121691
543.0683,116,9108.282475
1080.6635,216,9115.456054
2912.3638,603,9137.825089
1152.448,242,9146.333776
608.6385,131,9151.060912
2130.3694,423,9165.348779
735.22504,139,9170.347072
1289.8545,277,9181.577867
865.0121,170,9187.682095
1819.2054,363,9200.810314
626.9853,120,9205.026541
1069.399,216,9212.829367
1521.547,313,9224.562405
1199.4541,235,9233.348922
796.17053,154,9239.281536
1035.3202,203,9246.102444
1211.0421,239,9255.07474
1687.3079,341,9267.392032
990.1173,191,9272.888813
931.5873,186,9279.376579
1152.5812,226,9287.288211
437.95593,98,9290.619199
1669.7446,329,9302.66634
653.0218,142,9307.974097
572.7061,132,9312.440973
922.6697,184,9320.314415
1171.5614,236,9329.255818
1241.5356,253,9336.822578
1029.2635,199,9344.049174
2487.0872,497,9362.238887
726.6663,143,9367.316028
951.38947,184,9375.252576
797.9442,162,9381.785936
2524.785,527,9402.541193
2212.9978,442,9422.426661
911.59015,177,9428.9329
973.2685,189,9439.033518
1342.3385,286,9452.482683
1106.3175,216,9461.468399
1029.4652,199,9470.023567
651.1717,131,9474.70484
1771.4401,358,9488.284729
1383.051,263,9498.983236
1069.8773,211,9506.340064
1162.7324,230,9515.961947
990.0857,194,9523.138377
2193.0288,424,9539.856002
2127.8037,429,9556.737714
1696.5427,333,9567.652714
809.37415,170,9573.967232
851.89954,166,9580.788088
1281.7421,253,9590.727461
1976.839,415,9605.875596
1440.2567,300,9617.99724
873.02405,165,9625.571656
1321.9371,261,9635.011861
824.58563,156,9640.898166
1257.4952,252,9650.492143
1796.553,362,9664.396901
822.5112,159,9670.502351
830.1988,154,9675.832335
2875.177,577,9697.943919
964.90314,201,9705.584735
1353.8175,274,9716.530618
722.987,141,9722.370334
802.2988,167,9728.379636
876.8397,168,9734.360166
1256.3464,242,9742.842668
1222.3916,262,9753.657929
551.55255,123,9758.248337
815.66565,159,9764.520874
908.4373,175,9771.255521
828.474,176,9777.91549
805.531,166,9784.394755
480.66263,110,9788.922652
647.74506,137,9795.315787
1568.9156,315,9808.822378
1110.5372,217,9817.383189
2450.0498,487,9836.565697
1099.7529,219,9844.883109
1226.0625,272,9855.771251
1967.2773,409,9871.447864
959.11395,184,9879.000186
657.3835,151,9885.287496
790.90045,159,9891.880419
1343.3125,273,9903.407992
1591.5415,309,9916.89303
706.28827,152,9922.990042
1534.0974,326,9934.480123
2003.8914,398,9949.725452
1579.4077,314,9960.676862
1656.1133,360,9972.681903
1032.1572,204,9980.131692
992.62573,195,9986.980821
2136.044,425,10003.04898
865.90155,188,10008.690695
615.4012,125,10013.122637
1150.7944,248,10021.993695
2498.3342,506,10043.065542
853.4267,173,10049.598877
1390.275,295,10061.704692
1034.9609,198,10070.276534
996.85864,199,10078.197123
1329.2162,271,10089.388663
2483.5237,497,10110.079802
687.19714,142,10115.707168
1712.415,339,10129.765838
1868.9011,393,10144.078108
1018.05273,200,10152.270374
2961.1704,594,10175.638028
1237.9615,264,10186.127102
1436.1504,291,10198.299353
2252.5144,450,10215.581282
835.4708,157,10221.915391
3063.4336,622,10244.382358
895.6364,198,10250.902492
1766.9417,346,10261.889281
1006.1743,199,10269.375019
804.8021,158,10275.409928
1386.3547,285,10284.822706
633.8212,143,10288.861844
2777.0015,580,10306.577629
4362.003,884,10336.2524
859.4814,187,10343.964183
1377.4908,293,10355.552217
1375.0991,297,10368.250065
2517.5146,526,10388.37819
1130.0691,242,10397.302388
1978.155,413,10411.309534
932.5782,189,10417.498538
1601.7054,321,10429.659343
3342.897,665,10454.486614
446.3047,86,10457.991995
1274.5033,253,10467.950006
1897.4125,376,10484.045995
1350.3301,265,10493.493103
2132.3325,417,10507.176273
1009.8677,198,10512.944616
